<?xml version="1.0"?>
<assets base_path="assets/" load="startup">
		<group name="guis/textures/vhud/" path="assets/">
			<group :name="misc/" :path="misc/">
				<file :name="camera_alerted.texture" :path="camera_alerted.texture"/>
				<file :name="camera_curious.texture" :path="camera_curious.texture"/>
				<file :name="civilian_alerted.texture" :path="civilian_alerted.texture"/>
				<file :name="civilian_curious.texture" :path="civilian_curious.texture"/>
				<file :name="civilian_subdued.texture" :path="civilian_subdued.texture"/>
				<file :name="custom_effect.texture" :path="custom_effect.texture"/>
				<file :name="guard_alerted.texture" :path="guard_alerted.texture"/>
				<file :name="guard_curious.texture" :path="guard_curious.texture"/>
				<file :name="weapon_charge.texture" :path="weapon_charge.texture"/>
			</group>
			<group :name="drivinghud/" :path="drivinghud/">
				<file :name="legend.texture" :path="legend.texture"/>

				<file :name="bike.texture" :path="bike.texture"/>
				<file :name="blackhawk.texture" :path="blackhawk.texture"/>
				<file :name="boat.texture" :path="boat.texture"/>
				<file :name="falcogini.texture" :path="falcogini.texture"/>
				<file :name="forklift.texture" :path="forklift.texture"/>
				<file :name="longfellow.texture" :path="longfellow.texture"/>
				<file :name="truck.texture" :path="truck.texture"/>
				<file :name="golfcart.texture" :path="golfcart.texture"/>
			</group>
		</group>
</assets>