{
	"menu_jowi" : "Wick",
	"hud_int_hold_grab_the_bag" : "Przytrzymaj $INTERACT; by podnieść $BAG",

	"wolfhud_dialog_force_start_title" : "Czy wymusić start?",
	"wolfhud_dialog_force_start_desc" : "Czy jesteś pewien by wymusić start?\n\nUżyj tego wyłącznie przy zbugowanych lobby, lub gdy gracz AFczy.\nUpewnij się, że wszyscy mieli dosyć czasy by wybrać uzbrojenie.",
	"wolfhud_dialog_install_title" : "Instaluj: $NAME",
	"wolfhud_dialog_install_desc" : "Czy chcesz zainstalować '$NAME'?",
	"wolfhud_dialog_remind_later" : "Spytaj później",
	"wolfhud_dialog_install_fed_inv_desc" : "Federal Inventory is an override mod, that gives you colorized icons for your weapons masks and deployables.\nIt looks great in when used with CustomHUD and will use BLTs Updater.",
	"wolfhud_dialog_rename_inv_tab" : "Zmień nazwę Inwentarza",
	"wolfhud_dialog_rename_inv_tab_desc" : "Wybierz nową nazwę dla strony Inwentarza.",
	"wolfhud_dialog_save" : "Zapisz",
	"woldhud_notification_disabled_override_title" : "VHUDPlus: $NAME jest wyłączony.",
	"woldhud_notification_disabled_override_desc" : "Jeśli zmienisz zdanie, kliknij tutaj by być pytanym ponownie.",
	"woldhud_notification_restart_override_title" : "VHUDPlus: $NAME jest gotowy do instalacji.",
	"woldhud_notification_restart_override_desc" : "Zrestartuj grę aby pobrać.",

	"wolfhud_int_locked" : "WCIŚNIJ $BTN_CANCEL ABY PRZERWAĆ",
	"wolfhud_int_locked_pager" : "WCIŚNIJ $BTN_CANCEL BY PRZERWAĆ\n(URUCHOMI ALARM)",

	"wolfhud_buy_all_assets" : "Zakup wszystko",
	"wolfhud_buy_all_assets_desc" : "Kupuje całość możliwego zestawu szpeju na misję.",

	"wolfhud_preplanning_save" : "Zapisz Plan",
	"wolfhud_preplanning_load" : "Wczytaj Plan",
	"wolfhud_preplanning_reset" : "Resetuj Plan",
	"wolfhud_preplanning_reset_all" : "Resetuj Wszystko",
	"wolfhud_preplanning_delete" : "Usuń Plan",
	"wolfhud_preplanning_save_tooltip_title" : "Zapisz obecny plan:",
	"wolfhud_preplanning_save_tooltip_desc" : "Zapisz swój obecny plan i miej łatwiejszy podczas następnego podejścia.",
	"wolfhud_preplanning_load_tooltip_title" : "Wczytaj ostatni plan:",
	"wolfhud_preplanning_load_tooltip_desc" : "Otwiera menu ze wszystkimi zapisanymi planami.",
	"wolfhud_preplanning_reset_tooltip_title" : "Resetuj obecny plan:",
	"wolfhud_preplanning_reset_tooltip_desc" : "Usuwa wszystkie twoje zasoby z obecnego planu, a także twoje głosy.",
	"wolfhud_preplanning_reset_all_tooltip_title" : "Resetuj plan:",
	"wolfhud_preplanning_reset_all_tooltip_desc" : "Usuwa wszystkie zasoby z obecnego planu, jak również Twoje głosy.",
	"wolfhud_preplanning_delete_tooltip_title" : "Usuń zapisany plan",
	"wolfhud_preplanning_delete_tooltip_desc" : "Wyczyść swoje zapisane plany i usuń wszelkie plany dotyczące bieżącej misji.",
	"wolfhud_preplanning_manager_title" : "Zarządzanie planowaniem",
	"wolfhud_preplanning_error_no_saved_plans" : "Nie znaleziono zapisanych planów.",
	"wolfhud_preplanning_error_max_plans_reached" : "Osiągnięto maksymalną ilość zapisanych planów.",
	"wolfhud_preplanning_votes_title" : "Głosy:",
	"wolfhud_preplanning_assets_title" : "Zasoby:",
	"wolfhud_preplanning_dialog_save" : "Zapisać?",
	"wolfhud_preplanning_dialog_save_desc" : "$PLAN\n\n\nWpisz nazwę dla planu\n(Użycie istniejącej nazwy spowoduje nadpisanie tego planu.)",
	"wolfhud_preplanning_dialog_delete" : "Usunąć?",
	"wolfhud_preplanning_dialog_delete_desc" : "Czy na pewno chcesz usunąć plan '$NAME'?",
	"wolfhud_preplanning_msg_saved_success" : "Obecny plan został zapisany pomyślnie",
	"wolfhud_preplanning_msg_saved_failed" : "Wystąpił błąd podczas zapisywania planu",
	"wolfhud_preplanning_msg_no_save_slot" : "Osiągnięto maksymalną ilość zapisanych planów",
	"wolfhud_preplanning_msg_no_current_plan" : "Nie masz nic zaplanowanego, co można by zapisać",
	"wolfhud_preplanning_msg_loaded_success" : "Plan został wczytany pomyślnie",
	"wolfhud_preplanning_msg_loaded_failed" : "Wystąpił błąd podczas ładowania planu",
	"wolfhud_preplanning_msg_loaded_partitially" : "Plan został częściowo wczytany: $ERRORMSG",
	"wolfhud_preplanning_msg_loaded_missing_skill" : "Brak umiejętności",
	"wolfhud_preplanning_msg_loaded_missing_favours" : "Za mało przysług",
	"wolfhud_preplanning_msg_loaded_missing_money" : "Za mało pieniędzy",
	"wolfhud_preplanning_msg_reseted_success" : "Aktualny reset planu",
	"wolfhud_preplanning_msg_reseted_failed" : "Wystąpił błąd podczas resetowania bieżącego planu",
	"wolfhud_preplanning_msg_deleted_success" : "Plan został pomyślnie usunięty",
	"wolfhud_preplanning_msg_deleted_failed" : "Wystąpił błąd podczas usuwania zapisanego planu",
	"wolfhud_preplanning_msg_folder_creation_failed" : "Nie udało się utworzyć folderu: $FOLDER \nUpewnij się, że gra ma wymagane uprawnienia lub stwórz go ręcznie",
	"wolfhud_preplanning_msg_file_creation_failed" : "Nie udało się utworzyć pliku: $FILE \nUpewnij się, że gra ma wymagane uprawnienia lub stwórz go ręcznie",

	"wolfhud_inv_tab_rename_hint" : "Kliknij dwukrotnie by zmienić nazwę",

	"wolfhud_loadout_hours_played" : "$HOURS godz.",

    "wolfhud_profile_switch_title" : "Przełącz profile",
    "wolfhud_profile_switch_title_profiles" : "Profil:",

	"victory_most_damage" : "Największe zniszczenia:",
	"victory_session_damage" : "Łączne zniszczenia:",

	"wolfhud_advassault_phase_title" : "Faza natarcia: ",
	"wolfhud_advassault_spawns_title" : "Pozostało spawnów: ",
	"wolfhud_advassault_time_title" : "Pozostały czas: ",
	"wolfhud_advassault_phase_anticipation" : "Anticipation",
	"wolfhud_advassault_phase_build" : "Zbiórka",
	"wolfhud_advassault_phase_sustain" : "Kontynuacja",
	"wolfhud_advassault_phase_fade" : "Wygaszanie",
	"wolfhud_advassault_time_overdue" : "Spóźnienie",
	"wolfhud_locked_assault" : "Bezkresny nalot policyjny!!!  Wydostań się stąd jak najprędzej!!!",

	"wolfhud_customhud_interaction_done" : "UKOŃCZONO",
	"wolfhud_customhud_interaction_aborted" : "PRZERWANO",

	"wolfhud_hudlist_device_timer" : "Licznik",
	"wolfhud_hudlist_device_drill" : "Wiertło",
	"wolfhud_hudlist_device_hack" : "Hack",
	"wolfhud_hudlist_device_saw" : "Piła",
	"wolfhud_hudlist_device_security" : "Hacki",
	"wolfhud_hudlist_device_security_bar" : "Hack $CURRENT/$TOTAL",
	"wolfhud_hudlist_loot_armor" : "Pancerz",
	"wolfhud_hudlist_loot_bomb" : "Bomba",
	"wolfhud_hudlist_loot_weapon" : "Broń",
	"wolfhud_hudlist_loot_diamond" : "Diament",
	"wolfhud_hudlist_loot_evidence" : "Dowód",
	"wolfhud_hudlist_loot_toast" : "Tost",
	"wolfhud_hudlist_loot_crate" : "Skrzynia",
	"wolfhud_hudlist_loot_toothbrush" : "Szczoteczka",
	"wolfhud_hudlist_loot_bag" : "Torba",
	"wolfhud_hudlist_loot_shoes" : "Buty",
	"wolfhud_hudlist_loot_toy" : "Zabawka",
	"wolfhud_hudlist_loot_vr" : "Słuchawki",
	"wolfhud_hudlist_showcase" : "Walizja",

	"wolfhud_hudlist_buff_basic" : "Podstawowy",
	"wolfhud_hudlist_buff_aced" : "Wymaksowany",
	"wolfhud_hudlist_buff_boost" : "Zwiększony",
	"wolfhud_hudlist_buff_revive" : "Podniesienie",
	"wolfhud_hudlist_buff_crew_inspire_debuff" : "Podniesienie (AI)",
	"wolfhud_hudlist_buff_dmg_inc" : "+Obr",
	"wolfhud_hudlist_buff_dmg_dec" : "-Obr",
	"wolfhud_hudlist_buff_mdmg_inc" : "+M.Obr",
	"wolfhud_hudlist_buff_phealth_reg" : "+HP",
	"wolfhud_hudlist_buff_tot_dodge" : "%Unik",

	"wolfhud_tabstats_total_damage" : "Łączne zniszczenia:",
	"wolfhud_tabstats_tanks_killed" : "Buldożerzy zabici:",
	"wolfhud_tabstats_cloakers_killed" : "Cloakerzy zabici:",
	"wolfhud_tabstats_shields_killed" : "Tarczownicy zabici:",
	"wolfhud_tabstats_snipers_killed" : "Snajperzy zabici:",
	"wolfhud_tabstats_tasers_killed" : "Taserzy zabici:",
	"wolfhud_tabstats_gensec_killed" : "GENSEC zabici:",
	"wolfhud_tabstats_medic_killed" : "Medycy zabici:",
	"wolfhud_tabstats_melee_kills" : "Zabici bronią białą:",
	"wolfhud_tabstats_explosion_kills" : "Zabici ekspozją:",
	"wolfhud_tabstats_nonspecial_kills" : "Niespecjalne zabójstwa:",
	"wolfhud_tabstats_total_revives" : "Łączne podniesienia (P/AI):",
	"wolfhud_tabstats_alltime_stat" : "Łącznie:",

	"wolfhud_enemy_civilian" : "Cywil",
	"wolfhud_enemy_gangster" : "Gangster",
	"wolfhud_enemy_biker" : "Spaliniarz",
	"wolfhud_enemy_bolivian_security" : "Ochrona Sosy",
	"wolfhud_enemy_bolivian_thug" : "Zbir Sosy",
	"wolfhud_enemy_mobster" : "Ruski gangus",
	"wolfhud_enemy_security" : "Strażnik",
	"wolfhud_enemy_gensec" : "Jednostka GENSEC",
	"wolfhud_enemy_cop" : "Policjant",
	"wolfhud_enemy_fbi" : "Jednostka FBI",
	"wolfhud_enemy_swat" : "Jednostka SWAT",
	"wolfhud_enemy_heavy_swat" : "Ciężki SWAT",
    "wolfhud_enemy_heavy_swat_sniper" : "Ciężki snajper SWAT",
	"wolfhud_enemy_city_swat" : "Jednostka Elitarna",
	"wolfhud_enemy_shield" : "Tarczownik",
	"wolfhud_enemy_spook" : "Cloaker",
	"wolfhud_enemy_shadow_spook" :"Przyczajony Cloaker",
	"wolfhud_enemy_taser" : "Taser",
	"wolfhud_enemy_sniper" : "Snajper",
	"wolfhud_enemy_medic" : "Medyk",
	"wolfhud_enemy_tank" : "Buldożer",
	"wolfhud_enemy_tank_hw" : "Bezgłowy Dożer",
	"wolfhud_enemy_tank_medic" : "Dożer Medyk",
	"wolfhud_enemy_tank_mini" : "Dożer z Minigunem",
	"wolfhud_enemy_phalanx_minion" : "Tarczownik Wintersa",
	"wolfhud_enemy_phalanx_vip" : "Kapitan Winters",
	"wolfhud_enemy_swat_van" : "WIEŻYCZKA SWAT",
	"wolfhud_enemy_ceiling_turret" : "WIEŻYCZKA",
	"wolfhud_enemy_aa_turret" : "P-lotka",
	"wolfhud_enemy_crate_turret" : "Wieżyczka",
	"wolfhud_enemy_sentry_gun" : "Działko",
	"wolfhud_enemy_mobster_boss" : "Komissarz",
	"wolfhud_enemy_chavez_boss" : "Chavez",
	"wolfhud_enemy_druglord_boss" : "Szef Sosy",
	"wolfhud_enemy_druglord_boss_stealth" : "Szef Sosy",
	"wolfhud_enemy_biker_boss" : "Szef spaliniarzy",
	"wolfhud_enemy_bank_manager" : "Kierownik Banku",
	"wolfhud_enemy_dah_ralph" : "Ralph Garnet",
	"wolfhud_enemy_inside_man" : "Wtyka",
	"wolfhud_enemy_escort_undercover" : "Księgowy",
	"wolfhud_enemy_escort_heatstreet" : "Matt",
	"wolfhud_enemy_escort_chinese_prisoner" : "Kazo",
	"wolfhud_enemy_escort_cfo" : "Garnett CFO",
	"wolfhud_enemy_escort_reservoirdogs" : "Pan Różowy",
	"wolfhud_enemy_escort_bain_locke" : "Locke / Bain",
	"wolfhud_enemy_drunk_pilot" : "Pilot pijok",
	"wolfhud_enemy_escort" : "Eskorta",
	"wolfhud_enemy_boris" : "Boris",
	"wolfhud_enemy_spa_vip" : "Charon",
	"wolfhud_enemy_spa_vip_hurt" : "Charon (Hurt)",
	"wolfhud_enemy_old_hoxton_mission" : "Hoxton",
	"wolfhud_enemy_locke_mission" : "Locke",
	"wolfhud_enemy_hector_boss" : "Uzbrojony Hector",
	"wolfhud_enemy_hector_boss_no_armor" : "Hector",
	"wolfhud_enemy_reservoirdogs" : "Pan Blondyn",
	"wolfhud_enemy_crew" : "Członek Ekipy",
	"wolfhud_enemy_butler" : "Aldstone",
	"wolfhud_enemy_vlad" : "Vlad",
	"wolfhud_enemy_kento" : "Kento",

	"wolfhud_enemy_boom" : "Grenadier",
	"wolfhud_enemy_omnia_lpf" : "OMNIA L.P.F.",
	"wolfhud_enemy_summers" : "Kapitan Summers",
	"wolfhud_enemy_boom_summers" : "Burmistrz Molly",
	"wolfhud_enemy_taser_summers" : "Inżynier Electrika",
	"wolfhud_enemy_medic_summers" : "Sierżant Doc",
	"wolfhud_enemy_spring" : "Kapitan Spring",
	"wolfhud_enemy_fbi_vet" : "Weteran policyjny",

	"wolfhud_multiselect_all" : "Wszystko",
	"wolfhud_multiselect_none" : "Nic",
	"wolfhud_multiselect_disabled" : "Wyłączony",
	"wolfhud_multiselect_random" : "Losowy",
	"wolfhud_multiselect_left" : "Lewo",
	"wolfhud_multiselect_center" : "Środek",
	"wolfhud_multiselect_right" : "Prawo",

	"wolfhud_colors_white"  : "Biały",
	"wolfhud_colors_light_yellow"  : "Jasna żółć",
	"wolfhud_colors_light_orange"  : "Jasny pomarańcz",
	"wolfhud_colors_light_red"  : "Jasna czerwień",
	"wolfhud_colors_light_purple"  : "Jasny fiolet",
	"wolfhud_colors_light_green"  : "Jasna zieleń",
	"wolfhud_colors_light_blue"  : "Jasny niebieski",
	"wolfhud_colors_light_gray" : "Jasny szary",
	"wolfhud_colors_yellow"  : "Żółć",
	"wolfhud_colors_orange"  : "Pomarańcz",
	"wolfhud_colors_red" : "Czerwień",
	"wolfhud_colors_purple" : "Fiolet",
	"wolfhud_colors_green" : "Zieleń",
	"wolfhud_colors_blue" : "Niebieski",
	"wolfhud_colors_gray" : "Szarość",
	"wolfhud_colors_black" : "Czerń",
	"wolfhud_colors_rainbow" : "Tęcza",

	"wolfhud_options_name" : "Ustawienia VanillaHUD Plus",
	"wolfhud_options_help" : "Dostosuj VanillaHUD Plus do twoich wymagań.",

	"wolfhud_language_title" : "Język",
	"wolfhud_language_desc" : "Wybierz język dla VHUDPlus.\n(Restart mapy jest wymagany...)",

	"wolfhud_languages_english" : "Angielski",
	"wolfhud_languages_german" : "Niemiecki",
	"wolfhud_languages_dutch" : "Holenderski",
	"wolfhud_languages_french" : "Francuski",
	"wolfhud_languages_italian" : "Włoski",
	"wolfhud_languages_spanish" : "Hiszpański",
	"wolfhud_languages_portuguese" : "Portugalski",
	"wolfhud_languages_polish" : "Polski",
	"wolfhud_languages_russian" : "Rosyjski",
	"wolfhud_languages_chinese" : "Chiński",
	"wolfhud_languages_korean" : "Koreański",

	"wolfhud_skip_blackscreen_title" : "Pomiń czarny ekran",
	"wolfhud_skip_blackscreen_desc" : "Automatycznie pomija czarny ekran z nazwą misji przy jej rozpoczęciu.\n(Tylko dla hosta)",
	"wolfhud_instant_restart_title" : "Błyskawiczny restart",
	"wolfhud_instant_restart_desc" : "Pomija pięciosekundowy czas oczekiwania na restart.\n(Tylko dla hosta)",
	"wolfhud_stat_screen_speedup_title" : "Przyspieszenie ekranu statystyk",
	"wolfhud_stat_screen_speedup_desc" : "Automatyczne przyspieszenie liczenia doświadczenia, bez konieczności przytrzymywania spacji.",
	"wolfhud_stat_screen_delay_title" : "Opóźnienie ekranu statystyk",
	"wolfhud_stat_screen_delay_desc" : "Trwa X sekund, po tym jak twój EXP został podliczony..\n(Tylko dla hosta, 0 = wyłączony) ",
	"wolfhud_loot_screen_pick_card_title" : "Wybierz kartę automatycznie",
	"wolfhud_loot_screen_pick_card_desc" : "Automatycznie wybieraj kartę, gdy wyświetlany jest ekran łupów.",
	"wolfhud_loot_screen_pick_specific_card_title" : "Wybór karty",
	"wolfhud_loot_screen_pick_specific_card_desc" : "Określ, która karta ma być wybrana automatycznie (z lewej, z prawej, ze środka).",
	"wolfhud_loot_screen_delay_title" : "Opóźnienie ekranu kart",
	"wolfhud_loot_screen_delay_desc" : "Odczekuje X sekund po otrzymaniu łupu.\n(Tylko dla hosta, 0 = wyłączony)",
	"wolfhud_replace_weapon_names_title" : "Prawdziwe nazwy broni",
	"wolfhud_replace_weapon_names_desc" : "Zmienia nazwy broni na ich prawdziwe odpowiedniki.\n(Restart mapy jest wymagany...)",
	"wolfhud_inventory_tab_names_title" : "Użyj Nazw Ekwipunku",
	"wolfhud_inventory_tab_names_desc" : "Dostosuj swoje nazwy ekwipunku.\n(Zmiana nazw poprzez edycję '/mods/saves/WolfHUD_InventoryNames.txt')",
	"wolfhud_inventory_names_title" : "Pokaż Nazwy Ekwipunku",
	"wolfhud_inventory_names_desc" : "Pokaż nazwy twoich broni, pancerzy, broni rzucanych, itp. w ekwipuneku.",
	"wolfhud_skill_names_title" : "Pokaż nazwy umiejętności",
	"wolfhud_skill_names_desc" : "Zawsze pokazuj nazwy umiejętności w widoku drzewka.",
	"wolfhud_show_mini_icons_title" : "Zawsze pokazuk Mini-Ikony",
	"wolfhud_show_mini_icons_desc" : "Zawsze pokazuj ikony modów wszystkich broni, a nie tylko wybranej.",
	"wolfhud_no_slowmotion_title" : "Bez efektu spowolnienia",
	"wolfhud_no_slowmotion_desc" : "Wyłącz spowolnienie podczas zakładania maski lub powalenia przez NPC.",
	"wolfhud_reset_options_title" : "Resetuj ustawienia",
	"wolfhud_reset_options_desc" : "Przywrócenie wszystkich ustawień do wartości domyślnych.",
	"wolfhud_reset_options_confirm" : "Czy jesteś pewien, że chcesz przywrócić wszystkie ustawienia do wartości domyślnych?",

	"wolfhud_panels_options_name" : "Opcje główne panelu HUD",
	"wolfhud_panels_options_help" : "Opcje dla wszystkich ogólnych paneli HUD, jak VanillaHUD Extras, Podejrzliwość, Znacznik Obrażeń, DrivingHUD i wiele innych.",

	"wolfhud_use_vanillahud_extras_title" : "VanillaHUD Dodatki",
	"wolfhud_use_vanillahud_extra_desc" : "Dodaje ulepszenia do domyślnego HUDu. \n(Restart mapy jest wymagany...)",
	"wolfhud_adv_assault_title" : "Zaawansowany Baner Natarcia",
	"wolfhud_adv_assault_desc" : "Pokaż fazę natarcia, czas i spawny pozostałe podczas natarcia.\n(Tylko dla hosta)",

	"wolfhud_assault_position_title": "Wyśrodkuj Baner Natarcia",
	"wolfhud_assault_position_desc": "Umieszcza baner natarcia na środku ekranu",
	"wolfhud_mui_assault_fix_title": "Wyłącz zegar podczas natarcia lub w trybie obserwowania",
	"wolfhud_mui_assault_fix_desc": "To powinno być używane z HUDami takimi jak MUI, BL2HUD, WarFrame itp, które modyfikują zegar gry.",

	"wolfhud_pacified_civs_title" : "Pokaż spacyfikowanych cywilów",
	"wolfhud_pacified_civs_desc" : "Zmień punkt orientacyjny niezwiązanych cywilów, podczas gdy są oni pacyfikowani.",
	"wolfhud_use_realammo_title" : "Wyświetl poprawne zliczanie amunicji",
	"wolfhud_use_realammo_desc" : "Pokazuje pozostałą amunicję, nie biorąc pod uwagę nabojów w aktualnym magazynku.",
	"wolfhud_enable_burstmode_title" : "Włączenie tryb strzału",
	"wolfhud_enable_burstmode_desc" : "Włącza tryb strzału dla broni.",

	"wolfhud_playerpanel_options_name" : "Panel Gracza",
	"wolfhud_playerpanel_options_help" : "Ustawienia panelu HUD.",

	"wolfhud_teampanels_options_name" : "Panel kompana",
	"wolfhud_teampanels_options_help" : "Ustawienia dla panelu HUD kompanów.",

	"wolfhud_panels_show_armor_title": "Pokaż licznik pancerza",
	"wolfhud_panels_show_armor_desc": "Pokaż czas do regeneracji pancerza",
	"wolfhud_panels_show_inspire_title": "Show inspire timer",
	"wolfhud_panels_show_inspire_desc": "Show the time of being inspired",
	"wolfhud_panels_show_underdog_title": "Show Underdog Aced Indicator",
	"wolfhud_panels_show_underdog_desc": "Displays a flashing yellow glow when the Underdog Aced skill is activated.",
	"wolfhud_panels_show_hps_meter_title" : "Enable HPS meters",
	"wolfhud_panels_show_hps_meter_desc" : "Enables the heal per second meters",
	"wolfhud_panels_hps_refresh_rate_title" : "Refresh rate",
	"wolfhud_panels_hps_refresh_rate_desc" : "The time to wait between refreshes (in seconds)",
	"wolfhud_panels_show_hps_current_title" : "Pokaż wskaźnik uzdrawiania",
	"wolfhud_panels_show_hps_current_desc" : "Pokazuje twoje aktualne uzdrowienie na sekundę",
	"wolfhud_panels_current_hps_timeout_title" : "Current HPS timeout",
	"wolfhud_panels_current_hps_timeout_desc" : "The time between heals to be added to current measuring (seconds)",
	"wolfhud_panels_show_hps_total_title" : "Show total HPS",
	"wolfhud_panels_show_hps_total_desc" : "Shows your heal per second of the heist day",

	"wolfhud_panels_position_title" : "Pozycja",
	"wolfhud_panels_position_desc" : "Pozioma pozycja panelu HUD.",
	"wolfhud_panels_scale_title" : "Skala",
	"wolfhud_panels_scale_desc" : "Współczynnik skalowania panelu HUD.",
	"wolfhud_panels_oppacity_title" : "Nieprzezroczystość",
	"wolfhud_panels_oppacity_desc" : "Wybierz opcję nieprzezroczystości dla panelu HUD.",
	"wolfhud_panels_show_name_title" : "Pokaż nazwę",
	"wolfhud_panels_show_name_desc" : "Wyświetlanie nazw graczy.",
	"wolfhud_panels_show_rank_title" : "Pokaż poziom",
	"wolfhud_panels_rank_name_desc" : "Pokazuje poziom gracza.",
	"wolfhud_panels_truncate_tags_title" : "Skróć nazwy",
	"wolfhud_panels_truncate_tags_desc" : "Spróbuj skrócić nazwy graczy.",
	"wolfhud_panels_show_char_title" : "Pokaż postać",
	"wolfhud_panels_show_char_desc" : "Pokaż wybraną przez gracza postać.",
	"wolfhud_panels_show_ping_title" : "Pokaż ping",
	"wolfhud_panels_show_ping_desc" : "Pokaż ping pozostałych graczy.",
	"wolfhud_panels_show_status_title" : "Pokaż Status",
	"wolfhud_panels_show_status_desc" : "Pokaż status graczy (zdrowie, pancerz itp.)",
	"wolfhud_panels_condition_icon_color_title" : "Condition Icon Color",
	"wolfhud_panels_condition_icon_color_desc" : "Set the color of the condition icon (downed, in custody, swan song, etc.)",
	"wolfhud_panels_show_equip_title" : "Pokaż ekwipunek",
	"wolfhud_panels_show_equip_desc" : "Pokazuje ekwipunek graczy.",
	"wolfhud_panels_show_special_equip_title" : "Pokaż specjalny ekwipunek",
	"wolfhud_panels_show_special_equip_desc" : "Pokazuje specjalny ekwipunek graczy.",
	"wolfhud_panels_special_equip_rows_title" : "Special Equipment Rows",
	"wolfhud_panels_special_equip_rows_desc" : "Number of Special Equipment Items that get placed in one column.",
	"wolfhud_panels_show_callsign_title" : "Show Callsign",
	"wolfhud_panels_show_callsign_desc" : "Show a callsign for that player.",
	"wolfhud_panels_show_stamina_title" : "Pokaż kondycję",
	"wolfhud_panels_show_stamina_desc" : "Pokazuje koło kondycji opisane na okręgu poziomu zdrowia.",
	"wolfhud_panels_show_downcounter_title" : "Pokaż licznik obezwładnień",
	"wolfhud_panels_show_downcounter_desc" : "Pokazuje licznik obezwładnień graczy. \nLicznik pokazuje twoje obezwładnienia oraz liczbę pozostałych możliwych obezwładnień kolegów z drużyny.",
	"wolfhud_panels_show_carry_title" : "Show Carry",
	"wolfhud_panels_show_carry_desc" : "Show carry information.",
	"wolfhud_panels_build_show_title" : "Pokaż zdolności",
	"wolfhud_panels_build_show_desc" : "Pokazuje zdolności graczy.",
	"wolfhud_panels_build_time_title" : "Wyświetl czas grania ze zdolnościami",
	"wolfhud_panels_build_time_desc" : "Pokazuje czas grania z wybranymi zdolnościami przez X sekund.\n(0 = Always)",
	"wolfhud_panels_weapon_icon_title" : "Ikony Broni",
	"wolfhud_panels_weapon_icon_desc" : "Które ikony broni chcesz zobaczyć?",
	"wolfhud_panels_weapon_name_title" : "Nazwy Broni",
	"wolfhud_panels_weapon_name_desc" : "Czy wyświetlić nazwy broni?",
	"wolfhud_panels_weapon_ammo_title" : "Amunicja",
	"wolfhud_panels_weapon_ammo_desc" : "Tryb wyświetlania amunicji broni.",
	"wolfhud_panels_weapon_firemode_title" : "Tryb pracy broni",
	"wolfhud_panels_weapon_firemode_desc" : "Pokazuje lub ukrywa tryb pracy broni.",
	"wolfhud_panels_hide" : "Ukryj",
	"wolfhud_panels_selected" : "Tylko wybrane",
	"wolfhud_panels_unselected" : "Tylko niewybrane",
	"wolfhud_panels_both" : "Razem",
	"wolfhud_panels_ammo_total" : "Only total Ammo",
	"wolfhud_panels_show_interaction_title" : "Pokaż interakcję graczy",
	"wolfhud_panels_show_interaction_desc" : "Pokazuje interakcję graczy podczas rozgrywki.",
	"wolfhud_panels_show_interaction_number_title" : "Licznik czasu interakcji",
	"wolfhud_panels_show_interaction_number_desc" : "Pokazuje licznik podczas interakcji",
	"wolfhud_panels_show_interaction_text_title" : "Tekst Interakcji",
	"wolfhud_panels_show_interaction_text_desc" : "Pokazuje tekst podczas interakcji",
	"wolfhud_panels_interaction_time_title" : "Minimalny czas interakcji graczy",
	"wolfhud_panels_interaction_time_desc" : "Pokazuje czas interakcji graczy, gdy jest dłuższy niż X sekund.",
	"wolfhud_panels_use_ai_color_title" : "Użyj niestandardowego koloru dla botów",
	"wolfhud_panels_use_ai_color_desc" : "Używa niestandardowego koloru dla nazw botów (Wpływa też na okienka z obrażeniami)",
	"wolfhud_panels_ai_color_title" : "Custom bot color",
	"wolfhud_panels_ai_color_desc" : "Set the custom color to use for the names of bots. (Wpływa też na okienka z obrażeniami))",

	"wolfhud_chat_options_name" : "Opcje czatu",
	"wolfhud_chat_options_help" : "Opcje umożliwiające dostosowanie zachowania czatu.",

	"wolfhud_chat_enabled_title" : "Włącz czat niestandardowy",
	"wolfhud_chat_enabled_desc" : "Zastępuje domyślny czat ulepszoną i dostosowaną wersją",

	"wolfhud_chat_waittime_title" : "Czas zanikania czatu",
	"wolfhud_chat_waittime_desc" : "Czas, po którym czat wygasa\n(0 = Nigdy)",
	"wolfhud_chat_fontsize_title" : "Rozmiar Fonta Czatu",
	"wolfhud_chat_fontsize_desc" : "Rozmianr fonta dla growego czatu.",
	"wolfhud_chat_outputlines_title" : "Maks wyświetlania linii czatu",
	"wolfhud_chat_outputlines_desc" : "Maks wyświetlanych linii przed możliwością przewijania.",
	"wolfhud_spam_filter_title" : "Filtr spamu",
	"wolfhud_spam_filter_desc" : "Usuwa niechciane wiadomości z modów PocoHUD i [NGBTO].",
	"wolfhud_chat_width_title" : "Szerokość Czatu",
	"wolfhud_chat_width_desc" : "Szerokość okna czatu",
	"wolfhud_chat_inputlines_title" : "Maks wierszy linii czatu",
	"wolfhud_chat_inputlines_desc" : "Liczba linii tekstu, które można wpisać",
	"wolfhud_chat_colored_bg_title" : "Kolorowe tło",
	"wolfhud_chat_colored_bg_desc" : "Kolorystyka tła linii w zależności od źródła wiadomości",
	"wolfhud_chat_scrollbar_align_title" : "Wyrównanie paska przewijania",
	"wolfhud_chat_scrollbar_align_desc" : "Wyrównanuje paska przewijania",

	"wolfhud_suspicion_options_name" : "Opcje podejrzliwości",
	"wolfhud_suspicion_options_help" : "Opcje dotyczące wielkości panelu podejrzeń, a także jego widocznych elementów.",

	"wolfhud_susp_enabled_title" : "Włącz opcje podejrzeń",
	"wolfhud_susp_enabled_desc" : "Włącza dodatkowe opcje podejrzeń.",

	"wolfhud_suspicion_scale_title" : "Skala HUD podejrzliwości",
	"wolfhud_suspicion_scale_desc" : "Współczynnik skalowania dla elementów panelu podejrzeń.",
	"wolfhud_susp_eye_title" : "Wyświetlanie podejrzanego oka",
	"wolfhud_susp_eye_desc" : "Wyświetl domyślne elementy podejrzeń.",
	"wolfhud_susp_numberic_title" : "Pokaż numeryczny zakres podejrzliwości",
	"wolfhud_susp_numberic_desc" : "Pokazuje numeryczny zakres podejrzliwości.",
	"wolfhud_susp_numberic_outline_title" : "Czarny obrys",
	"wolfhud_susp_numberic_outline_desc" : "Pokaż czarny kontur wokół liczbowego tekstu",

	"wolfhud_killcounter_options_name" : "Opcje licznika zabójstw",
	"wolfhud_killcounter_options_help" : "Opcje dotyczące wyglądu licznika zabójstw",

	"wolfhud_killcounter_player_show_killcount_title" : "Wyświetl licznik zabójstw gracza",
	"wolfhud_killcounter_player_show_killcount_desc" : "Wyświetla licznik zabójstw gracza na HUDzie.",
	"wolfhud_killcounter_player_color_title" : "Kolor licznika zabójstw gracza",
	"wolfhud_killcounter_player_color_desc" : "Wybierz kolor dla swojego licznika zabójstw.",
	"wolfhud_killcounter_player_show_special_title" : "Zlicz zabójstwa szczególnych wrogów gracza",
	"wolfhud_killcounter_player_show_special_desc" : "Wyświetl zabójstwa szczególnych wrogów oddzielnie.",
	"wolfhud_killcounter_player_show_head_title" : "Zlicz headshoty gracza",
	"wolfhud_killcounter_player_show_head_desc" : "Wyświetl headshoty gracza oddzielnie.",
	"wolfhud_killcounter_player_show_accuracy_title" : "Pokaż celność gracza",
	"wolfhud_killcounter_player_show_accuracy_desc" : "Wyświetl swoją aktualną celność na swoim HUDzie.",
	"wolfhud_killcounter_team_show_killcount_title" : "Wyświetl licznik zabójstw kompana",
	"wolfhud_killcounter_team_show_killcount_desc" : "Wyświetla licznik zabójstw kompana na HUDzie.",
	"wolfhud_killcounter_team_color_title" : "Kolor licznika zabójstw Kompana",
	"wolfhud_killcounter_team_color_desc" : "Wybierz kolor dla licznika zabójstw kompanów.",
	"wolfhud_killcounter_team_show_special_title" : "Zlicz zabójstwa szczególnych wrogów kompana",
	"wolfhud_killcounter_team_show_special_desc" : "Wyświetl zabójstwa szczególnych wrogów oddzielnie.",
	"wolfhud_killcounter_team_show_head_title" : "Zlicz headshoty kompanów",
	"wolfhud_killcounter_team_show_head_desc" : "Wyświetl headshoty kompanów oddzielnie",
	"wolfhud_killcounter_team_show_ai_title" : "Licznik zabójstw dla SI",
	"wolfhud_killcounter_team_show_ai_desc" : "Czy zliczać botom zabójstwa?",
	"wolfhud_corpse_limit_title" : "Limit renderowanych trupów",
	"wolfhud_corpse_limit_desc" : "Ile trupów powinniśmy dopuścić do jednoczesnego renderowania w pobliżu?\n(Restart mapy jest wymagany...)",

	"wolfhud_drivinghud_options_name" : "Opcje DrivingHUDa",
	"wolfhud_drivinghud_options_help" : "Kilka opcji dla DrivingHUDa.",

	"wolfhud_show_drivinghud_title" : "Pokaż HUD podczas prowadzenia",
	"wolfhud_show_drivinghud_desc" : "Pokaż mały HUD w dolnym prawym rogu podczas prowadzenia pojazdów.\n(Restart mapy jest wymagany...)",
	"wolfhud_drivinghud_scale_title" : "Skala",
	"wolfhud_drivinghud_scale_desc" : "Mnożnik skali dla DrivingHUDa.",
	"wolfhud_drivinghud_show_vehicle_title" : "Wyświetl zdjęcie pojazdu",
	"wolfhud_drivinghud_show_vehicle_desc" : "Wyświetl mały obrazek pojazdu i maski graczy jadących z Tobą.",
	"wolfhud_drivinghud_show_health_title" : "Pokaż wytrzymałość pojazdu",
	"wolfhud_drivinghud_show_health_desc" : "Wyświetla pasek z wytrzymałością pojazdu.",
	"wolfhud_drivinghud_show_loot_title" : "Wyświetl łup",
	"wolfhud_drivinghud_show_loot_desc" : "Wyświetlanie aktualnie załadowanych pojazdów i maksymalnej liczby łupów.",
	"wolfhud_drivinghud_show_passengers_title" : "Pokaż pasażerów",
	"wolfhud_drivinghud_show_passengers_desc" : "Pokazać liczbę pasażerów w pojeździe i całkowitą liczbę miejsc siedzących.",
	"wolfhud_drivinghud_show_gear_title" : "Pokaż bieg",
	"wolfhud_drivinghud_show_gear_desc" : "Wyświetla jaki bieg jest wbity na skrzyni.",
	"wolfhud_drivinghud_show_speed_title" : "Pokaż prędkościomierz",
	"wolfhud_drivinghud_show_speed_desc" : "Wyświetla prędkosć pojazdu.",
	"wolfhud_drivinghud_speed_in_mph_title" : "Prędkość w milach",
	"wolfhud_drivinghud_speed_in_mph_desc" : "Pokazuje prędkość pojadzu w milach.\n(Odznaczona opcja wyświetla km/h.)",
	"wolfhud_drivinghud_show_rpm_title" : "Pokaż obroty silnika",
	"wolfhud_drivinghud_show_rpm_desc" : "Pokazuje obroty silnika.",

	"wolfhud_infopanels_options_name" : "HUD Info Options",
	"wolfhud_infopanels_options_help" : "Options for the info boxes of HUD List.",

	"wolfhud_hudlist_right_list_height_offset_title" : "Right List Offset",
	"wolfhud_hudlist_right_list_height_offset_desc" : "Position offset from top of the right list items.",
	"wolfhud_hudlist_left_list_height_offset_title" : "Left List Offset",
	"wolfhud_hudlist_left_list_height_offset_desc" : "Position offset from top of the left list items.",
	"wolfhud_hudlist_buff_list_height_offset_title" : "Buff List Offset",
	"wolfhud_hudlist_buff_list_height_offset_desc" : "Position offset from top of the buff list items.",
	"wolfhud_mui_buff_fix_title" : "MUI Buff List Fix",
	"wolfhud_mui_buff_fix_desc" : "Stops the buff list overlapping with subtitles.",

	"wolfhud_use_hudlist_title" : "Use HUDList",
	"wolfhud_use_hudlist_desc" : "HUDList can display many useful things, incl. Drill timers, enemy or loot count, assets on the map, etc. (Restart mapy jest wymagany...)",
	"wolfhud_hudlist_scale_right_title" : "Right List Scale",
	"wolfhud_hudlist_scale_right_desc" : "Scaling factor of the right list items.",
	"wolfhud_hudlist_scale_left_title" : "Left List Scale",
	"wolfhud_hudlist_scale_left_desc" : "Scaling factor of the left list items.",
	"wolfhud_hudlist_scale_buff_title" : "Buff List Scale",
	"wolfhud_hudlist_scale_buff_desc" : "Scaling factor of the buff list items.",
	"wolfhud_hudlist_box_color_title" : "Box Font Color",
	"wolfhud_hudlist_box_color_desc" : "Front color for Left- and Right List Boxes.\n(Restart mapy jest wymagany...)",
	"wolfhud_hudlist_box_bg_color_title" : "Box Background Color",
	"wolfhud_hudlist_box_bg_color_desc" : "Background color for Left- and Right List Boxes.\n(Restart mapy jest wymagany...)",
	"wolfhud_hudlist_civcolor_title" : "Civilian Color",
	"wolfhud_hudlist_civcolor_desc" : "Color for Civilians and Hostages in EnemyCounter.",
	"wolfhud_hudlist_thugcolor_title" : "Thug Color",
	"wolfhud_hudlist_thugcolor_desc" : "Color for Thugs and Mobsters in EnemyCounter.",
	"wolfhud_hudlist_copcolor_title" : "Enemy Color",
	"wolfhud_hudlist_copcolor_desc" : "Color for Cops, SWATs and Heavy SWATs in EnemyCounter.",
	"wolfhud_hudlist_specialcolor_title" : "Special Color",
	"wolfhud_hudlist_specialcolor_desc" : "Color for Specials and Turrets in EnemyCounter.",
	"wolfhud_hudlist_progress_alpha_left_title" : "Left Progress Alpha",
	"wolfhud_hudlist_progress_alpha_left_desc" : "Alpha value for the progress bars on left list items.",
	"wolfhud_hudlist_progress_alpha_right_title" : "Right Progress Alpha",
	"wolfhud_hudlist_progress_alpha_right_desc" : "Alpha value for the progress bars on right list items.",
	"wolfhud_hudlist_progress_alpha_buff_title" : "Buff Progress Alpha",
	"wolfhud_hudlist_progress_alpha_buff_desc" : "Alpha value for the progress bars on buff list items.",

	"wolfhud_infopanels_left_options_name" : "Left List Options",
	"wolfhud_infopanels_left_options_help" : "Options for the left info list.",

	"wolfhud_hudlist_show_timers_title" : "Show Timers",
	"wolfhud_hudlist_show_timers_desc" : "Display Timers for Drills, Hacks, etc.",
	"wolfhud_hudlist_show_equipment_desc" : "Determine if we should display that equipment on the right side of your screen.",
	"wolfhud_hudlist_show_ammo_bags_title" : "Show Ammo Bags",
	"wolfhud_hudlist_show_doc_bags_title" : "Show Medic Bags",
	"wolfhud_hudlist_show_first_aid_kits_title" : "Show First Aid Kits",
	"wolfhud_hudlist_show_body_bags_title" : "Show Body Bags",
	"wolfhud_hudlist_show_grenade_crates_title" : "Show Grenades",
	"wolfhud_hudlist_sentries_title" : "Show Sentries",
	"wolfhud_hudlist_sentries_desc" : "Show Sentry health and ammo.",
	"wolfhud_hudlist_hide_empty_sentries_title" : "Hide empty Sentries",
	"wolfhud_hudlist_hide_empty_sentries_desc" : "Hide empty sentry Boxes.",
	"wolfhud_hudlist_show_ecms_title" : "Show ECMs",
	"wolfhud_hudlist_show_ecms_desc" : "Show Timer for ECM's ",
	"wolfhud_hudlist_show_ecm_retrigger_title" : "Show ECM retrigger",
	"wolfhud_hudlist_show_ecm_retrigger_desc" : "Show, when an ECM is ready to be retriggered.",
	"wolfhud_hudlist_show_minions_title" : "Pokaż dla Jokerów",
	"wolfhud_hudlist_show_minions_desc" : "Pokazuje zdrowie dla wszystkich przekonwertowanych policjantów.",
	"wolfhud_hudlist_show_own_minions_only_title" : "Wyświetl tylko swoich",
	"wolfhud_hudlist_show_own_minions_only_desc" : "Wyświetla wyłącznie swoich przekonwertowanych ludzi.",
	"wolfhud_hudlist_show_pagers_title" : "Pokaż dla pagerów",
	"wolfhud_hudlist_show_pagers_desc" : "Pokaż licznik dla pagerów,zanim włączy się alarm.",
	"wolfhud_hudlist_show_tape_loop_title" : "Pokaż dla zapętlenia kamer",
	"wolfhud_hudlist_show_tape_loop_desc" : "Pokazuje odliczanie dla zapętlonych kamer.",
	"wolfhud_hudlist_remove_answered_pagers_title" : "Usuń obrys pagera",
	"wolfhud_hudlist_remove_answered_pagers_desc" : "Usuwa obrys pagera, jeśli ktoś nim odpowiada na wezwanie.",

	"wolfhud_infopanels_right_options_name" : "Lista opcji z prawej strony",
	"wolfhud_infopanels_right_options_help" : "Opcje dla listy z prawe strony",

	"wolfhud_hudlist_show_enemies_title" : "Pokaż Przeciwników",
	"wolfhud_hudlist_show_enemies_desc" : "Pokazuje liczbę przeciwników na mapie.",
	"wolfhud_hudlist_aggregate_enemies_title" : "Zlicz Przeciwników",
	"wolfhud_hudlist_aggregate_enemies_desc" : "Pokazuje jedno okno zliczające wszystkich przeciwników na mapie.",
	"wolfhud_hudlist_show_turrets_title" : "Pokaż Wieżyczki",
	"wolfhud_hudlist_show_turrets_desc" : "Pokazuje ilość wieżyczek na mapie.",
	"wolfhud_hudlist_show_civilians_title" : "Pokaż Cywili",
	"wolfhud_hudlist_show_civilians_desc" : "Pokazuje liczbę niezwiązanych cywili na mapie.",
	"wolfhud_hudlist_show_hostages_title" : "Pokaż Zakładników",
	"wolfhud_hudlist_show_hostages_desc" : "Pokazuje liczbę zakładników na mapie.",
	"wolfhud_hudlist_aggregate_hostages_title" : "Zlicz Zakładników",
	"wolfhud_hudlist_aggregate_hostages_desc" : "Zlicza wszystkich zakładników/niezwiązanych cywili w jedną wartość.",
	"wolfhud_hudlist_show_minion_count_title" : "Pokaż liczbę zakładników policyjnych",
	"wolfhud_hudlist_show_minion_count_desc" : "Pokazuje liczbę zakładników policyjnych.",
	"wolfhud_hudlist_show_pager_count_title" : "Pokaż licznik pagerów",
	"wolfhud_hudlist_show_pager_count_desc" : "Wyświetlanie ilości uruchomionych pagerów w trybie skradania.",
	"wolfhud_hudlist_show_cam_count_title" : "Pokaż liczbę kamer",
	"wolfhud_hudlist_show_cam_count_desc" : "Pokazuje liczbę aktywnych kamer na mapie w trybie skradania.",
	"wolfhud_hudlist_show_bodybags_count_title" : "Pokaż liczbę toreb na zwłoki",
	"wolfhud_hudlist_show_bodybags_count_desc" : "Pokazuej liczbę toreb na zwłoki w trybie skradania",
	"wolfhud_hudlist_show_corpse_count_title" : "Pokaż liczbę zwłok",
	"wolfhud_hudlist_show_corpse_count_desc" : "Pokazuje liczbę zwłok i spakowanych zwłok do toreb na mapie w trybie skradania.",
	"wolfhud_hudlist_show_loot_title" : "Pokaż Łup",
	"wolfhud_hudlist_show_loot_desc" : "Pokazuje ilosć łupu do zrabowania na mapie.",
	"wolfhud_hudlist_aggregate_loot_title" : "Zlicz Łup",
	"wolfhud_hudlist_aggregate_loot_desc" : "Pokazuje wszystkie łupy zliczone w jedną wartość.",
	"wolfhud_hudlist_separate_bagged_loot_title" : "Rozdziel Spakowane Łupy",
	"wolfhud_hudlist_separate_bagged_loot_desc" : "Rozdziela zliczanie spakowanego i niespakowanego łupu.",
	"wolfhud_hudlist_show_potential_loot_title" : "Pokaż Potencjalny Łup",
	"wolfhud_hudlist_show_potential_loot_desc" : "Pokaż ilość skrzyń na mapie w liczniku łupów. \n(Pamiętaj, mogą być puste...)",
	"wolfhud_hudlist_show_special_pickups_title" : "Pokaż Przedmioty Pomocnicze",
	"wolfhud_hudlist_show_special_pickups_desc" : "Pokazuj na mapie ilość chemikaliów, kart i innych rzeczy.",
	"wolfhud_hudlist_show_mission_pickups_title" : "Pokaż przedmioty dla misji",
	"wolfhud_hudlist_show_mission_pickups_desc" : "Pokazuje ilość chemikaliów, kart, desek i innych rzeczy z misji na mapie.",
	"wolfhud_hudlist_show_collectables_pickups_title" : "Pokaż znajdźki",
	"wolfhud_hudlist_show_collectables_pickups_desc" : "Pokazuje ilość znajdziek na mapie.",
	"wolfhud_hudlist_show_valuables_pickups_title" : "Pokaż ilość mniejszego łupu",
	"wolfhud_hudlist_show_valuables_pickups_desc" : "Pokaż na mapie ilość wartościowych przedmiotów, takich jak pliki pieniędzy czy naszyjniki.",

	"wolfhud_infopanels_buff_options_name" : "Buff List Options",
	"wolfhud_infopanels_buff_options_help" : "Options for the buff info list.",

	"wolfhud_infopanels_buff_mastermind_options_name" : "Mastermind Skills",
	"wolfhud_infopanels_buff_mastermind_options_help" : "Enable or Disable visual indicators for Mastermind Skills.",
	"wolfhud_infopanels_buff_enforcer_options_name" : "Enforcer Skills",
	"wolfhud_infopanels_buff_enforcer_options_help" : "Enable or Disable visual indicators for Enforcer Skills.",
	"wolfhud_infopanels_buff_technician_options_name" : "Technician Skills",
	"wolfhud_infopanels_buff_technician_options_help" : "Enable or Disable visual indicators for Technician Skills.",
	"wolfhud_infopanels_buff_ghost_options_name" : "Ghost Skills",
	"wolfhud_infopanels_buff_ghost_options_help" : "Enable or Disable visual indicators for Ghost Skills.",
	"wolfhud_infopanels_buff_fugitive_options_name" : "Fugitive Skills",
	"wolfhud_infopanels_buff_fugitive_options_help" : "Enable or Disable visual indicators for Fugitive Skills.",
	"wolfhud_infopanels_buff_perkdecks_options_name" : "Perk Decks",
	"wolfhud_infopanels_buff_perkdecks_options_help" : "Enable or Disable visual indicators for Perk Decks.",
	"wolfhud_infopanels_buff_gageboosts_options_name" : "Gage Boosts",
	"wolfhud_infopanels_buff_gageboosts_options_help" : "Enable or Disable visual indicators for Gage Boosts.",
	"wolfhud_infopanels_buff_henchmen_options_name" : "Henchmen Skills",
	"wolfhud_infopanels_buff_henchmen_options_help" : "Enable or Disable visual indicators for Henchmen Skills.",

	"wolfhud_hudlist_show_buffs_title" : "Show Buffs",
	"wolfhud_hudlist_show_buffs_desc" : "Display active Buffs in the bottom center of your screen.",
	"wolfhud_hudlist_damage_increase_compbuff_title" : "Damage Increase Buff",
	"wolfhud_hudlist_damage_increase_compbuff_desc" : "Composite Buff item, displays added value of all damage increasing skills.",
	"wolfhud_hudlist_damage_reduction_compbuff_title" : "Damage Reduction Buff",
	"wolfhud_hudlist_damage_reduction_compbuff_desc" : "Composite Buff item, displays added value of all damage reducing skills.",
	"wolfhud_hudlist_melee_damage_increase_compbuff_title" : "Melee Damage Increase Buff",
	"wolfhud_hudlist_melee_damage_increase_compbuff_desc" : "Composite Buff item, displays added value of all melee damage increasing skills.",
	"wolfhud_hudlist_passive_health_regen_compbuff_title" : "Passive Health Regeneration",
	"wolfhud_hudlist_passive_health_regen_compbuff_desc" : "Composite Buff item, displays added value of all passive Health regeneration effects.",
	"wolfhud_hudlist_total_dodge_chance_compbuff_title" : "Total Dodge Chance",
	"wolfhud_hudlist_total_dodge_chance_compbuff_desc" : "Composite Buff item, displays added value of all dodge increasing skills.",
	"wolfhud_hudlist_aggressive_reload_aced_buff_title" : "Aggressive Reload",
	"wolfhud_hudlist_aggressive_reload_aced_buff_desc" : "",
	"wolfhud_hudlist_ammo_efficiency_buff_title" : "Ammo Efficiency",
	"wolfhud_hudlist_ammo_efficiency_buff_desc" : "",
	"wolfhud_hudlist_armor_break_invulnerable_buff_title" : "Armor Break Invulnerability Cooldown",
	"wolfhud_hudlist_armor_break_invulnerable_buff_desc" : "Shared buff for armorer and anarchist decks.",
	"wolfhud_hudlist_berserker_buff_title" : "Berserker",
	"wolfhud_hudlist_berserker_buff_desc" : "Part of Composite Buffs.",
	"wolfhud_hudlist_biker_buff_title" : "Regen Debuff (Biker)",
	"wolfhud_hudlist_biker_buff_desc" : "",
	"wolfhud_hudlist_bloodthirst_basic_buff_title" : "Bloodthirst (Basic)",
	"wolfhud_hudlist_bloodthirst_basic_buff_desc" : "Part of Composite Buffs.",
	"wolfhud_hudlist_bloodthirst_aced_buff_title" : "Bloodthirst (Aced)",
	"wolfhud_hudlist_bloodthirst_aced_buff_desc" : "",
	"wolfhud_hudlist_bullet_storm_buff_title" : "Bullet Storm",
	"wolfhud_hudlist_bullet_storm_buff_desc" : "",
	"wolfhud_hudlist_close_contact_buff_title" : "Close Contact (Infiltrator)",
	"wolfhud_hudlist_close_contact_buff_desc" : "Part of Composite Buffs.",
	"wolfhud_hudlist_combat_medic_buff_title" : "Combat Medic (Active)",
	"wolfhud_hudlist_combat_medic_buff_desc" : "Part of Composite Buffs.",
	"wolfhud_hudlist_combat_medic_passive_buff_title" : "Combat Medic (Passive)",
	"wolfhud_hudlist_combat_medic_passive_buff_desc" : "Part of Composite Buffs.",
	"wolfhud_hudlist_desperado_buff_title" : "Desperados",
	"wolfhud_hudlist_desperado_buff_desc" : "",
	"wolfhud_hudlist_die_hard_buff_title" : "Die Hard",
	"wolfhud_hudlist_die_hard_buff_desc" : "Part of Composite Buffs.",
	"wolfhud_hudlist_dire_need_buff_title" : "Dire Need",
	"wolfhud_hudlist_dire_need_buff_desc" : "",
	"wolfhud_hudlist_frenzy_buff_title" : "Frenzy",
	"wolfhud_hudlist_frenzy_buff_desc" : "Part of Composite Buffs.",
	"wolfhud_hudlist_grinder_buff_title" : "Health Regen (Grinder)",
	"wolfhud_hudlist_grinder_buff_desc" : "",
	"wolfhud_hudlist_chico_injector_buff_title" : "Injector Duration (Kingpin)",
	"wolfhud_hudlist_chico_injector_buff_desc" : "",
	"wolfhud_hudlist_damage_control_debuff_title" : "Flask Duration (Stoic)",
	"wolfhud_hudlist_damage_control_debuff_desc" : "",
	"wolfhud_hudlist_delayed_damage_buff_title" : "Delayed Damage (Stoic)",
	"wolfhud_hudlist_delayed_damage_buff_desc" : "",
	"wolfhud_hudlist_hostage_situation_buff_title" : "Hostage Situation (Crew Chief)",
	"wolfhud_hudlist_hostage_situation_buff_desc" : "Part of Composite Buffs.",
	"wolfhud_hudlist_hostage_taker_buff_title" : "Hostage Taker",
	"wolfhud_hudlist_hostage_taker_buff_desc" : "",
	"wolfhud_hudlist_inspire_buff_title" : "Inspire (Boost)",
	"wolfhud_hudlist_inspire_buff_desc" : "",
	"wolfhud_hudlist_lock_n_load_buff_title" : "Lock 'n' Load",
	"wolfhud_hudlist_lock_n_load_buff_desc" : "",
	"wolfhud_hudlist_melee_stack_damage_buff_title" : "Melee Stack damage (Infiltrator)",
	"wolfhud_hudlist_melee_stack_damage_buff_desc" : "Part of Composite Buffs.",
	"wolfhud_hudlist_maniac_buff_title" : "Damage Reduction (Maniac)",
	"wolfhud_hudlist_maniac_buff_desc" : "",
	"wolfhud_hudlist_muscle_regen_buff_title" : "Health Regen (Muscle)",
	"wolfhud_hudlist_muscle_regen_buff_desc" : "",
	"wolfhud_hudlist_messiah_buff_title" : "Messiah",
	"wolfhud_hudlist_messiah_buff_desc" : "",
	"wolfhud_hudlist_overdog_buff_title" : "Overdog (Infiltrator)",
	"wolfhud_hudlist_overdog_buff_desc" : "",
	"wolfhud_hudlist_overkill_buff_title" : "Overkill",
	"wolfhud_hudlist_overkill_buff_desc" : "Part of Composite Buffs.",
	"wolfhud_hudlist_painkiller_buff_title" : "Painkiller",
	"wolfhud_hudlist_painkiller_buff_desc" : "Part of Composite Buffs.",
	"wolfhud_hudlist_partner_in_crime_buff_title" : "Partner in Crime",
	"wolfhud_hudlist_partner_in_crime_buff_desc" : "Part of Composite Buffs.",
	"wolfhud_hudlist_running_from_death_buff_title" : "Running from Death",
	"wolfhud_hudlist_running_from_death_buff_desc" : "",
	"wolfhud_hudlist_pocket_ecm_jammer_buff_title" : "Pocket ECM Duration (Hacker)",
	"wolfhud_hudlist_pocket_ecm_jammer_buff_desc" : "",
	"wolfhud_hudlist_pocket_ecm_kill_dodge_buff_title" : "Pocket ECM Dodge (Hacker)",
	"wolfhud_hudlist_pocket_ecm_kill_dodge_buff_desc" : "Part of Composite Buffs.",
	"wolfhud_hudlist_quick_fix_buff_title" : "Quick Fix",
	"wolfhud_hudlist_quick_fix_buff_desc" : "Part of Composite Buffs.",
	"wolfhud_hudlist_second_wind_buff_title" : "Second Wind",
	"wolfhud_hudlist_second_wind_buff_desc" : "",
	"wolfhud_hudlist_sixth_sense_buff_title" : "Sixth Sense",
	"wolfhud_hudlist_sixth_sense_buff_desc" : "",
	"wolfhud_hudlist_sicario_dodge_buff_title" : "Additional Dodge (Sicario)",
	"wolfhud_hudlist_sicario_dodge_buff_desc" : "",
	"wolfhud_hudlist_smoke_screen_buff_title" : "Smoke Bomb (Sicario)",
	"wolfhud_hudlist_smoke_screen_buff_desc" : "",
	"wolfhud_hudlist_tag_team_buff_title" : "Gas Dispenser (Tag Team)",
	"wolfhud_hudlist_tag_team_buff_desc" : "",
	"wolfhud_hudlist_swan_song_buff_title" : "Swan Song",
	"wolfhud_hudlist_swan_song_buff_desc" : "",
	"wolfhud_hudlist_tooth_and_claw_buff_title" : "Tooth and Claw (Hitman)",
	"wolfhud_hudlist_tooth_and_claw_buff_desc" : "",
	"wolfhud_hudlist_trigger_happy_buff_title" : "Trigger Happy",
	"wolfhud_hudlist_trigger_happy_buff_desc" : "Part of Composite Buffs.",
	"wolfhud_hudlist_underdog_buff_title" : "Underdog",
	"wolfhud_hudlist_underdog_buff_desc" : "Part of Composite Buffs.",
	"wolfhud_hudlist_unseen_strike_buff_title" : "Unseen Strike",
	"wolfhud_hudlist_unseen_strike_buff_desc" : "",
	"wolfhud_hudlist_up_you_go_buff_title" : "Up you Go",
	"wolfhud_hudlist_up_you_go_buff_desc" : "Part of Composite Buffs.",
	"wolfhud_hudlist_uppers_buff_title" : "Uppers",
	"wolfhud_hudlist_uppers_buff_desc" : "",
	"wolfhud_hudlist_yakuza_buff_title" : "Armor Regen Speed (Yakuza)",
	"wolfhud_hudlist_yakuza_buff_desc" : "",
	"wolfhud_hudlist_anarchist_armor_recovery_debuff_title" : "Lust for Life (Anarchist)",
	"wolfhud_hudlist_anarchist_armor_recovery_debuff_desc" : "",
	"wolfhud_hudlist_ammo_give_out_debuff_title" : "Ammo give out Debuff (Gambler)",
	"wolfhud_hudlist_ammo_give_out_debuff_desc" : "",
	"wolfhud_hudlist_bullseye_debuff_title" : "Bullseye Debuff",
	"wolfhud_hudlist_bullseye_debuff_desc" : "",
	"wolfhud_hudlist_inspire_debuff_title" : "Inspire Boost Debuff",
	"wolfhud_hudlist_inspire_debuff_desc" : "",
	"wolfhud_hudlist_inspire_revive_debuff_title" : "Inspire Revive Debuff",
	"wolfhud_hudlist_inspire_revive_debuff_desc" : "",
	"wolfhud_hudlist_life_drain_debuff_title" : "Life Drain Debuff (Infiltrator)",
	"wolfhud_hudlist_life_drain_debuff_desc" : "",
	"wolfhud_hudlist_medical_supplies_debuff_title" : "Medical Supplies Debuff (Gambler)",
	"wolfhud_hudlist_medical_supplies_debuff_desc" : "",
	"wolfhud_hudlist_sociopath_debuff_title" : "Regen Debuff (Sociopath)",
	"wolfhud_hudlist_sociopath_debuff_desc" : "",
	"wolfhud_hudlist_armorer_teambuff_title" : "Armor Increase Teambuff (Armorer)",
	"wolfhud_hudlist_armorer_teambuff_desc" : "",
	"wolfhud_hudlist_bulletproof_teambuff_title" : "Shock And Awe Teambuff",
	"wolfhud_hudlist_bulletproof_teambuff_desc" : "",
	"wolfhud_hudlist_crew_chief_teambuff_title" : "Increased Stats Teambuff (Crew Chief)",
	"wolfhud_hudlist_crew_chief_teambuff_desc" : "Part of Composite Buffs.",
	"wolfhud_hudlist_forced_friendship_teambuff_title" : "Forced Friendship Teambuff",
	"wolfhud_hudlist_forced_friendship_teambuff_desc" : "",
	"wolfhud_hudlist_life_steal_gage_debuff_title" : "Self Healer",
	"wolfhud_hudlist_life_steal_gage_debuff_desc" : "",
	"wolfhud_hudlist_invulnerable_gage_buff_title" : "Invulnerability",
	"wolfhud_hudlist_invulnerable_gage_buff_desc" : "",
	"wolfhud_hudlist_crew_inspire_debuff_title" : "Inspiring",
	"wolfhud_hudlist_crew_inspire_debuff_desc" : "",
	"wolfhud_hudlist_crew_throwable_regen_buff_title" : "Stockpiler",
	"wolfhud_hudlist_crew_throwable_regen_buff_desc" : "",
	"wolfhud_hudlist_crew_health_regen_buff_title" : "Healer",
	"wolfhud_hudlist_crew_health_regen_buff_desc" : "",

	"wolfhud_waypoints_options_name" : "Opcje niestandardowych wskaźników",
	"wolfhud_waypoints_options_help" : "Opcje do zmian niestandardowych wskaźników",

	"wolfhud_waypoints_color_title" : "Kolor wskaźnika",
	"wolfhud_waypoints_color_desc" : "Kolor domyślnych wskaźników misji.",
	"wolfhud_waypoints_show_ammo_bag_title" : "Pokaż dla toreb z amunicją",
	"wolfhud_waypoints_show_ammo_bag_desc" : "Pokazuje wskaźnik dla toreb z amunicją przedstawiający ile procent amunicji zostało.",
	"wolfhud_waypoints_show_doc_bag_title" : "Pokaż dla toreb medycznych",
	"wolfhud_waypoints_show_doc_bag_desc" : "Pokazuje wspaźnik dla toreb medycznych przedstawiający ile pakietów zostało",
	"wolfhud_waypoints_show_first_aid_kit_title" : "Pokaż dla apteczek",
	"wolfhud_waypoints_show_first_aid_kit_desc" : "Pokazuje wskaźnik dla apteczek",
	"wolfhud_waypoints_show_body_bag_title" : "Pokaż dla toreb na zwłoki",
	"wolfhud_waypoints_show_body_bag_desc" : "Pokazuje wskaźnik dla toreb na zwłoki przedstawiający ile ich zostało.",
	"wolfhud_waypoints_show_grenade_crate_title" : "Pokaż dla toreb z granatami",
	"wolfhud_waypoints_show_grenade_crate_desc" : "Pokazuje wskaźnik dla toreb z granatami przedstawiający ilość pozostałych granatów.",
	"wolfhud_waypoints_show_sentries_title" : "Pokaż dla działek",
	"wolfhud_waypoints_show_sentries_desc" : "Pokazuje wskaźnik dla działek przedstawiający ile amunicji zostało",
	"wolfhud_waypoints_show_ecms_title" : "Pokaż dla zagłuszaczy ECM",
	"wolfhud_waypoints_show_ecms_desc" : "Pokazuje wskaźnik dla zagłuszaczy ECM przedstawiający ile baterii zostało",
	"wolfhud_waypoints_show_timers_title" : "Pokaż liczniki",
	"wolfhud_waypoints_show_timers_desc" : "Pokazuje wskaźniki dla liczników przedstawiające pozostały czas i ich poprawek.",
	"wolfhud_waypoints_show_loot_title" : "Pokaż dla łupów",
	"wolfhud_waypoints_show_loot_desc" : "Pokazuje nazwę łupu nad nim",
	"wolfhud_waypoints_loot_icon_title" : "Ikona",
	"wolfhud_waypoints_loot_icon_desc" : "Pokazuje ikonę torby nad łupem",
	"wolfhud_waypoints_loot_offset_title" : "Przesunięcie wysokości",
	"wolfhud_waypoints_loot_offset_desc" : "Ustawia przesunięcie wysokości tekstu nad łupem.",
	"wolfhud_waypoints_loot_bagged_offset_title" : "Przesunięcie wysokości spakowanego łupu",
	"wolfhud_waypoints_loot_bagged_offset_desc" : "Ustawia przesunięcie wysokości tekstu nad spakowanym łupem.",
	"wolfhud_waypoints_loot_angle_title" : "Kąt widoczności tekstu",
	"wolfhud_waypoints_loot_angle_desc" : "Ustawia kąt, pod jakim widoczny jest tekst.",
	"wolfhud_waypoints_show_special_equipment_title" : "Pokaż dla specjalnego ekwipunku",
	"wolfhud_waypoints_show_special_equipment_desc" : "Pokazuje wskaźniki dla różnych ekwipunków. Dobrze jest poznać różne ich lokalizacje.",
	"wolfhud_waypoints_show_minions_title" : "Pokaż Miniony",
	"wolfhud_waypoints_show_minions_desc" : "Pokazuje nazwę miniona nad głową, używając koloru gracza który go skonwertował.\nZlicza również dokonane zabójstwa",
	"wolfhud_waypoints_show_pager_title" : "Pokaż dla pagerów",
	"wolfhud_waypoints_show_pager_desc" : "Pokazuje wskaźnik dla aktywnych pagerów. Zmienia kolor, gdy ktoś odpowiada na wezwanie.",

	"wolfhud_tabstats_options_name" : "Opcje pod klawiszem TAB",
	"wolfhud_tabstats_options_help" : "Konfiguracja wyglądu opcji dostępnych pod klawiszem TAB.",

	"wolfhud_tabstats_clock_mode_title" : "Tryb zegara",
	"wolfhud_tabstats_clock_mode_desc" : "Którego trybu powinien użyć zegar?",
	"wolfhud_tabstats_clock_mode_a" : "12h",
	"wolfhud_tabstats_clock_mode_b" : "24h",
	"wolfhud_tabstats_clock_mode_c" : "Czas trwania napadu",
	"wolfhud_use_tabstats_title" : "Włącz statystyki",
	"wolfhud_use_tabstats_desc" : "Pokaż swoje statystyki na ekranie dostępnych pod klawiszem TAB, zamiast podsumowania misji.\n(Restart mapy jest wymagany...)",
	"wolfhud_tabstats_font_size_title" : "Rozmiar Fonta",
	"wolfhud_tabstats_font_size_desc" : "Rozmiar fonta dla ekranu statystyk",
	"wolfhud_tabstats_color_title" : "Kolor Listy",
	"wolfhud_tabstats_color_desc" : "Kolor dla ekranu statystyk",
	"wolfhud_tabstats_actual_mask_title" : "Wyświetlaj obrazek swojej maski",
	"wolfhud_tabstats_actual_mask_desc" : "Wyświetla obrazek maski którą nosisz, zamiast zdjęcia postaci",
	"wolfhud_tabstats_numberic_loot_title" : "Numeric Loot Counter",
	"wolfhud_tabstats_numberic_loot_desc" : "Disable the bag counting minigame and display the number right away.",

	"wolfhud_crewloadout_options_name" : "Crew Loadout Options",
	"wolfhud_crewloadout_options_help" : "Choose where you want to get Information on which gear and skills your teammates are bringing.",

	"wolfhud_crewloadout_lobby_title" : "Pokaż w lobby",
	"wolfhud_crewloadout_lobby_desc" : "Dodaje przycisk do ekranu Lobby, który może wyświetlić uzbrojenie dla ciebie i twojego zespołu.",
	"wolfhud_crewloadout_cs_lobby_title" : "Show in Crimespree Lobby",
	"wolfhud_crewloadout_cs_lobby_desc" : "Adds a new tab right next to the modifiers and rewards in the crimespree lobby.",
	"wolfhud_crewloadout_briefing_title" : "Zastąp na podsumowaniu misji",
	"wolfhud_crewloadout_briefing_desc" : "Replaces the default Crew Loadout Panel in Mission briefing.",
	"wolfhud_crewloadout_tabscreen_title" : "Pokaż pod przyciskiem TAB",
	"wolfhud_crewloadout_tabscreen_desc" : "Wyświetla umiejętności, atuty i aktualny Ping graczy w twoim lobby. \n(Wyłączone, jeśli używasz moda LobbyPlayerInfo)",
    "wolfhud_profilemenu_replace_title" : "Zastąp menu profilowe",
    "wolfhud_profilemenu_replace_desc" : "Zastępuje domyślny wybór profili z bardziej zaaawansowanym z WolfHUDa.",

	"wolfhud_dmgindicator_options_name" : "Wskaźnik uszkodzenia",
	"wolfhud_dmgindicator_options_help" : "Ustaw czas zanikania, rozmiar i kolory lub swoje wskaźniki uszkodzeń.",

	"wolfhud_show_dmg_indicator_title" : "Dynamic Damage Indicator",
	"wolfhud_show_dmg_indicator_desc" : "Turns the 4 static damage indicators into several dynamic ones, moving according to your position and the position you were damaged from.",
	"wolfhud_dmg_ind_time_title" : "Indicator Duration",
	"wolfhud_dmg_ind_time_desc" : "Determines the time, the indicator will be shown.",
	"wolfhud_dmg_ind_size_title" : "Indicator Size",
	"wolfhud_dmg_ind_size_desc" : "Determines the size of the circle, the Indicators are placed around.",
	"wolfhud_dmg_indicator_max_count_title" : "Max Indicator Count",
	"wolfhud_dmg_indicator_max_count_desc" : "Specify the max amount of damage indicators on your screen.",
	"wolfhud_dmg_shield_color_title" : "Armor Color",
	"wolfhud_dmg_shield_color_desc" : "Color of the indicator, when you only lose armor.",
	"wolfhud_dmg_health_color_title" : "Health Color",
	"wolfhud_dmg_health_color_desc" : "Color of the indicator, when you lose health.",
	"wolfhud_dmg_crit_color_title" : "Low Health Color",
	"wolfhud_dmg_crit_color_desc" : "Color of the indicator, when your health is getting low.",
	"wolfhud_dmg_vehicle_color_title" : "Vehicle Color",
	"wolfhud_dmg_vehicle_color_desc" : "Color of the indicator, when the vehicle you are in gets hit.",
	"wolfhud_dmg_friendlyfire_color_title" : "Friendly Fire Color",
	"wolfhud_dmg_friendlyfire_color_desc" : "Color of the indicator, when you get hit by fire or explosives.",

	"wolfhud_dmgpopup_options_name" : "Enemy Damage Popups",
	"wolfhud_dmgpopup_options_help" : "Popup near an enemies head, displaying the damage dealt.",

	"wolfhud_show_dmg_popup_title" : "WolfHUD Popups",
	"wolfhud_show_dmg_popup_desc" : "Enable the WolfHUD damage popup.",
	"wolfhud_dmg_popup_player" : "Gracz",
	"wolfhud_dmg_popup_all" : "Wszyscy",
	"wolfhud_dmg_popup_scale_title" : "Popup Scale",
	"wolfhud_dmg_popup_scale_desc" : "Changes the size of the damage popups.",
	"wolfhud_dmg_popup_skull_scale_title" : "Skull Scale",
	"wolfhud_dmg_popup_skull_scale_desc" : "Changes the size of the skull icon when it was a kill.",
	"wolfhud_dmg_popup_skull_align_title" : "Skull Align",
	"wolfhud_dmg_popup_skull_align_desc" : "Changes the alignment of the skull icon when it was a kill.",
	"wolfhud_dmg_popup_time_title" : "Popup Time",
	"wolfhud_dmg_popup_time_desc" : "Determines how long the popup will stay.",
	"wolfhud_dmg_popup_height_title" : "Popup Height",
	"wolfhud_dmg_popup_height_desc" : "Determines how high above the enemy the popup will render.",
	"wolfhud_dmg_popup_alpha_title" : "Popup Opacity",
	"wolfhud_dmg_popup_alpha_desc" : "Set the opacity of the popup.",
	"wolfhud_dmg_popup_color_title" : "Hit Color",
	"wolfhud_dmg_popup_color_desc" : "Set the color of the popup for non fatal hits",
	"wolfhud_dmg_popup_critical_color_title" : "Critical Popup Color",
	"wolfhud_dmg_popup_critical_color_desc" : "Set the color of the popup for critical hits.",
	"wolfhud_dmg_popup_headshot_color_title" : "Headshot Color",
	"wolfhud_dmg_popup_headshot_color_desc" : "Set the color of the popup for headshots.",

	"wolfhud_dmg_popup_show_alt_popup_title" : "Pokaż okienka uszkodzeń",
	"wolfhud_dmg_popup_show_alt_popup_desc" : "Enables a alt damage popup.",
	"wolfhud_dmg_popup_headshot_glow_color_title" : "Headshot Glow Color",
	"wolfhud_dmg_popup_headshot_glow_color_desc" : "Configure the headshot glow color.",

	"wolfhud_enemyhealthbar_options_name": "Enemy Health Indicator Options",
	"wolfhud_enemyhealthbar_options_help": "Options for the Enemy health indicator.",

	"wolfhud_enemyhealthbar_enable_enemy_health_circle" : "Pokaż koło zdrowia wroga",
	"wolfhud_enemyhealthbar_enable_enemy_health_circle_desc" : "Pokaż wskaźnik zdrowia wroga na głównym HUD, gdy aktywnie celujesz w przeciwnika",
	"wolfhud_show_enemyhealthbar_title" : "Pokaż zdrowie przeciwnika",
	"wolfhud_show_enemyhealthbar_desc" : "Wyświetlaj pasek zdrowia wroga na górze, gdy celujesz we wroga.\n(Restart mapy jest wymagany...)",
	"wolfhud_enemyhealthbar_ignore_civilian_health" : "Ignorowanie zdrowia cywila",
	"wolfhud_enemyhealthbar_ignore_civilian_health_desc" : "Ignoruje zdrowie cywila, gdy celujesz w niego..",
	"wolfhud_enemyhealthbar_enemy_health_size" : "Rozmiar wskaźnika zdrowia wroga",
	"wolfhud_enemyhealthbar_enemy_health_size_desc" : "Ustaw rozmiar wskaźnika zdrowia wroga [Wymaga restartu poziomu]",
	"wolfhud_enemyhealthbar_enemy_text_size" : "Enemy Health Indicator Text Size",
	"wolfhud_enemyhealthbar_enemy_text_size_desc" : "Changes the size of the Enemy Health Text [Requires a level restart]",
	"wolfhud_enemyhealthbar_enemy_health_vertical_offset" : "Enemy Health Vertical Position",
	"wolfhud_enemyhealthbar_enemy_health_vertical_offset_desc" : "Set the vertical position of the enemy health. An empty slider will have it at the top. [Requires a level restart]",
	"wolfhud_enemyhealthbar_enemy_health_horizontal_offset" : "Enemy Health Horizontal Position",
	"wolfhud_enemyhealthbar_enemy_health_horizontal_offset_desc" : "Set the horizontal position of the enemy health. An empty slider will have it at the left. [Requires a level restart]",
	"wolfhud_enemyhealthbar_ignore_team_ai_health" : "Ignore Team AI Health",
	"wolfhud_enemyhealthbar_ignore_team_ai_health_desc" : "Ignores Team AI Health",
	"wolfhud_ignore_carhealthbar_title" : "Show Vehicle Health",
	"wolfhud_ignore_carhealthbar_desc" : "Shows Health for drivable Vehicles.",
	"wolfhud_show_healthbar_pointer_title" : "Show Pointer",
	"wolfhud_show_healthbar_pointer_desc" : "Show Arrow under the Healthbar, aiming at the Owner of the Healthbar.",

	"wolfhud_interaction_options_name" : "Opcje Interakcji",
	"wolfhud_interaction_options_help" : "Dostosowuje preferencje w opcjach interakcji",

	"wolfhud_press2hold_custom_huds_support_title" : "Wsparcie niestandardowych HUDów",
	"wolfhud_press2hold_custom_huds_support_desc" : "Poprawki dla MUI, PDTH HUD",

	"wolfhud_press2hold_lock_mode_title" : "Lock Mode",
	"wolfhud_press2hold_lock_mode_desc" : "Lock, when already interaction for more than X seconds. (Progress)\nLock, when total Interaction Time is more than X seconds. (Total)",
	"wolfhud_press2hold_lock_mode_a" : "Postęp",
	"wolfhud_press2hold_lock_mode_b" : "Łącznie",
	"wolfhud_press2hold_lock_mode_c" : "Pagery+wytrychy",
	"wolfhud_press2hold_lock_mode_d" : "Tylko Pagery",
	"wolfhud_press2hold_min_timer_duration_title" : "Min. Timer Duration",
	"wolfhud_press2hold_min_timer_duration_desc" : "The Min Timer Duration for the Interaction to lock.",
	"wolfhud_press2hold_show_lockindicator_title" : "Show Lock Indicator",
	"wolfhud_press2hold_show_lockindicator_desc" : "Show transparent red/green circle overlay, to indicate weather the interaction is locked or not.",
	"wolfhud_press2hold_equipment_cancel_title" : "Equipment Interrupt",
	"wolfhud_press2hold_equipment_cancel_desc" : "Interrupt a locked Interaction with your equipment key.\n(Otherwise by pressing your Interaction key again.)",
	"wolfhud_press2hold_interrupt_hint_title" : "Show Interrupt Hint",
	"wolfhud_press2hold_interrupt_hint_desc" : "Show a text to remind you, which button will interrupt your Interaction.",
	"wolfhud_press2hold_show_timer_title" : "Show remaining time",
	"wolfhud_press2hold_show_timer_desc" : "Display the remaining time inside the Interaction circle.",
	"wolfhud_press2hold_show_circle_title" : "Show Interaction Circle",
	"wolfhud_press2hold_show_circle_desc" : "Determine if the standard interaction circle should be displayed.",
	"wolfhud_press2hold_circle_scale_title" : "Circle Scale",
	"wolfhud_press2hold_circle_scale_desc" : "Scaling factor of the interaction circle.",
	"wolfhud_press2hold_timer_scale_title" : "Timer Scale",
	"wolfhud_press2hold_timer_scale_desc" : "Scaling factor of the center timer (Takes circle scale into account).",
	"wolfhud_press2hold_text_scale_title" : "Text Scale",
	"wolfhud_press2hold_text_scale_desc" : "Scaling factor of the interaction text below the circle.",
	"wolfhud_press2hold_show_reload_circle_title" : "Show reload timer",
	"wolfhud_press2hold_show_reload_circle_desc" : "Determine, if we should show a reload as an interaction.",
	"wolfhud_press2hold_show_melee_circle_title" : "Show melee charge",
	"wolfhud_press2hold_show_melee_circle_desc" : "Determine, if we should show a melee charge as an interaction.",
	"wolfhud_press2hold_timer_color_start_title" : "Timer Color (Start)",
	"wolfhud_press2hold_timer_color_start_desc" : "Color for the Timer to start with.",
	"wolfhud_press2hold_timer_color_title" : "Timer Color (End)",
	"wolfhud_press2hold_timer_color_desc" : "Color for the Timer to reach on completion.",
	"wolfhud_press2hold_show_timer_outline_title" : "Black outline",
	"wolfhud_press2hold_show_timer_outline_desc" : "Show a black outline around the remaining time text.",
	"wolfhud_doubletap_nades_stealth_title" : "Stealth Nade Suppression",
	"wolfhud_doubletap_nades_stealth_desc" : "When checked, you need to doubletap to throw a nade in stealth. \nOnly to prevent accidents.",
	"wolfhud_hold_to_pick_title" : "Auto Podnoszenie",
	"wolfhud_hold_to_pick_desc" : "Małe łupy zostaną automatycznie zebrane, podczas naciskania klawisza interakcji.",

	"wolfhud_inventory_options_name" : "Opcje poprawek ekwipunku",
	"wolfhud_inventory_options_help" : "Opcje pozwalające na zmianę wizualizacji zapasów i zmianę zachowania ekwipunku.",

	"wolfhud_equipment_senty_auto_ap_title" : "Sentry Auto AP-Mode",
	"wolfhud_equipment_senty_auto_ap_desc" : "Sentries will spawn in AP Mode, if you have the required Skill.",
	"wolfhud_equipment_tripmine_auto_sensor_stealth_title" : "Trip-Mine Auto Sensor-Mode",
	"wolfhud_equipment_tripmine_auto_sensor_stealth_desc" : "Trip-Mines will spawn in Sensor Mode, while you are in stealth.",
	"wolfhud_equipment_ecm_feedback_disabled_stealth_title" : "ECM Feedback Suppression",
	"wolfhud_equipment_ecm_feedback_disabled_stealth_desc" : "ECM Feedback will be disabled during stealth.",
	"wolfhud_equipment_shaped_charge_disabled_stealth_title" : "Shaped Charge Suppression",
	"wolfhud_equipment_shaped_charge_disabled_stealth_desc" : "When checked, you need to doubletap to deploy shaped charges in stealth. \nOnly to prevent accidents.",
	"wolfhud_equipment_keycard_doors_disabled_title" : "Key-card Door Suppression",
	"wolfhud_equipment_keycard_doors_disabled_desc" : "When checked, you need to doubletap to close doors in hoxton breakout day 2. \nOnly to prevent accidents.",

	"wolfhud_gadget_options_name" : "Opcje gadżetów broni",
	"wolfhud_gadget_options_help" : "Specify your custom laser colors.",

	"wolfhud_laser_autoon_title" : "Włącz automatycznie laser",
	"wolfhud_laser_autoon_desc" : "Automatycznie włącza gadżet laserowy podczas uruchamiania, na broniach, które go posiadają.",
	"wolfhud_show_angeled_sight_title" : "Show Angled Sight",
	"wolfhud_show_angeled_sight_desc" : "Tilt the weapon in your Hand, while the angled sight is enabled.",

	"wolfhud_gadget_player_laser_options_name" : "Player Laser",
	"wolfhud_gadget_player_laser_options_help" : "Setting for your local laser.",
	"wolfhud_gadget_player_sentry_laser_options_name" : "Player Sentry Options",
	"wolfhud_gadget_player_sentry_laser_options_help" : "Settings for your sentries lasers.",
	"wolfhud_gadget_team_laser_options_name" : "Teammate Lasers",
	"wolfhud_gadget_team_laser_options_help" : "Settings for your teammates lasers.",
	"wolfhud_gadget_team_sentry_laser_options_name" : "Teammate Sentry Lasers",
	"wolfhud_gadget_team_sentry_laser_options_help" : "Settings for your Teammates sentries lasers.",
	"wolfhud_gadget_sniper_laser_options_name" : "Sniper Laser",
	"wolfhud_gadget_sniper_laser_options_help" : "Setting for the lasers of enemy snipers.",
	"wolfhud_gadget_turret_laser_active_options_name" : "Turret Laser (Active)",
	"wolfhud_gadget_turret_laser_active_options_help" : "Laser settings for the active SWAT turret.",
	"wolfhud_gadget_turret_laser_rearming_options_name" : "Turret Laser (Rearming)",
	"wolfhud_gadget_turret_laser_rearming_options_help" : "Laser settings for the reloading SWAT turret.",
	"wolfhud_gadget_turret_laser_mad_options_name" : "Turret Laser (Mad)",
	"wolfhud_gadget_turret_laser_mad_options_help" : "Laser settings for the jammed SWAT turret.",
	"wolfhud_gadget_player_flashlight_options_name" : "Player Flashlight",
	"wolfhud_gadget_player_flashlight_options_help" : "Settings for your local flashlight.",
	"wolfhud_gadget_team_flashlight_options_name" : "Teammate Flashlight",
	"wolfhud_gadget_team_flashlight_options_help" : "Settings for your Teammates flashlights.",

	"wolfhud_gadgets_enabled_title" : "Nadpisz kolor",
	"wolfhud_gadgets_enabled_desc" : "Use this definition instead of the gadget configuration.",
	"wolfhud_gadgets_beam_r_title" : "Laser Beam (R)",
	"wolfhud_gadgets_beam_r_desc" : "Red component of the laser color.",
	"wolfhud_gadgets_beam_g_title" : "Laser Beam (G)",
	"wolfhud_gadgets_beam_g_desc" : "Green component of the laser color.",
	"wolfhud_gadgets_beam_b_title" : "Laser Beam (B)",
	"wolfhud_gadgets_beam_b_desc" : "Blue component of the laser color.",
	"wolfhud_gadgets_beam_a_title" : "Laser Beam Alpha",
	"wolfhud_gadgets_beam_a_desc" : "Opacity of the laser beam.",
	"wolfhud_gadgets_dot_match_title" : "Matching Dot Color",
	"wolfhud_gadgets_dot_match_desc" : "Determines, if the laser dot should match the beam in color.",
	"wolfhud_gadgets_dot_r_title" : "Laser Dot (R)",
	"wolfhud_gadgets_dot_r_desc" : "Red component of the laser dots color.",
	"wolfhud_gadgets_dot_g_title" : "Laser Dot (G)",
	"wolfhud_gadgets_dot_g_desc" : "Green component of the laser dots color.",
	"wolfhud_gadgets_dot_b_title" : "Laser Dot (B)",
	"wolfhud_gadgets_dot_b_desc" : "Blue component of the laser dots color.",
	"wolfhud_gadgets_dot_a_title" : "Laser Dot Alpha",
	"wolfhud_gadgets_dot_a_desc" : "Opacity of the laser dot.",
	"wolfhud_gadgets_glow_match_title" : "Matching Glow Color",
	"wolfhud_gadgets_glow_match_desc" : "Determines, if the lasers glow should match the beam in color.",
	"wolfhud_gadgets_glow_r_title" : "Laser Glow (R)",
	"wolfhud_gadgets_glow_r_desc" : "Red component of the laser glow color.",
	"wolfhud_gadgets_glow_g_title" : "Laser Glow (G)",
	"wolfhud_gadgets_glow_g_desc" : "Green component of the laser glow color.",
	"wolfhud_gadgets_glow_b_title" : "Laser Glow (B)",
	"wolfhud_gadgets_glow_b_desc" : "Blue component of the laser glow color.",
	"wolfhud_gadgets_glow_a_title" : "Laser Glow Alpha",
	"wolfhud_gadgets_glow_a_desc" : "Opacity of the laser glow.",
	"wolfhud_gadgets_light_r_title" : "Flashlight (R)",
	"wolfhud_gadgets_light_r_desc" : "Red component of the flashlight color.",
	"wolfhud_gadgets_light_g_title" : "Flashlight (G)",
	"wolfhud_gadgets_light_g_desc" : "Green component of the flashlight color.",
	"wolfhud_gadgets_light_b_title" : "Flashlight (B)",
	"wolfhud_gadgets_light_b_desc" : "Blue component of the flashlight color.",
	"wolfhud_gadgets_light_brightness_title" : "Flashlight Brightness",
	"wolfhud_gadgets_light_brightness_desc" : "Brightness of the flashlight.",
	"wolfhud_gadgets_light_angle_title" : "Flashlight Angle",
	"wolfhud_gadgets_light_angle_desc" : "The angle the flashlight shines in.",
	"wolfhud_gadgets_light_range_title" : "Flashlight Range",
	"wolfhud_gadgets_light_range_desc" : "Distance the Flashlight can cover.",
	"wolfhud_gadgets_rainbow_enabled_title" : "Enable Rainbow",
	"wolfhud_gadgets_rainbow_enabled_desc" : "Enables the rainbow mode.",
	"wolfhud_gadgets_rainbow_frequency_title" : "Rainbow Frequency",
	"wolfhud_gadgets_rainbow_frequency_desc" : "Determines how fast the rainbow changes colors.",
	"wolfhud_gadgets_pulse_enabled_title" : "Enable Pulse",
	"wolfhud_gadgets_pulse_enabled_desc" : "Activates the pulse mode.",
	"wolfhud_gadgets_pulse_min_title" : "Pulse Min",
	"wolfhud_gadgets_pulse_min_desc" : "Minimum Opacity modificator that gets used.",
	"wolfhud_gadgets_pulse_max_title" : "Pulse Max",
	"wolfhud_gadgets_pulse_max_desc" : "Maximum Opacity modificator that gets used.",
	"wolfhud_gadgets_pulse_frequency_title" : "Pulse Frequency",
	"wolfhud_gadgets_pulse_frequency_desc" : "Determines the time it takes the pulse from minimum to maximum opacity multiplicator.",

	"wolfhud_skipit_options_name" : "Skip-It Options",
	"wolfhud_skipit_options_help" : "Options to skip unnecessary menus automatically to save your time.",
	"wolfhud_assaultbanner_options_name" : "Assault Banner Options",
	"wolfhud_assaultbanner_options_help" : "Options to change the Assault Banner.",

	"wolfhud_panels_show_bulletstorm_title" : "Show BulletStorm Indicator",
	"wolfhud_panels_show_bulletstorm_desc" : "Displays a flashing glow when the BulletStorm skill is activated.",
	"wolfhud_invertedfbg_title" : "Enable Inverted Flashbang Glare",
	"wolfhud_invertedfbg_desc" : "This changes the flashbang glare from white to black",
	"wolfhud_enemy_bolivian_security_mex" : "Coyopa Security",

    "wolfhud_infopanels_buff_player_actions_options_name" : "Player Action Options",
	"wolfhud_infopanels_buff_player_actions_options_help" : "Enable/disable specific actions",
	"wolfhud_hudlist_anarchist_armor_regeneration_action_title" : "Anarchist Armor Regeneration",
	"wolfhud_hudlist_anarchist_armor_regeneration_buff_desc" : "",
	"wolfhud_hudlist_standard_armor_regeneration_action_title" : "Armor Regeneration",
	"wolfhud_hudlist_standard_armor_regeneration_action_desc" : "",
	"wolfhud_hudlist_weapon_charge_action_title" : "Weapon Charge",
	"wolfhud_hudlist_weapon_charge_action_desc" : "",
	"wolfhud_hudlist_melee_charge_action_title" : "Melee Charge",
	"wolfhud_hudlist_melee_charge_action_desc" : "",
	"wolfhud_hudlist_reload_action_title" : "Reload Duration",
	"wolfhud_hudlist_reload_action_desc" : "",
	"wolfhud_hudlist_interact_action_title" : "Interaction Duration",
	"wolfhud_hudlist_interact_action_desc" : "",
	"wolfhud_heist_timer_title" : "Show Heist Timer In Chat",
	"wolfhud_heist_timer_desc" : "This shows the heist timer from the chat box",
	"wolfhud_enable_time_left_title" : "Ingame join remaining",
	"wolfhud_enable_time_left_desc" : "In-game joining dialog will show you how many seconds left",
	"wolfhud_infopanels_show_special_pickups_options_name" : "Special pickups options",
	"wolfhud_infopanels_show_special_pickups_options_help" : "Pick what type of pickups you want to be shown in game.",
	"wolfhud_hudlist_show_crowbar_title" : "Pokaż łomy",
	"wolfhud_hudlist_show_crowbar_desc" : "",
	"wolfhud_hudlist_show_planks_title" : "Pokaż deski",
	"wolfhud_hudlist_show_planks_desc" : "",
	"wolfhud_hudlist_show_keycard_title" : "Pokaż karty",
	"wolfhud_hudlist_show_keycard_desc" : "",
	"wolfhud_enable_peer_ping_title" : "Pokaż ping w lobby",
	"wolfhud_enable_peer_ping_desc" : "Pokazuje ping gracza w lobby.",
	"wolfhud_pacified_civs_alt_icon_title" : "Alternative icon",
	"wolfhud_pacified_civs_alt_icon_desc" : "An optional green icon for pacified civilians",
	"wolfhud_enable_headshot_title" : "Head shot confirm circle",
	"wolfhud_enable_headshot_desc" : "Adds a circle around hit marks when you perform a head shot",
	"wolfhud_enable_mask_instruct_title" : "Mask Instruction",
	"wolfhud_enable_mask_instruct_desc" : "Show the prompt to put your mask on when the game begins",
	"wolfhud_enable_joker_contour_title" : "Colored Convert outlines",
	"wolfhud_enable_joker_contour_desc" : "Make the outline of converted cops match their owner's color",
	"wolfhud_enable_sub_title" : "Cień pod napisami",
	"wolfhud_enable_sub_desc" : "Dodaje mały cień pod napisami",
    "wolfhud_sub_scale_title" : "Skala napisów",
    "wolfhud_sub_scale_desc" : "Zmienia wielkosć napisów",
	"wolfhud_enable_inspire_hint_title" : "Inspire cooldown hint",
    "wolfhud_enable_inspire_hint_desc" : "Adds a hint message displaying the remaining cooldown time for inspire",
	"wolfhud_inspire_hint_text" : "Inspire still has a cooldown of %.f seconds",
	"wolfhud_create_empty_lobby_title" : "Utwórz pustą sesję",
	"wolfhud_create_empty_lobby_desc" : "Tworzy pustą sesję w trybie wieloosobowym.",
	"wolfhud_mischud_options_name" : "Pozostałe opcje HUD",
	"wolfhud_mischud_options_help" : "Zawiera pozostałe opcje dostosowania HUDa",
	"wolfhud_show_heat_title" : "Show Heat",
	"wolfhud_show_heat_desc" : "Shows heat icons in the contract broker",
	"wolfhud_crnt_size_title" : "CrimeNet Scale",
	"wolfhud_crnt_size_desc" : "Resize Crimenet font size",
	"wolfhud_crnt_sort_title" : "Sort CrimeNet",
	"wolfhud_crnt_sort_desc" : "Sort Crimenet contracts by difficulty\nNote: requires Align Crimenet to work as expected",
	"wolfhud_crnt_align_title" : "Align CrimeNet",
	"wolfhud_crnt_align_desc" : "Align crimenet contracts to into a grid",
	"wolfhud_crnt_colorize_title" : "Colorize CrimeNet",
	"wolfhud_crnt_colorize_desc" : "Color-code Crimenet contracts by difficulty and tone down heat bonus glow",
	"wolfhud_show_reduction_title" : "Show Experience Reduction",
	"wolfhud_show_reduction_desc" : "Shows experience reduction icons in the contract broker",
	"wolfhud_waypoints_color_enable_title" : "Allow Waypoint Coloring",
	"wolfhud_waypoints_color_enable_desc" : "Allows Wolfhud to control mission waypoint colors",
	"wolfhud_wolfhud_pacified_civs_new_icons_title" : "Enable Suspicion Icons",
	"wolfhud_wolfhud_pacified_civs_new_icons_desc" : "This option lets you tweak various suspicion icons",
	"wolfhud_pacified_civs_new_wolf_icon_title" : "Subdued Civillian Blue Tick",
	"wolfhud_pacified_civs_new_wolf_icon_desc" : "Changes the subdued civillian icon to a blue tick",
	"wolfhud_pacified_civs_new_icon_title" : "Improved Suspicion Icons",
	"wolfhud_pacified_civs_new_icon_desc" : "Changes default ? and ! to more informational guard / camera / civilian icons",
	"wolfhud_drill_icons_title" : "Show drill upgrade icons",
	"wolfhud_drill_icons_desc" : "Display active drill skills when interacting with drills/saws",
	"wolfhud_enemy_escort_it_guy" : "Bank IT Guy",
	"wolfhud_hudlist_loot_egg" : "Jako",
	"wolfhud_hudlist_loot_treasure" : "Treasure",
	"wolfhud_enemy_mariachi" : "Mariachi Band Member",
    "wolfhud_hud_scale_title" : "Skala HUD",
    "wolfhud_hud_scale_desc" : "Zmienia skalę HUDa",
	"wolfhud_enable_joker_floating_name_title" : "Pokaż nazwę Jokera",
	"wolfhud_enable_joker_floating_name_desc" : "Pokazuje nazwę skonwertowanego przeciwnika.",
	"wolfhud_enable_joker_floating_hp_title" : "Pokaż zdrowie Jokera",
	"wolfhud_enable_joker_floating_hp_desc" : "Pokazuje stan zdrowia skonwertowanego przeciwnika.",
	"wolfhud_enable_joker_floating_kills_title" : "Pokaż zabójstwa Jokera",
	"wolfhud_enable_joker_floating_kills_desc" : "Pokazuje liczbę zabójstw skonwertowanego przeciwnika.",
	"wolfhud_enable_swan_song_effect_title" : "Efekt Swan Song",
	"wolfhud_enable_swan_song_effect_desc" : "Ekran będzie migał na niebiesko podczas swan song.",
	"wolfhud_enable_kingpin_effect_title" : "Efekt Kingpin Injector",
	"wolfhud_enable_kingpin_effect_desc" : "Ekran będzie migał na pomarańczowo, gdy kingpin injector jest aktywny.",
	"wolfhud_enemy_deathvox_light" : "Jednostka ZEAL",
	"wolfhud_enemy_deathvox_heavy" : "Ciężki ZEAL",
	"wolfhud_enemyhealthbarenemy_hurt_color_title" : "Enemy damage color",
	"wolfhud_enemyhealthbarenemy_hurt_color_desc" : "Set the color for the health indicator to flash when you deal some damage to the enemy.",
	"wolfhud_enemyhealthbarenemy_kill_color_title" : "Enemy kill color",
	"wolfhud_enemyhealthbarenemy_kill_color_desc" : "Set the color for the health indicator to flash when you kill an enemy.",
	"wolfhud_dmg_popup_show_alt_civ_popup_title" : "Show Civillian Damage Popup",
	"wolfhud_dmg_popup_show_alt_civ_popup_desc" : "Enables civillian damage popup.",
	"wolfhud_dmg_popup_time_alt_title" : "Popup Alt Time",
	"wolfhud_dmg_popup_time_alt_desc" : "Determines how long the popup will stay.",
	"wolfhud_enemyhealthbar_show_multiplied_enemy_health" : "Show enemy health x10",
	"wolfhud_enemyhealthbar_show_multiplied_enemy_health_desc" : "Shows the enemy health x10. This makes the health values consistent with weapon damage stats.",
	"wolfhud_dmg_popup_body_glow_color_title" : "Bodyshot Glow Popup Color",
	"wolfhud_dmg_popup_body_glow_color_desc" : "Configure the bodyshot glow color.",
	"wolfhud_original_hostage_box_title" : "Show Original Hostage Box",
	"wolfhud_original_hostage_box_desc" : "Shows the original hostage box on the hud.",
	"wolfhud_shuffle_music_title" : "Mieszaj muzykę",
	"wolfhud_shuffle_music_desc" : "Muzyka będzie się zmieniać po każdej z fal",
	"wolfhud_wave_counter_title" : "Licznik fal",
	"wolfhud_wave_counter_desc" : "Włącza własny licznik fal",
	"wolfhud_dmg_popup_show_rainbow_popups" : "Enable Rainbow Popups",
	"wolfhud_dmg_popup_show_rainbow_popups_desc" : "Enables rainbow damage popups\nRequires a level restart to take effect",
	"wolfhud_dmg_popup_show_damage_per_hit" : "Show damage for each hit",
	"wolfhud_dmg_popup_show_damage_per_hit_desc" : "Show a separate damage popup for each hit or a single incrementing one",
	"wolfhud_dmg_popup_show_enemy_health_mul" : "Show enemy health x10",
	"wolfhud_dmg_popup_show_enemy_health_mul_desc" : "Shows the enemy health x10. This makes the health values consistent with weapon damage stats.",
	"wolfhud_dmg_popup_hit_display_duration" : "Damage popup display time",
	"wolfhud_dmg_popup_hit_display_duration_desc" : "Change the time that the damage popup stays on screen",
	"wolfhud_dmg_popup_hit_chg_per_tick" : "non-fatal hit movement speed",
	"wolfhud_dmg_popup_hit_chg_per_tick_desc" : "Change the speed that the damage popup moves upward for non-fatal hits.",
	"wolfhud_dmg_popup_fatal_hit_chg_per_tick" : "fatal hit movement speed",
	"wolfhud_dmg_popup_fatal_hit_chg_per_tick_desc" : "Change the speed that the damage popup moves upward for fatal hits.",
	"wolfhud_dmg_popup_damage_vert_offset" : "Damage popup vertical offset",
	"wolfhud_dmg_popup_damage_vert_offset_desc" : "Change the vertical offset for the damage popup",
	"wolfhud_dmg_popup_damage_kill_flash_spd" : "Damage popup flashing speed",
	"wolfhud_dmg_popup_damage_kill_flash_spd_desc" : "Change the speed of how fast the damage popup flashes",
	"wolfhud_confirn_dialogs_title" : "Disable Confirm Dialogs",
	"wolfhud_confirn_dialogs_desc" : "Disables confirm dialogs for certain actions",
	"wolfhud_save_filters_title" : "Save Lobby Settings",
	"wolfhud_save_filters_desc" : "This enables save of your lobby settings",
	"wolfhud_shoot_through_bots_title" : "Strzelanie przez boty/jokerów",
	"wolfhud_shoot_through_bots_desc" : "Twoje pociski przechodzą przez boty/jokerów",
	"wolfhud_dmg_popup_linux_compat_title" : "Kompatybilność z Windowsem",
	"wolfhud_dmg_popup_linux_compat_desc" : "Wyłącz w przypadku grania na Linuxie",
	"wolfhud_replace_joker_title" : "Zamień Jokerów",
	"wolfhud_replace_joker_desc" : "Gdy konwertujesz Jokera, zabija poprzedniego",
	"wolfhud_dmg_popup_scale_alt_title" : "Popup Scale WolfHUD",
	"wolfhud_dmg_popup_scale_alt_desc" : "Changes the size of the WolfHUD damage popups.",
	"wolfhud_show_silent_weapons_title" : "Show Silent Weapons",
	"wolfhud_show_silent_weapons_desc" : "Pokazuje symbol ducha obok wyciszonej broni w ekwipunku",
	"wolfhud_chat_y_pos_title" : "Set Position From Bottom",
	"wolfhud_chat_y_pos_desc" : "Moves the custom chat box up or down",
	"wolfhud_panels_health_armor_num_title" : "Show Health and Armor As Numbers",
	"wolfhud_panels_health_armor_num_desc" : "Shows health and armor as a number",
	"wolfhud_panels_hide_health_armor_title" : "Hide Health and Armor Circles",
	"wolfhud_panels_hide_health_armor_desc" : "Hides the health and armor circles",
	"fastnet_sa" : "FAST.Net",
	"state_filter" : "Stan",
	"menu_state_filter" : "Filtr",
	"menu_lobby_days_title" : "DNI:",
	"menu_state_lobby" : "Lobby",
	"menu_state_loading" : "Wczytywanie",
	"menu_state_ingame" : "W grze",
	"menu_state_filter_help" : "Change the filter for the current lobby state",
	"menu_servers_filter" : "Maksimum serwerów",
	"menu_servers_filter_help" : "Wybierz maksymalną ilość serwerów, które mogą pojawić się jednocześnie na ekranie",
	"menu_lobby_job_plan_title" : "Plan na Robotę:",
	"menu_job_plan_-1" : "N/A",
	"menu_job_plan_1" : "Głośno",
	"menu_job_plan_2" : "Cicho",
	"menu_stat_job_completed_new" : "$stat",
	"menu_stat_job_new" : "Ukończonych kontraktów: ",
	"menu_fastnet_help" : "Przeglądarka Serwerów Payday 2: Dzięki temu łatwiej będzie znaleźć gry",
	"FastNETMenuSortAlphabeticallyHeistsTitleID" : "Sort Heist Filter",
	"FastNETMenuSortAlphabeticallyHeistsDescID" : "Sorts the heists filter alphabetically",
	"xp_amount" : "Ilość doświadczenia: $XP",
	"wolfhud_show_custom_inv_names_title" : "Show Custom Inventory Names",
	"wolfhud_show_custom_inv_names_desc" : "Shows custom inventory names. Disable if you're using TdLQ's version",
	"wolfhud_enemy_triad" : "Triada",
	"FastNETENABLEDTitleID" : "Pokaż Fast.Net w menu głównym",
	"FastNETENABLEDDescID" : "Pokazuje Fast.Net w menu głównym",
	"wolfhud_hide_interaction_text_title" : "Show Interaction Instructions",
	"wolfhud_hide_interaction_text_desc" : "Pokazuje tekst od przytrzymania klawisza interakcji.",
	"wolfhud_languages_japanese" : "Japoński",
	"wolfhud_hudlist_show_jokers_health_bar_title" : "Pokaż Zdrowie Jokerów",
	"wolfhud_hudlist_show_jokers_health_bar_desc" : "Pokazuje zdrowie jokerów",
	"wolfhud_hudlist_show_jokers_kill_counter_title" : "Pokaż zabójstwa Jokerów",
	"wolfhud_hudlist_show_jokers_kill_counter_desc" : "Pokazuje zabójstwa jokerów",

	"wolfhud_disable_blend_mode_title" : "Disable Blend Mode For CustomHUD",
	"wolfhud_disable_blend_mode_desc" : "Disables the blend mode for CustomHUD",
	"wolfhud_pd2stylebox_title" : "Payday 2 Style Boxes",
	"wolfhud_pd2stylebox_desc" : "Switches the HUDList boxes to use the Payday 2 style",

	"wolfhud_use_enhanced_objective_title" : "Włącz rozszerzony panel Zadań",
	"wolfhud_use_enhanced_objective_desc" : "Zastępuje domyślny panel Zadań jego rozszerzoną wersją",
	"wolfhud_use_customhud_title" : "CustomHUD WolfHUD",
	"wolfhud_use_customhud_desc" : "Zastępuje domyślny HUD zaawansowaną wersją CustomHUD, stworzoną przez Se7en.\n(Restart mapy jest wymagany...)",
	"wolfhud_use_vanilla" : "Domyślny",

	"wolfhud_menu_options_name" : "Poprawki menu",
	"wolfhud_menu_options_help" : "Zmiana opcji menu i ekwipunku",
	"wolfhud_equipment_options_name" : "Poprawki w ekwipunku",
	"wolfhud_equipment_options_help" : "Zmiana opcji ekwipunku",

	"wolfhud_hud_type_title" : "Rodzaj HUDa",
	"wolfhud_hud_type_desc" : "Wybór jednego z rodzajów HUDa\n(Restart mapy jest wymagany...)",
	"wolfhud_waypoint_scale_title" : "Skala niestandardowych wskaźników",
	"wolfhud_waypoint_scale_desc" : "Ustawia skalę niestandardowych wskaźników",

	"wolfhud_show_empty_lobby_title" : "Enable Create Empty Lobby",
	"wolfhud_show_empty_lobby_desc" : "Enables create empty lobby item on the main menu",

	"wolfhud_panels_show_new_downcounter_title" : "Pokaż domyślny licznik obezwładnień",
	"wolfhud_panels_show_new_downcounter_desc" : "Pokaż domyślny licznik obezwładnień dla każdego gracza.",

	"wolfhud_hudlist_copr_buff_title" : "Ampule (Leech)",
	"wolfhud_hudlist_copr_buff_desc" : "",
	"wolfhud_dialog_force_start_msg" : "The game was forced to start",

	"wolfhud_chat_x_pos_title" : "Ustaw Pozycję od lewej strony",
	"wolfhud_chat_x_pos_desc" : "Przesuwa okno czatu w lewo lub prawo",

	"wolfhud_enemy_yufuwang_armored_boss" : "Uzbrojony Yufu Wang",
	"wolfhud_enemy_yufuwang_no_armor_boss" : "Yufu Wang",

	"wolfhud_enable_bg_title" : "Enable Background HUDList Box",
	"wolfhud_enable_bg_desc" : "Adds a background to HUDList boxes, allowing you to change the colors",

	"wolfhud_hide_bag_value_text_title" : "Hide Bag Value",
	"wolfhud_hide_bag_value_text_desc" : "Hides the bag value when looking at a bag",

	"wolfhud_hide_casing_title" : "Ukryj panel trybu obserowania",
	"wolfhud_hide_casing_desc" : "Ukrywa panel trybu obserowania",

	"wolfhud_hudlist_armor_break_invulnerable_debuff_title" : "Armor Break Invulnerability Debuff",
	"wolfhud_hudlist_armor_break_invulnerable_debuff_desc" : "",

	"wolfhud_fastnet_update" : "$BTN_X; Aktualizuj",
	"wolfhud_fastnet_filters" : "$BTN_Y; Filtry",

	"wolfhud_enemy_marshal_marksman" : "Strzelec wyborowy",

	"wolfhud_sub_height_title" : "Ustaw Pozycję Napisów",
	"wolfhud_sub_height_desc" : "Ustawia pozycję napisów zaczynając od 0 od góry do 800 na dole",

	"wolfhud_hudlist_buff_list_x_offset_title" : "Buff List Horizontal Offset",
	"wolfhud_hudlist_buff_list_x_offset_desc" : "Sets the horizontal offset for the buffs list",

	"wolfhud_hudlist_loot_tea" : "Tea",
    "wolfhud_hudlist_loot_dragon" : "Dragon",

	"wolfhud_panels_show_detectioncounter_title" : "Pokaż Ryzyko Wykrycia",
	"wolfhud_panels_show_detectioncounter_desc" : "Pokazuje ryzyko wykrycia dla każdego gracza. \nLicznik wskazuje na ryzyko wykrycia ciebie, twoich kompanów lub oba.",

	"wolfhud_drill_icons_x_pos_title" : "Drill Upgrades Icons Horizontal Position",
	"wolfhud_drill_icons_x_pos_desc" : "Sets the horizontal position of the drill upgrades icons",
	"wolfhud_drill_icons_y_pos_title" : "Drill Upgrades Icons Vertical Position",
	"wolfhud_drill_icons_y_pos_desc" : "Sets the vertical position of the drill upgrades icons",
	"wolfhud_drill_icons_scale_title" : "Drill Upgrades Icons Scale",
	"wolfhud_drill_icons_scale_desc" : "Sets the scale of the drill upgrade icons",

	"wolfhud_use_standard_scene_title" : "FAST.NET Użyj Domyślnej Sceny",
	"wolfhud_use_standard_scene_desc" : "Używa domyślnej sceny dla FAST.NET",

	"wolfhud_infopanels_color_options_name" : "Opcje kolorów HUDList",
	"wolfhud_infopanels_color_options_help" : "Opcje kolorów dla HUDList",
	"wolfhud_hudlist_left_box_color_title" : "Kolor Fonta Lewego Boksa",
	"wolfhud_hudlist_left_box_color_desc" : "Kolor dla fonta w lewym boksie\n(Restart mapy jest wymagany...)",
	"wolfhud_hudlist_left_box_bg_color_title" : "Kolor Tła Lewego Boksa",
	"wolfhud_hudlist_left_box_bg_color_desc" : "Kolor dla tła w lewym boksie.\n(Restart mapy jest wymagany...)",
	"wolfhud_hudlist_turret_color_title" : "Kolor Wieżyczki",
	"wolfhud_hudlist_turret_color_desc" : "Kolor dla wieżyczki w liczniku przeciwników.",
	"wolfhud_hudlist_shield_color_title" : "Kolor Tarczowników",
	"wolfhud_hudlist_shield_color_desc" : "Kolor dla tarczowników w liczniku przeciwników..",
	"wolfhud_hudlist_tank_color_title" : "Kolor Buldożerów",
	"wolfhud_hudlist_tank_color_desc" : "Kolor dla buldużerów w liczniku przeciwników..",
	"wolfhud_hudlist_sniper_color_title" : "Kolor snajperów",
	"wolfhud_hudlist_sniper_color_desc" : "Kolor dla snajperów w liczniku przeciwników..",
	"wolfhud_hudlist_spooc_color_title" : "Kolor Cloakerów",
	"wolfhud_hudlist_spooc_color_desc" : "Kolor dla wieżyczki w liczniku przeciwników.",
	"wolfhud_hudlist_taser_color_title" : "Kolor Taserów",
	"wolfhud_hudlist_taser_color_desc" : "Kolor dla taserów w liczniku przeciwników..",
	"wolfhud_hudlist_medic_color_title" : "Kolor Medyków",
	"wolfhud_hudlist_medic_color_desc" : "Kolor dla medyków w liczniku przeciwników.",
	"wolfhud_hudlist_phalanx_color_title" : "Kolor Kaptaina Wintersa",
	"wolfhud_hudlist_phalanx_color_desc" : "Kolor dla Kapitana Wintersa w liczniku przeciwników.",
	"wolfhud_hudlist_buff_icon_color_standard_title" : "Buff Icon Color Standard",
	"wolfhud_hudlist_buff_icon_color_standard_desc" : "",
	"wolfhud_hudlist_buff_icon_color_buff_title" : "Buff Icon Color Buffs",
	"wolfhud_hudlist_buff_icon_color_buff_desc" : "",
	"wolfhud_hudlist_buff_icon_color_debuff_title" : "Buff Icon Color Debuffs",
	"wolfhud_hudlist_buff_icon_color_debuff_desc" : "",
	"wolfhud_hudlist_buff_icon_color_team_title" : "Buff Icon Color Team",
	"wolfhud_hudlist_buff_icon_color_team_desc" : "",
	"wolfhud_enemy_marshal_shield" : "Tarczownik Marshala",
	"wolfhud_enemy_marshal_shield_break" : "Specjalista Marshala",
	"wolfhud_enemy_ranchmanager" : "Esteban",
	"wolfhud_hudlist_right_list_bg_alpha_title" : "Przezroczystość Tła Prawej Listy",
	"wolfhud_hudlist_right_list_bg_alpha_desc" : "Zmienia przezroczystość tła prawej listy",
	"wolfhud_hudlist_left_list_bg_alpha_title" : "Przezroczystość Tła Lewej Listy",
	"wolfhud_hudlist_left_list_bg_alpha_desc" : "Zmienia przezroczystość tła lewej listy",
	"wolfhud_hudlist_loot_plates" : "Płyty drukarskie",
	"wolfhud_colors_debuff" : "Debuff",
	"wolfhud_colors_team" : "Zespół",

	"wolfhud_hide_content_news_title" : "Hide New Content Banner",
	"wolfhud_hide_content_news_desc" : "Hides the new content news banner in the main menu",
	"wolfhud_hudlist_old_sixth_sense_buff_title" : "Old Sixth Sense Faster Contour Highlight",
	"wolfhud_hudlist_old_sixth_sense_buff_desc" : "Makes the contour highlight instant after the countdown, instead of one at a time",

	"wolfhud_hudlist_copycat_health_invul_buff_title" : "Copycat (Health Invulnerability)",
	"wolfhud_hudlist_copycat_health_invul_buff_desc" : "",
	"wolfhud_hudlist_copycat_health_shot_buff_title" : "Copycat (Headshot Health Regen)",
	"wolfhud_hudlist_copycat_health_shot_buff_desc" : "",

	"wolfhud_hudlist_guard_color_title" : "Guard Color",
	"wolfhud_hudlist_guard_color_desc" : "Color for Guards in EnemyCounter.",
	"wolfhud_hudlist_timers_color_title" : "Timers Color",
	"wolfhud_hudlist_timers_color_desc" : "Color for drills/saws/hacks etc",
	"wolfhud_hudlist_equipment_color_title" : "Deployable Color",
	"wolfhud_hudlist_equipment_color_desc" : "Color for the number of deployables on the map",
	"wolfhud_hudlist_minions_info_color_title" : "Joker Kill and Health Info Color",
	"wolfhud_hudlist_minions_info_color_desc" : "Color for Jokers kill and health info",
	"wolfhud_hudlist_pagers_timer_color_title" : "Pagers Timer Color",
	"wolfhud_hudlist_pagers_timer_color_desc" : "Color for pagers timer",
	"wolfhud_hudlist_ecms_color_title" : "ECM Timer Color",
	"wolfhud_hudlist_ecms_color_desc" : "Color for ECM timer",
	"wolfhud_hudlist_ecm_feedback_color_title" : "ECM Feedback Timer Color",
	"wolfhud_hudlist_ecm_feedback_color_desc" : "Color for the ECM timer",
	"wolfhud_hudlist_tape_loop_color_title" : "Camera Loop Timer Color",
	"wolfhud_hudlist_tape_loop_color_desc" : "Color for the camera loop timer",
	"wolfhud_hudlist_jokers_color_title" : "Jokers Color",
	"wolfhud_hudlist_jokers_color_desc" : "Color for the number of current jokers",
	"wolfhud_hudlist_pagers_color_title" : "Pagers Color",
	"wolfhud_hudlist_pagers_color_desc" : "Color for the number of active pagers on a map",
	"wolfhud_hudlist_cam_color_title" : "Camera Color",
	"wolfhud_hudlist_cam_color_desc" : "Color for the number of cameras active on a map",
	"wolfhud_hudlist_bodybags_color_title" : "Body Bags Color",
	"wolfhud_hudlist_bodybags_color_desc" : "Color for bodybags left in your inventory",
	"wolfhud_hudlist_corpse_color_title" : "Corpse Color",
	"wolfhud_hudlist_corpse_color_desc" : "Color for the number of corpses on Boiling Point",
	"wolfhud_hudlist_loot_color_title" : "Lootbags Color",
	"wolfhud_hudlist_loot_color_desc" : "Color for the number of loot available on a map",
	"wolfhud_hudlist_special_items_color_title" : "Special Items Color",
	"wolfhud_hudlist_special_items_color_desc" : "Color for the number of special items available on a map",

	"wolfhud_hudlist_show_gage_packages_title" : "Show Gage Packages",
	"wolfhud_hudlist_show_gage_packages_desc" : "",

	"wolfhud_hudlist_loot_papers" : "Papers",
	"wolfhud_fastnet_reconnect" : "$BTN_START Reconnect",
	"wolfhud_no_lobby_collect_to" : "Seems like there's no server to connect to",

	"wolfhud_enemy_zeal_heavy_swat" : "Zeal Heavy SWAT",
	"wolfhud_enemy_zeal_swat" : "Zeal SWAT",
	"wolfhud_colored_ammo" : "",

	"wolfhud_enemy_hatman" : "Headless Hatman",
	"wolfhud_enemy_autumn" : "Captain Autumn",
	"wolfhud_enemy_phalanx_minion_assault" : "Titan Shield",
	"wolfhud_enemy_phalanx_vip_break" : "Captain Winters",
	"wolfhud_enemy_dave" : "Dave",
	"wolfhud_enemy_meme" : "Meme Man",
	"wolfhud_enemy_meme_shield" : "Meme Man Shield",
	"wolfhud_enemy_fbi_titan" : "ASU",
	"wolfhud_enemy_weekend_sniper" : "National Guard Sniper",
	"wolfhud_enemy_weekend" : "National Guard Soldier",
	"wolfhud_enemy_weekend_lmg" : "National Guard LMG Soldier",
	"wolfhud_enemy_weekend_guard" : "National Security Guard",
	"wolfhud_enemy_weekend_lmg_guard" : "National LMG Security Guard",
	"wolfhud_enemy_biker_guard" : "Biker Guard",
	"wolfhud_enemy_titan_swat" : "Titan SWAT",
	"wolfhud_enemy_titan_swat_assault" : "Titan SWAT",
	"wolfhud_enemy_enforcer" : "Enforcer",
	"wolfhud_enemy_enforcer_assault" : "Enforcer",
	"wolfhud_enemy_tank_black" : "Blackdozer",
	"wolfhud_enemy_tank_skull" : "Skulldozer",
	"wolfhud_enemy_tank_biker" : "Biker Bulldozer",
	"wolfhud_enemy_tank_titan" : "Titan Bulldozer",
	"wolfhud_enemy_spook_titan" : "Titan Cloaker",
	"wolfhud_enemy_spook_gangster" : "Gangster Cloaker",
	"wolfhud_enemy_taser_titan" : "Titan Taser",

	"wolfhud_susp_custom_huds_support_title" : "Custom HUDs Support",
	"wolfhud_susp_custom_huds_support_desc" : "Only enable if you're crashing"
}