{
	"menu_jowi" : "Wick",
	"hud_int_hold_grab_the_bag" : "Segure $INTERACT para pegar a bag de $BAG",

	"wolfhud_dialog_force_start_title" : "Forçar início de jogo?",
	"wolfhud_dialog_force_start_desc" : "Você tem certeza que quer forçar o início do jogo?\n\nFavor use apenas para salas bugadas, ou se um player estiver AFK.\nCertifique-se que todos tiveram tempo de escolher o loadout.",
	"wolfhud_dialog_install_title" : "Instalar: $NAME",
	"wolfhud_dialog_install_desc" : "Você quer instalar '$NAME'?",
	"wolfhud_dialog_remind_later" : "Perguntar mais tarde",
	"wolfhud_dialog_install_fed_inv_desc" : "Federal Inventory é um mod override, que instala ícones coloridos para suas armas, máscaras e deployables.\nÉ ótimo quando usado com um CustomHUD e usará o atualizador do BLT.",
	"wolfhud_dialog_rename_inv_tab" : "Renomear a página do inventário",
	"wolfhud_dialog_rename_inv_tab_desc" : "Tecle um novo nome para esta página de inventário.",
	"wolfhud_dialog_save" : "Gravar",
	"woldhud_notification_disabled_override_title" : "VHUDPlus: $NAME está atualmente desativado.",
	"woldhud_notification_disabled_override_desc" : "Se você mudou de idéia, clique aqui novamente.",
	"woldhud_notification_restart_override_title" : "VHUDPlus: $NAME está pronto para instalar.",
	"woldhud_notification_restart_override_desc" : "Reinicie o jogo para iniciar o download.",

	"wolfhud_int_locked" : "APERTE $BTN_CANCEL PARA INTERROMPER",
	"wolfhud_int_locked_pager" : "APERTE $BTN_CANCEL PARA INTERROMPER\n(ATIVA O ALARME)",

	"wolfhud_buy_all_assets" : "Comprar tudo",
	"wolfhud_buy_all_assets_desc" : "Compra todos os assets que são permitidos você adquirir.",

	"wolfhud_preplanning_save" : "Salvar plano",
	"wolfhud_preplanning_load" : "Carregar plano",
	"wolfhud_preplanning_reset" : "Resetar plano",
	"wolfhud_preplanning_reset_all" : "Resetar tudo",
	"wolfhud_preplanning_delete" : "Excluir um ou mais planos",
	"wolfhud_preplanning_save_tooltip_title" : "Salvar plano atual:",
	"wolfhud_preplanning_save_tooltip_desc" : "Salva seu plano atual, e terá tempo salvo na próxima vez quando for fazer esta missão.",
	"wolfhud_preplanning_load_tooltip_title" : "Carregar último plano:",
	"wolfhud_preplanning_load_tooltip_desc" : "Abre um menu com todos os planos gravados.",
	"wolfhud_preplanning_reset_tooltip_title" : "Resetar plano atual:",
	"wolfhud_preplanning_reset_tooltip_desc" : "Remove todos os assets do plano atual, assim como os votos.",
	"wolfhud_preplanning_reset_all_tooltip_title" : "Resetar o plano completamente:",
	"wolfhud_preplanning_reset_all_tooltip_desc" : "Remove todos os assets do plano atual, assim como os votos.",
	"wolfhud_preplanning_delete_tooltip_title" : "Excluir plano salvado",
	"wolfhud_preplanning_delete_tooltip_desc" : "Exclua os seus planos salvos para esta missão.",
	"wolfhud_preplanning_manager_title" : "Gerenciador de Preplanning",
	"wolfhud_preplanning_error_no_saved_plans" : "Não foram encontrados planos salvados.",
	"wolfhud_preplanning_error_max_plans_reached" : "Quantidade máxima de planos atingida.",
	"wolfhud_preplanning_votes_title" : "Votos:",
	"wolfhud_preplanning_assets_title" : "Assets:",
	"wolfhud_preplanning_dialog_save" : "Salvar planos?",
	"wolfhud_preplanning_dialog_save_desc" : "$PLAN\n\n\nPor favor, digite um nome para este plano.\n(Usar um nome existente irá sobrescrever o anterior.)",
	"wolfhud_preplanning_dialog_delete" : "Excluir plano?",
	"wolfhud_preplanning_dialog_delete_desc" : "Você tem certeza que quer excluir plano '$NAME'?",
	"wolfhud_preplanning_msg_saved_success" : "Plano salvado com sucesso.",
	"wolfhud_preplanning_msg_saved_failed" : "Ocorreu um erro ao salvar o plano.",
	"wolfhud_preplanning_msg_no_save_slot" : "Quantidade máxima de planos salvados atingida.",
	"wolfhud_preplanning_msg_no_current_plan" : "Você não tem nada planejado que possa ser salvado.",
	"wolfhud_preplanning_msg_loaded_success" : "O plano foi carregado com sucesso.",
	"wolfhud_preplanning_msg_loaded_failed" : "Ocorreu um erro ao carregar o plano.",
	"wolfhud_preplanning_msg_loaded_partitially" : "O plano foi carregado parcialmente: $ERRORMSG",
	"wolfhud_preplanning_msg_loaded_missing_skill" : "Faltando uma Skill",
	"wolfhud_preplanning_msg_loaded_missing_favours" : "Favores insuficientes",
	"wolfhud_preplanning_msg_loaded_missing_money" : "Dinheiro insuficiente",
	"wolfhud_preplanning_msg_reseted_success" : "Resetar plano atual.",
	"wolfhud_preplanning_msg_reseted_failed" : "Ocorreu um erro ao resetar o plano atual.",
	"wolfhud_preplanning_msg_deleted_success" : "O plano foi excluído com sucesso.",
	"wolfhud_preplanning_msg_deleted_failed" : "Ocorreu um erro ao excluir o plano.",
	"wolfhud_preplanning_msg_folder_creation_failed" : "Falha ao criar pasta: $FOLDER \nCertifique-se que o jogo tem as permissões necessárias ou crie-a manualmente.",
	"wolfhud_preplanning_msg_file_creation_failed" : "Falha ao criar arquivo: $FILE \nCertifique-se que o jogo tem as permissões necessárias ou crie-a manualmente.",

	"wolfhud_inv_tab_rename_hint" : "Clique duas vezes na aba para renomeá-la.",

	"wolfhud_loadout_hours_played" : "$HOURS hrs.",

    "wolfhud_profile_switch_title" : "Mudar perfil",
    "wolfhud_profile_switch_title_profiles" : "Perfil:",

	"victory_most_damage" : "Maior dano:",
	"victory_session_damage" : "Dano total:",

	"wolfhud_advassault_phase_title" : "Período do Assault: ",
	"wolfhud_advassault_spawns_title" : "Spawns restantes: ",
	"wolfhud_advassault_time_title" : "Tempo restante: ",
	"wolfhud_advassault_phase_anticipation" : "Anticipation",
	"wolfhud_advassault_phase_build" : "Build",
	"wolfhud_advassault_phase_sustain" : "Sustain",
	"wolfhud_advassault_phase_fade" : "Fade",
	"wolfhud_advassault_time_overdue" : "ATRASADO",
	"wolfhud_locked_assault" : "Assault Infinito!!! É melhor correr!!!",

	"wolfhud_customhud_interaction_done" : "COMPLETO",
	"wolfhud_customhud_interaction_aborted" : "ABORTADO",

	"wolfhud_hudlist_device_timer" : "Timer",
	"wolfhud_hudlist_device_drill" : "Drill",
	"wolfhud_hudlist_device_hack" : "Hack",
	"wolfhud_hudlist_device_saw" : "Serra",
	"wolfhud_hudlist_loot_armor" : "Colete",
	"wolfhud_hudlist_loot_bomb" : "Bomba",
	"wolfhud_hudlist_loot_weapon" : "Arma",
	"wolfhud_hudlist_loot_diamond" : "Diamante",
	"wolfhud_hudlist_loot_evidence" : "Evidência",
	"wolfhud_hudlist_loot_toast" : "Torrada",
	"wolfhud_hudlist_loot_crate" : "Caixa",
	"wolfhud_hudlist_loot_toothbrush" : "Escova",
	"wolfhud_hudlist_loot_bag" : "Bolsa",
	"wolfhud_hudlist_loot_shoes" : "Sapatos",
	"wolfhud_hudlist_loot_toy" : "Brinquedo",
	"wolfhud_hudlist_loot_vr" : "Headset",
	"wolfhud_hudlist_showcase" : "Mostruário",

	"wolfhud_hudlist_buff_basic" : "Básico",
	"wolfhud_hudlist_buff_aced" : "Avançado",
	"wolfhud_hudlist_buff_boost" : "Boost",
	"wolfhud_hudlist_buff_revive" : "Reviver",
	"wolfhud_hudlist_buff_crew_inspire_debuff" : "Reviver (AI)",
	"wolfhud_hudlist_buff_dmg_inc" : "+Dano",
	"wolfhud_hudlist_buff_dmg_dec" : "-Dano",
	"wolfhud_hudlist_buff_mdmg_inc" : "+Dano Melee",
	"wolfhud_hudlist_buff_phealth_reg" : "+HP",
	"wolfhud_hudlist_buff_tot_dodge" : "%Dodge",

	"wolfhud_tabstats_total_damage" : "Dano total:",
	"wolfhud_tabstats_tanks_killed" : "Bulldozers mortos:",
	"wolfhud_tabstats_cloakers_killed" : "Cloakers mortos:",
	"wolfhud_tabstats_shields_killed" : "Shields mortos:",
	"wolfhud_tabstats_snipers_killed" : "Snipers mortos:",
	"wolfhud_tabstats_tasers_killed" : "Tasers mortos:",
	"wolfhud_tabstats_gensec_killed" : "GENSEC mortos:",
	"wolfhud_tabstats_medic_killed" : "Médicos mortos:",
	"wolfhud_tabstats_melee_kills" : "Mortes com melee:",
	"wolfhud_tabstats_explosion_kills" : "Mortes com explõses:",
	"wolfhud_tabstats_nonspecial_kills" : "Mortes de cops não-especiais:",
	"wolfhud_tabstats_total_revives" : "Total de vezes que reviveu (P/AI):",
	"wolfhud_tabstats_alltime_stat" : "Tempo total:",

	"wolfhud_enemy_civilian" : "Civil",
	"wolfhud_enemy_gangster" : "Gangster",
	"wolfhud_enemy_biker" : "Motoqueiro",
	"wolfhud_enemy_bolivian_security" : "Segurança do Sosa",
	"wolfhud_enemy_bolivian_thug" : "Matador do Sosa",
	"wolfhud_enemy_mobster" : "Mafioso Russo",
	"wolfhud_enemy_security" : "Segurança",
	"wolfhud_enemy_gensec" : "Unidade GENSEC",
	"wolfhud_enemy_cop" : "Oficial de polícia",
	"wolfhud_enemy_fbi" : "Unidade do FBI",
	"wolfhud_enemy_swat" : "Unidade da SWAT",
	"wolfhud_enemy_heavy_swat" : "Heavy SWAT",
    "wolfhud_enemy_heavy_swat_sniper" : "Heavy SWAT Sniper",
	"wolfhud_enemy_city_swat" : "Elite Unit",
	"wolfhud_enemy_shield" : "Shield",
	"wolfhud_enemy_spook" : "Cloaker",
	"wolfhud_enemy_taser" : "Taser",
	"wolfhud_enemy_sniper" : "Sniper",
	"wolfhud_enemy_medic" : "Médico",
	"wolfhud_enemy_tank" : "Bulldozer",
	"wolfhud_enemy_tank_hw" : "Dozer Sem-Cabeça",
	"wolfhud_enemy_tank_medic" : "Dozer Médico",
	"wolfhud_enemy_tank_mini" : "Minigun Dozer",
	"wolfhud_enemy_phalanx_minion" : "Winters Shield",
	"wolfhud_enemy_phalanx_vip" : "Capitão Winters",
	"wolfhud_enemy_swat_van" : "SWAT TURRET",
	"wolfhud_enemy_ceiling_turret" : "TURRET",
	"wolfhud_enemy_aa_turret" : "Turret Anti-aéreo",
	"wolfhud_enemy_crate_turret" : "Turret",
	"wolfhud_enemy_sentry_gun" : "SENTRY GUN",
	"wolfhud_enemy_mobster_boss" : "O comissário",
	"wolfhud_enemy_chavez_boss" : "Chavez",
	"wolfhud_enemy_druglord_boss" : "Chefão Sosa",
	"wolfhud_enemy_druglord_boss_stealth" : "Chefão Sosa",
	"wolfhud_enemy_biker_boss" : "Chefe Biker",
	"wolfhud_enemy_bank_manager" : "Gerente do banco",
	"wolfhud_enemy_dah_ralph" : "Ralph Garnet",
	"wolfhud_enemy_inside_man" : "Infiltrado",
	"wolfhud_enemy_escort_undercover" : "Taxman",
	"wolfhud_enemy_escort_heatstreet" : "Matt",
	"wolfhud_enemy_escort_chinese_prisoner" : "Kazo",
	"wolfhud_enemy_escort_cfo" : "Garnett CFO",
	"wolfhud_enemy_escort_reservoirdogs" : "Senhor Pink",
	"wolfhud_enemy_drunk_pilot" : "Piloto bêbado",
	"wolfhud_enemy_escort" : "Escolta",
	"wolfhud_enemy_boris" : "Boris",
	"wolfhud_enemy_spa_vip" : "Charon",
	"wolfhud_enemy_spa_vip_hurt" : "Charon (Hurt)",
	"wolfhud_enemy_old_hoxton_mission" : "Hoxton",
	"wolfhud_enemy_locke_mission" : "Locke",
	"wolfhud_enemy_hector_boss" : "Hector Blindado",
	"wolfhud_enemy_hector_boss_no_armor" : "Hector",
	"wolfhud_enemy_reservoirdogs" : "Senhor Blonde",
	"wolfhud_enemy_crew" : "Aliado",
	"wolfhud_enemy_butler" : "Aldstone",
	"wolfhud_enemy_vlad" : "Vlad",

	"wolfhud_enemy_boom" : "Granadeiro",
	"wolfhud_enemy_omnia_lpf" : "OMNIA L.P.F.",
	"wolfhud_enemy_summers" : "Capitão Summers",
	"wolfhud_enemy_boom_summers" : "Major Molly",
	"wolfhud_enemy_taser_summers" : "Engineer Electrika",
	"wolfhud_enemy_medic_summers" : "Sergeant Doc",
	"wolfhud_enemy_spring" : "Captain Spring",
	"wolfhud_enemy_fbi_vet" : "Veteran Cop",

	"wolfhud_multiselect_all" : "Tudo",
	"wolfhud_multiselect_none" : "Nenhum",
	"wolfhud_multiselect_disabled" : "Desativado",
	"wolfhud_multiselect_random" : "Aleatório",
	"wolfhud_multiselect_left" : "Esquerda",
	"wolfhud_multiselect_center" : "Centro",
	"wolfhud_multiselect_right" : "Direita",

	"wolfhud_colors_white"  : "Branco",
	"wolfhud_colors_light_yellow"  : "Amarelo claro",
	"wolfhud_colors_light_orange"  : "Laranja claro",
	"wolfhud_colors_light_red"  : "Vermelho claro",
	"wolfhud_colors_light_purple"  : "Roxo claro",
	"wolfhud_colors_light_green"  : "Verde claro",
	"wolfhud_colors_light_blue"  : "Azul claro",
	"wolfhud_colors_light_gray" : "Cinza claro",
	"wolfhud_colors_yellow"  : "Amarelo",
	"wolfhud_colors_orange"  : "Laranja",
	"wolfhud_colors_red" : "Vermelho",
	"wolfhud_colors_purple" : "Roxo",
	"wolfhud_colors_green" : "Verde",
	"wolfhud_colors_blue" : "Azul",
	"wolfhud_colors_gray" : "Cinza",
	"wolfhud_colors_black" : "Preto",
	"wolfhud_colors_rainbow" : "Arco-íris",

	"wolfhud_options_name" : "Configurações da VanillaHUD Plus",
	"wolfhud_options_help" : "Personalize VanillaHUD Plus com as suas preferências.",

	"wolfhud_language_title" : "Idioma",
	"wolfhud_language_desc" : "Selecione o idioma para VHUDPLUS.\n(Mudança de mapa é necessário para aplicar...)",

	"wolfhud_languages_english" : "Inglês",
	"wolfhud_languages_german" : "Alemão",
	"wolfhud_languages_dutch" : "Holandês",
	"wolfhud_languages_french" : "Francês",
	"wolfhud_languages_italian" : "Italiano",
	"wolfhud_languages_spanish" : "Espanhol",
	"wolfhud_languages_portuguese" : "Português",
	"wolfhud_languages_russian" : "Russo",
	"wolfhud_languages_chinese" : "Chinês",
	"wolfhud_languages_korean" : "Coreano",

	"wolfhud_skip_blackscreen_title" : "Pular tela preta",
	"wolfhud_skip_blackscreen_desc" : "Pular a tela preta automaticamente no início da missão.\n(Apenas o Host)",
	"wolfhud_instant_restart_title" : "Reinício Imediato",
	"wolfhud_instant_restart_desc" : "Pular o timer de 5 segundos automaticamente em lobbies públicos.\n(Apenas o Host)",
	"wolfhud_stat_screen_speedup_title" : "Acelerar a tela de estatísticas",
	"wolfhud_stat_screen_speedup_desc" : "Acelerar a contagem de experiência automaticamente, sem segurar a barra de espaço.",
	"wolfhud_stat_screen_delay_title" : "Atraso na tela de estatísticas",
	"wolfhud_stat_screen_delay_desc" : "Continuar em X segundos, após a sua contagem de EXP.\n(Apenas o Host, 0 = desativado) ",
	"wolfhud_loot_screen_pick_card_title" : "Escolha automática de carta",
	"wolfhud_loot_screen_pick_card_desc" : "Escolhe uma carta automaticamente, quando a tela de loot aparecer.",
	"wolfhud_loot_screen_pick_specific_card_title" : "Especificar carta",
	"wolfhud_loot_screen_pick_specific_card_desc" : "Especifica que carta pegar automaticamente.",
	"wolfhud_loot_screen_delay_title" : "Atraso na tela de cartas",
	"wolfhud_loot_screen_delay_desc" : "Continua em X segundos depois de pegar o seu loot drop.\n(Apenas o Host, 0 = desativado)",
	"wolfhud_replace_weapon_names_title" : "Nomes reais das armas",
	"wolfhud_replace_weapon_names_desc" : "Substitui os nomes das armas com seus nomes reais.\n(Mudança de mapa é necessário para aplicar...)",
	"wolfhud_inventory_tab_names_title" : "Usar nomes nas abas de inventário",
	"wolfhud_inventory_tab_names_desc" : "Customize os nomes nas abas de inventário.\n(Mude os nomes editando '/mods/saves/WolfHUD_InventoryNames.txt')",
	"wolfhud_inventory_names_title" : "Mostrar os nomes das caixas de inventário",
	"wolfhud_inventory_names_desc" : "Mostra os nomes das suas armas, colete, deployables, etc. dentro da caixa no inventário.",
	"wolfhud_skill_names_title" : "Mostrar o nome das Skills",
	"wolfhud_skill_names_desc" : "Sempre mostrar os nomes das skills na árvore de habilidades.",
	"wolfhud_show_mini_icons_title" : "Sempre mostrar Mini-Icons",
	"wolfhud_show_mini_icons_desc" : "Sempre mostrar os mod icons de todas as armas, não apenas as selecionadas.",
	"wolfhud_no_slowmotion_title" : "Sem Slow Motion",
	"wolfhud_no_slowmotion_desc" : "Desativa o Slow Motion quando colocar a máscara ou quando cair.",
	"wolfhud_reset_options_title" : "Resetar configurações",
	"wolfhud_reset_options_desc" : "Resetar todas as configurações para os valores padrão.",
	"wolfhud_reset_options_confirm" : "Você tem certeza que quer resetar todas as configurações para os valores padrão?",

	"wolfhud_panels_options_name" : "Opções gerais do painel do HUD",
	"wolfhud_panels_options_help" : "Opções para todos paineis da HUD, como VanillaHUD Extras, Suspeito, Indicador de Dano, DrivingHUD e muito mais.",

	"wolfhud_use_vanillahud_extras_title" : "VanillaHUD Extras",
	"wolfhud_use_vanillahud_extra_desc" : "Adiciona melhorias na HUD \n(Mudança da mapa é necessário para aplicar...)",
	"wolfhud_adv_assault_title" : "Banner do Assault Avançado",
	"wolfhud_adv_assault_desc" : "Mostra a etapa do assault, o tempo e os spawns restantes durante o assault.\n(Apenas o Host)",

	"wolfhud_mui_assault_fix_title": "Desativa o relógio do jogo na caixa da Operação",
	"wolfhud_mui_assault_fix_desc": "Esta opção deve ser usada nas HUDs como MUI, BL2HUD, WarFrame, entre outros que modificam o relógio do jogo.",

	"wolfhud_assault_position_title": "Banner de Assault",
	"wolfhud_assault_position_desc" : "Posição horizontal do Banner de Assault.",
	"wolfhud_pacified_civs_title" : "Mostrar civis pacificados",
	"wolfhud_pacified_civs_desc" : "Muda a posição dos civis desamarrados, enquanto estiverem pacificados.",
	"wolfhud_use_realammo_title" : "Usar munição real",
	"wolfhud_use_realammo_desc" : "Mostra a munição restante, sem considerar a contagem de balas do magazine.",
	"wolfhud_enable_burstmode_title" : "Ativar modo rajada",
	"wolfhud_enable_burstmode_desc" : "Ativa o modo rajada para suas armas.",

	"wolfhud_playerpanel_options_name" : "Painel do jogador",
	"wolfhud_playerpanel_options_help" : "Configura seu próprio painel de HUD.",

	"wolfhud_teampanels_options_name" : "Painel da equipe",
	"wolfhud_teampanels_options_help" : "Configura o painel do HUD da sua equipe.",

	"wolfhud_panels_show_armor_title": "Mostrar o timer do armor",
	"wolfhud_panels_show_armor_desc": "Mostra quanto tempo resta até a sua armor se regenerar",
	"wolfhud_panels_show_inspire_title": "Mostrar o timer do Inspire",
	"wolfhud_panels_show_inspire_desc": "Mostra quanto tempo resta até o bônus do Inspire acaba",
	"wolfhud_panels_show_underdog_title": "Mostrar Underdog Aced",
	"wolfhud_panels_show_underdog_desc": "Mostra um brilho amarelo pulsante quanto o Underdog Aced é ativado.",
	"wolfhud_panels_show_hps_meter_title" : "Mostrar medidor CPS",
	"wolfhud_panels_show_hps_meter_desc" : "Mostra o medidor Cura Por Segundo",
	"wolfhud_panels_hps_refresh_rate_title" : "Frequência de atualização",
	"wolfhud_panels_hps_refresh_rate_desc" : "Quanto tempo de espera até atualizar (em segundos)",
	"wolfhud_panels_show_hps_current_title" : "Mostrar CPS Atual",
	"wolfhud_panels_show_hps_current_desc" : "Mostra a Cura Por Segundo atual",
	"wolfhud_panels_current_hps_timeout_title" : "Intervalo do CPS Atual",
	"wolfhud_panels_current_hps_timeout_desc" : "O intervalo entre as curas para ser adicionadas ao medidor atual (em segundos)",
	"wolfhud_panels_show_hps_total_title" : "Mostrar CPS Total",
	"wolfhud_panels_show_hps_total_desc" : "Mostra a sua Cura Por Segundo do dia da Heist",

	"wolfhud_panels_position_title" : "Posição",
	"wolfhud_panels_position_desc" : "Posição horizontal do painel do HUD.",
	"wolfhud_panels_scale_title" : "Tamanho",
	"wolfhud_panels_scale_desc" : "Tamanho do painel do HUD.",
	"wolfhud_panels_oppacity_title" : "Opacidade",
	"wolfhud_panels_oppacity_desc" : "Seleciona a opacidade do painel do HUD.",
	"wolfhud_panels_show_name_title" : "Mostrar nome",
	"wolfhud_panels_show_name_desc" : "Mostra os nomes dos jogadores.",
	"wolfhud_panels_show_rank_title" : "Mostrar o Rank",
	"wolfhud_panels_rank_name_desc" : "Mostrar o rank dos jogadores.",
	"wolfhud_panels_truncate_tags_title" : "Truncar tags",
	"wolfhud_panels_truncate_tags_desc" : "Tenta truncar tags de clã dos nomes dos jogadores.",
	"wolfhud_panels_show_char_title" : "Mostrar personagem",
	"wolfhud_panels_show_char_desc" : "Mostra o personagem selecionado.",
	"wolfhud_panels_show_ping_title" : "Mostrar o Ping",
	"wolfhud_panels_show_ping_desc" : "Mostra o ping entre você e os jogadores.",
	"wolfhud_panels_show_status_title" : "Mostrar o status",
	"wolfhud_panels_show_status_desc" : "Mostra o status dos jogadores (HP, colete, etc.)",
	"wolfhud_panels_condition_icon_color_title" : "Ícone do condição",
	"wolfhud_panels_condition_icon_color_desc" : "Configura a cor do ícone de condição (caído, detido, swan song, etc.)",
	"wolfhud_panels_show_equip_title" : "Mostrar equipamento",
	"wolfhud_panels_show_equip_desc" : "Mostra o equipamento dos jogadores.",
	"wolfhud_panels_show_special_equip_title" : "Mostrar equipamento especial",
	"wolfhud_panels_show_special_equip_desc" : "Mostra o equipamento especial que os jogadores pegaram.",
	"wolfhud_panels_special_equip_rows_title" : "Fileira dos equipamentos especiais",
	"wolfhud_panels_special_equip_rows_desc" : "Número de itens especiais colocados em uma coluna.",
	"wolfhud_panels_show_callsign_title" : "Mostrar a chamada",
	"wolfhud_panels_show_callsign_desc" : "Mostra a chamada feita por aquele jogador.",
	"wolfhud_panels_show_stamina_title" : "Mostrar Stamina",
	"wolfhud_panels_show_stamina_desc" : "Mostra um círculo de Stamina dentro da barra de vida.",
	"wolfhud_panels_show_downcounter_title" : "Mostrar o Contador de Quedas",
	"wolfhud_panels_show_downcounter_desc" : "Mostra um contador de quedas para cada jogador.\nO contador mostra a sua contagem de quedas e da sua equipe.",
	"wolfhud_panels_show_carry_title" : "Mostrar a Bolsa Carregada",
	"wolfhud_panels_show_carry_desc" : "Mostra as informações da bolsa sendo carregada.",
	"wolfhud_panels_build_show_title" : "Mostrar Build",
	"wolfhud_panels_build_show_desc" : "Mostra a build dos jogadores.",
	"wolfhud_panels_build_time_title" : "Tempo de exibição da build",
	"wolfhud_panels_build_time_desc" : "Mostra a build dos jogadores por X segundos.\n(0 = Sempre)",
	"wolfhud_panels_weapon_icon_title" : "Ícones das armas",
	"wolfhud_panels_weapon_icon_desc" : "Que ícone de arma você quer ver?",
	"wolfhud_panels_weapon_name_title" : "Nomes das armas",
	"wolfhud_panels_weapon_name_desc" : "Exibir os nomes das armas?",
	"wolfhud_panels_weapon_ammo_title" : "Munição da arma",
	"wolfhud_panels_weapon_ammo_desc" : "Modo de exibição de munição das armas.",
	"wolfhud_panels_weapon_firemode_title" : "Modo de tiro da arma",
	"wolfhud_panels_weapon_firemode_desc" : "Mostra o modo de tiro da arma, ou oculta.",
	"wolfhud_panels_hide" : "Ocultar",
	"wolfhud_panels_selected" : "Apenas a selecionada",
	"wolfhud_panels_unselected" : "Apenas a não selecionada",
	"wolfhud_panels_both" : "Ambos(as)",
	"wolfhud_panels_ammo_total" : "Apenas a munição total",
	"wolfhud_panels_show_interaction_title" : "Mostrar interação",
	"wolfhud_panels_show_interaction_desc" : "Mostrar a interação dos colegas de equipe.",
	"wolfhud_panels_show_interaction_number_title" : "Timer de interação",
	"wolfhud_panels_show_interaction_number_desc" : "Mostra um indicador numérico",
	"wolfhud_panels_show_interaction_text_title" : "Texto de interação",
	"wolfhud_panels_show_interaction_text_desc" : "Mostrar texto de interação",
	"wolfhud_panels_interaction_time_title" : "Duração mínima de interação",
	"wolfhud_panels_interaction_time_desc" : "Mostrar apenas a interação dos colegas de equipe, se não for mais que X segundos.",
	"wolfhud_panels_use_ai_color_title" : "Usar cor customizada para o bot",
	"wolfhud_panels_use_ai_color_desc" : "Usar uma cor customizada para os nomes dos bots. (Também afeta os popups de dano)",
	"wolfhud_panels_ai_color_title" : "Cor customizada para o bot",
	"wolfhud_panels_ai_color_desc" : "Configura a cor para usar nos nomes dos bots. (Também afeta os popups de dano)",

	"wolfhud_chat_options_name" : "Opções do chat",
	"wolfhud_chat_options_help" : "Opções para o comportamento do chat.",

	"wolfhud_chat_enabled_title" : "Ativar Chat Personalizado",
	"wolfhud_chat_enabled_desc" : "Substitue o Chat padrão com uma versão personalizada e melhorada",

	"wolfhud_chat_waittime_title" : "Tempo do Chat sumir",
	"wolfhud_chat_waittime_desc" : "Tempo do Chat sumir\n(0 = Nunca)",
	"wolfhud_chat_fontsize_title" : "Tamanho da fonte do chat",
	"wolfhud_chat_fontsize_desc" : "Tamanho da fonte do Chat em jogo.",
	"wolfhud_chat_outputlines_title" : "Exibição Máxima do Chat",
	"wolfhud_chat_outputlines_desc" : "Quantidade máxima de linhas antes de ativar a barra de rolagem.",
	"wolfhud_spam_filter_title" : "Filtro de spam do chat",
	"wolfhud_spam_filter_desc" : "Remove as mensagens de spam do PocoHUD e do [NGBTO] do seu chat.",
	"wolfhud_chat_width_title" : "Largura do Chat",
	"wolfhud_chat_width_desc" : "Largura da janela do chat",
	"wolfhud_chat_inputlines_title" : "Digitação Máxima do Chat",
	"wolfhud_chat_inputlines_desc" : "Número de linhas de texto que você pode digitar",
	"wolfhud_chat_colored_bg_title" : "Plano de fundo colorido",
	"wolfhud_chat_colored_bg_desc" : "Colore o fundo da linha baseado na origem da mensagem",
	"wolfhud_chat_scrollbar_align_title" : "Alinhar a barra de rolagem",
	"wolfhud_chat_scrollbar_align_desc" : "Alinhamento da barra de rolagem",

	"wolfhud_suspicion_options_name" : "Opções de suspeita",
	"wolfhud_suspicion_options_help" : "Opções do tamanho do painel de suspeita, assim como os componentes visíveis.",

	"wolfhud_susp_enabled_title" : "Ativar opções de suspeita",
	"wolfhud_susp_enabled_desc" : "Ative opções extras de suspeita.",

	"wolfhud_suspicion_scale_title" : "Tamanho da suspeita",
	"wolfhud_suspicion_scale_desc" : "Tamanho do painel de suspeita.",
	"wolfhud_susp_eye_title" : "Exibir olhar de suspeita",
	"wolfhud_susp_eye_desc" : "Exibe os elementos padrão de suspeita.",
	"wolfhud_susp_numberic_title" : "Mostrar suspeita numérica",
	"wolfhud_susp_numberic_desc" : "Mostrar valor numérico de suspeita.",
	"wolfhud_susp_numberic_outline_title" : "Contorno preto",
	"wolfhud_susp_numberic_outline_desc" : "Mostra um contorno preto ao redor do texto numérico de suspeita.",

	"wolfhud_killcounter_options_name" : "Opções do Killcounter",
	"wolfhud_killcounter_options_help" : "Opções de aparência do kill counter",

	"wolfhud_killcounter_player_show_killcount_title" : "Exibir Killcounter do jogador",
	"wolfhud_killcounter_player_show_killcount_desc" : "Exibie um killcounter no seu HUD.",
	"wolfhud_killcounter_player_color_title" : "Killcounter (jogador)",
	"wolfhud_killcounter_player_color_desc" : "Seleciona a cor do seu killcounter.",
	"wolfhud_killcounter_player_show_special_title" : "Contar mortes de cops especiais (jogador)",
	"wolfhud_killcounter_player_show_special_desc" : "Exibe as mortes de inimigos especiais separadamente.",
	"wolfhud_killcounter_player_show_head_title" : "Contar Headshots do jogador",
	"wolfhud_killcounter_player_show_head_desc" : "Exibe os headshots separadamente.",
	"wolfhud_killcounter_player_show_accuracy_title" : "Mostrar a precisão do jogador",
	"wolfhud_killcounter_player_show_accuracy_desc" : "Exibe a precisão atual no seu HUD.",
	"wolfhud_killcounter_team_show_killcount_title" : "Exibir Killcounter da equipe",
	"wolfhud_killcounter_team_show_killcount_desc" : "Exibir um killcounter dos membros da equipe.",
	"wolfhud_killcounter_team_color_title" : "Killcounter (equipe)",
	"wolfhud_killcounter_team_color_desc" : "Seleciona a cor dos killcounters da sua equipe.",
	"wolfhud_killcounter_team_show_special_title" : "Contar mortes de especiais (equipe)",
	"wolfhud_killcounter_team_show_special_desc" : "Exibir mortes de inimigos especiais separadamente.",
	"wolfhud_killcounter_team_show_head_title" : "Contar tiros na cabeça da equipe",
	"wolfhud_killcounter_team_show_head_desc" : "Exibe os tiros na cabeça separadamente.",
	"wolfhud_killcounter_team_show_ai_title" : "Killcounter da IA",
	"wolfhud_killcounter_team_show_ai_desc" : "Os bots tem um Killcounter também?",
	"wolfhud_corpse_limit_title" : "Limite de corpos",
	"wolfhud_corpse_limit_desc" : "Quantos cadáveres devemos permitir ao mesmo tempo?\n(Mudança de mapa é necessário para aplicar...)",

	"wolfhud_drivinghud_options_name" : "Opções do DrivingHUD",
	"wolfhud_drivinghud_options_help" : "Algumas opções para o DrivingHUD.",

	"wolfhud_show_drivinghud_title" : "Mostrar Driving HUD",
	"wolfhud_show_drivinghud_desc" : "Mostra um pequeno HUD no canto inferior direito enquanto dirige.\n(Mudar de mapa é necessário para aplicar...)",
	"wolfhud_drivinghud_scale_title" : "Tamanho",
	"wolfhud_drivinghud_scale_desc" : "Tamanho do DrivingHUD.",
	"wolfhud_drivinghud_show_vehicle_title" : "Mostrar imagem do veículo",
	"wolfhud_drivinghud_show_vehicle_desc" : "Mostra uma pequena imagem do veículo e as máscaras dos jogadores com você.",
	"wolfhud_drivinghud_show_health_title" : "Mostrar o vida",
	"wolfhud_drivinghud_show_health_desc" : "Exibir a barra de vida do veículo.",
	"wolfhud_drivinghud_show_loot_title" : "Mostrar Espólio",
	"wolfhud_drivinghud_show_loot_desc" : "Exibe os veículos carregadoe e o número máximo de espólio.",
	"wolfhud_drivinghud_show_passengers_title" : "Mostrar passageiros",
	"wolfhud_drivinghud_show_passengers_desc" : "Mostra a quantidade de passageiros no veículo e a quantidade total de cadeiras.",
	"wolfhud_drivinghud_show_gear_title" : "Mostrar equipamento",
	"wolfhud_drivinghud_show_gear_desc" : "Exibie que equipamento você está dirigindo.",
	"wolfhud_drivinghud_show_speed_title" : "Mostrar velocidade",
	"wolfhud_drivinghud_show_speed_desc" : "Exibe a velocidade atual do veículo.",
	"wolfhud_drivinghud_speed_in_mph_title" : "Velocidade em mph",
	"wolfhud_drivinghud_speed_in_mph_desc" : "Exibe a velocidade em mph.\n(Se estiver desativado, usará km/h.)",
	"wolfhud_drivinghud_show_rpm_title" : "Mostrar RPM",
	"wolfhud_drivinghud_show_rpm_desc" : "Exibe as RPM do motor do veículo.",

	"wolfhud_infopanels_options_name" : "Opções do HUD de Informação",
	"wolfhud_infopanels_options_help" : "Opções das info boxes do HUD List.",

	"wolfhud_hudlist_right_list_height_offset_title" : "Posição da Lista Direita",
	"wolfhud_hudlist_right_list_height_offset_desc" : "Posicione a lista direita de cima para baixo.",
	"wolfhud_hudlist_left_list_height_offset_title" : "Posição da Lista Esquerda",
	"wolfhud_hudlist_left_list_height_offset_desc" : "Posicione a lista esquerda de cima para baixo.",
	"wolfhud_hudlist_buff_list_height_offset_title" : "Posição de Buffs",
	"wolfhud_hudlist_buff_list_height_offset_desc" : "Posicione o indicador de Buffs de cima para baixo.",
	"wolfhud_mui_buff_fix_title" : "MUI Buff List Fix",
	"wolfhud_mui_buff_fix_desc" : "Isso impede que as legendas quebrem com o indicador de buffs.",

	"wolfhud_use_hudlist_title" : "Usar HUDList",
	"wolfhud_use_hudlist_desc" : "O HUDList pode exibir muitas coisas úteis, incluindo. tempo da Drill, inimigos ou quantidade de loot, assets no mapa, etc. (Mudar de mapa é necessário para aplicar...)",
	"wolfhud_hudlist_scale_right_title" : "Tamanho da Lista da direita",
	"wolfhud_hudlist_scale_right_desc" : "Tamanho dos itens da lista da direita.",
	"wolfhud_hudlist_scale_left_title" : "Tamanho da lista da esquerda",
	"wolfhud_hudlist_scale_left_desc" : "Tamanho dos itens da lista da esquerda.",
	"wolfhud_hudlist_scale_buff_title" : "Tamanho da Lista de Buffs",
	"wolfhud_hudlist_scale_buff_desc" : "Tamanho dos itens da lista de buffs.",
	"wolfhud_hudlist_box_color_title" : "Cor da fonte da caixa",
	"wolfhud_hudlist_box_color_desc" : "Cor da esquerda e da direita das List Boxes.\n(Atualmente mudar de mapa é necessário para aplicar...)",
	"wolfhud_hudlist_box_bg_color_title" : "Cor de fundo da caixa",
	"wolfhud_hudlist_box_bg_color_desc" : "Cor de fundo da esquerda e da direita das List Boxes.\n(Atualmente mudar de mapa é necessário para aplicar...)",
	"wolfhud_hudlist_civcolor_title" : "Cor do civil",
	"wolfhud_hudlist_civcolor_desc" : "Cor para civis e reféns no contador de inimigos.",
	"wolfhud_hudlist_thugcolor_title" : "Cor do bandido",
	"wolfhud_hudlist_thugcolor_desc" : "Cor para os bandidos e mafiosos no contador de inimigos.",
	"wolfhud_hudlist_copcolor_title" : "Cor dos inimigos",
	"wolfhud_hudlist_copcolor_desc" : "Cor para os Cops, SWATs e Heavy SWATs no contador de inimigos.",
	"wolfhud_hudlist_specialcolor_title" : "Cor para os especiais",
	"wolfhud_hudlist_specialcolor_desc" : "Cor para os cops especiais e Turrets no contador de inimigos.",
	"wolfhud_hudlist_progress_alpha_left_title" : "Opacidade do Progresso da esquerda",
	"wolfhud_hudlist_progress_alpha_left_desc" : "Opacidade das barras de progresso dos itens na lista de itens da esquerda.",
	"wolfhud_hudlist_progress_alpha_right_title" : "Opacidade do Progresso da direita",
	"wolfhud_hudlist_progress_alpha_right_desc" : "Opacidade das barras de progresso dos itens na lista de itens da direita.",
	"wolfhud_hudlist_progress_alpha_buff_title" : "Opacidade do Progresso dos Buffs",
	"wolfhud_hudlist_progress_alpha_buff_desc" : "Opacidade das barras de progresso dos itens na lista de buff.",

	"wolfhud_infopanels_left_options_name" : "Opções da lista da esquerda",
	"wolfhud_infopanels_left_options_help" : "Opções para a lista de informações da esquerda.",

	"wolfhud_hudlist_show_timers_title" : "Mostrar os Timers",
	"wolfhud_hudlist_show_timers_desc" : "Exibe os tempos das Drills, Hacks, etc.",
	"wolfhud_hudlist_show_equipment_desc" : "Determina se exibe o equipamento no lado direito da tela.",
	"wolfhud_hudlist_show_ammo_bags_title" : "Mostrar Ammo Bags",
	"wolfhud_hudlist_show_doc_bags_title" : "Mostrar Medic Bags",
	"wolfhud_hudlist_show_first_aid_kits_title" : "Mostrar First Aid Kits",
	"wolfhud_hudlist_show_body_bags_title" : "Mostrar Body Bags",
	"wolfhud_hudlist_show_grenade_crates_title" : "Mostrar Granadas",
	"wolfhud_hudlist_sentries_title" : "Mostrar Sentries",
	"wolfhud_hudlist_sentries_desc" : "Mostrar a vida e a munição da Sentry.",
	"wolfhud_hudlist_hide_empty_sentries_title" : "Ocultar Sentries vazias",
	"wolfhud_hudlist_hide_empty_sentries_desc" : "Ocultar caixas de sentry vazias.",
	"wolfhud_hudlist_show_ecms_title" : "Mostrar ECMs",
	"wolfhud_hudlist_show_ecms_desc" : "Mostrar o Timer das ECM's ",
	"wolfhud_hudlist_show_ecm_retrigger_title" : "Mostrar ECM reativadas",
	"wolfhud_hudlist_show_ecm_retrigger_desc" : "Mostrar, quando uma ECM estiver pronta para ser reativada.",
	"wolfhud_hudlist_show_minions_title" : "Mostrar Convertidos",
	"wolfhud_hudlist_show_minions_desc" : "Mostrar a vida de todos os policiais convertidos.",
	"wolfhud_hudlist_show_own_minions_only_title" : "Apenas os seus convertidos",
	"wolfhud_hudlist_show_own_minions_only_desc" : "Exibir apenas os policiais convertidos por você.",
	"wolfhud_hudlist_show_pagers_title" : "Mostrar Pager",
	"wolfhud_hudlist_show_pagers_desc" : "Mostrar o tempo restante do pager, antes de ativar o alarme.",
	"wolfhud_hudlist_show_tape_loop_title" : "Mostrar o loop da câmera",
	"wolfhud_hudlist_show_tape_loop_desc" : "Mostra a contagem regressiva do loop da câmera.",
	"wolfhud_hudlist_remove_answered_pagers_title" : "Remover o contorno do pager",
	"wolfhud_hudlist_remove_answered_pagers_desc" : "...se já estiver sendo respondido.",

	"wolfhud_infopanels_right_options_name" : "Opções da lista da direita",
	"wolfhud_infopanels_right_options_help" : "Opções para a lista de informações da direita.",

	"wolfhud_hudlist_show_enemies_title" : "Mostrar inimigos",
	"wolfhud_hudlist_show_enemies_desc" : "Mostra a quantidade de inimigos no mapa.",
	"wolfhud_hudlist_aggregate_enemies_title" : "Agregar inimigos",
	"wolfhud_hudlist_aggregate_enemies_desc" : "Mostra todos os inimigos em uma única info box.",
	"wolfhud_hudlist_show_turrets_title" : "Mostrar Turrets",
	"wolfhud_hudlist_show_turrets_desc" : "Mostrar a quantidade de turret vans no mapa.",
	"wolfhud_hudlist_show_civilians_title" : "Mostrar civis",
	"wolfhud_hudlist_show_civilians_desc" : "Mostrar quantidade de civis desamarrados no mapa.",
	"wolfhud_hudlist_show_hostages_title" : "Mostrar reféns",
	"wolfhud_hudlist_show_hostages_desc" : "mostrar a quantidade de civis amarrados.",
	"wolfhud_hudlist_aggregate_hostages_title" : "Agregar reféns",
	"wolfhud_hudlist_aggregate_hostages_desc" : "Mostrar todos os tipos de reféns em uma única info box.",
	"wolfhud_hudlist_show_minion_count_title" : "Mostrar a quantidade de minions",
	"wolfhud_hudlist_show_minion_count_desc" : "Mostrar a quantidade de policiais rendidos.",
	"wolfhud_hudlist_show_pager_count_title" : "Mostrar a quantidade de Pagers",
	"wolfhud_hudlist_show_pager_count_desc" : "Exibe a quantidade de pagers ativos no stealth.",
	"wolfhud_hudlist_show_cam_count_title" : "Mostrar quantidade de Câmeras",
	"wolfhud_hudlist_show_cam_count_desc" : "Mostrar quantidade de câmeras ativas no stealth.",
	"wolfhud_hudlist_show_bodybags_count_title" : "Mostrar quantidade de body bags",
	"wolfhud_hudlist_show_bodybags_count_desc" : "Mostra a quantidade de bodybags do seu inventário estendido diretamente na sua tela no stealth.",
	"wolfhud_hudlist_show_corpse_count_title" : "Mostrar quantidade de corpos",
	"wolfhud_hudlist_show_corpse_count_desc" : "Mostra a quantidade de cadáveres e corpos ensacados no mapa em stealth.",
	"wolfhud_hudlist_show_loot_title" : "Mostrar o Espólio",
	"wolfhud_hudlist_show_loot_desc" : "Conta o espólio no mapa atual.",
	"wolfhud_hudlist_aggregate_loot_title" : "Resumir o Espólio",
	"wolfhud_hudlist_aggregate_loot_desc" : "Exibe todos os tipos de espólio em um único valor.",
	"wolfhud_hudlist_separate_bagged_loot_title" : "Separar espólio dentro de bolsas",
	"wolfhud_hudlist_separate_bagged_loot_desc" : "Conta o espólio dentro e fora de bolsas separadamente.",
	"wolfhud_hudlist_show_potential_loot_title" : "Mostrar o espólio em potencial",
	"wolfhud_hudlist_show_potential_loot_desc" : "Mostra a quantidade de caixas no mapa no contador de espólio. \n(Lembre-se, as caixas podem estar vazias...)",
	"wolfhud_hudlist_show_special_pickups_title" : "Mostrar Pickups especiais",
	"wolfhud_hudlist_show_special_pickups_desc" : "Mostra a quantidade de químicos, keycards e outras coisas presentes no mapa.",
	"wolfhud_hudlist_show_mission_pickups_title" : "Mostrar Pickups da Missão presentes no mapa",
	"wolfhud_hudlist_show_mission_pickups_desc" : "Mostra a quantidade de químicos, keycards, tábuas e outros pickups da missão presentes no mapa.",
	"wolfhud_hudlist_show_collectables_pickups_title" : "Mostrar os pickups coletáveis",
	"wolfhud_hudlist_show_collectables_pickups_desc" : "Mostra a quantidade de pacotes do gage, Caixas do Spec-Ops, Keys presentes no mapa.",
	"wolfhud_hudlist_show_valuables_pickups_title" : "Mostrar Loot pickups presentes no mapa",
	"wolfhud_hudlist_show_valuables_pickups_desc" : "Mostra a quantidade de itens valiosos, como pacotes de dinheiro ou colares presentes no mapa.",

	"wolfhud_infopanels_buff_options_name" : "Opções do indicador de buffs",
	"wolfhud_infopanels_buff_options_help" : "Opções para o indicador de buffs.",

	"wolfhud_infopanels_buff_mastermind_options_name" : "Mastermind Skills",
	"wolfhud_infopanels_buff_mastermind_options_help" : "Ativa ou desativa os indicadores visuais para as Skills de Mastermind.",
	"wolfhud_infopanels_buff_enforcer_options_name" : "Enforcer Skills",
	"wolfhud_infopanels_buff_enforcer_options_help" : "Enable or Disable visual indicators for Enforcer Skills.",
	"wolfhud_infopanels_buff_technician_options_name" : "Technician Skills",
	"wolfhud_infopanels_buff_technician_options_help" : "Ativa ou desativa os indicadores visuais para as Skills de Technician.",
	"wolfhud_infopanels_buff_ghost_options_name" : "Ghost Skills",
	"wolfhud_infopanels_buff_ghost_options_help" : "Ativa ou desativa os indicadores visuais para as Skills de Ghost.",
	"wolfhud_infopanels_buff_fugitive_options_name" : "Fugitive Skills",
	"wolfhud_infopanels_buff_fugitive_options_help" : "Ativa ou desativa os indicadores visuais para as Skills de Fugitive.",
	"wolfhud_infopanels_buff_perkdecks_options_name" : "Perk Decks",
	"wolfhud_infopanels_buff_perkdecks_options_help" : "Ativa ou desativa os indicadores visuais para os Perk Decks.",
	"wolfhud_infopanels_buff_gageboosts_options_name" : "Gage Boosts",
	"wolfhud_infopanels_buff_gageboosts_options_help" : "Ativa ou desativa os indicadores visuais para os Gage Boosts.",
	"wolfhud_infopanels_buff_henchmen_options_name" : "Henchmen Skills",
	"wolfhud_infopanels_buff_henchmen_options_help" : "Ativa ou desativa os indicadores visuais para as Skills de Henchmen.",

	"wolfhud_hudlist_show_buffs_title" : "Mostrar Buffs",
	"wolfhud_hudlist_show_buffs_desc" : "Exibe os Buffs ativos na parte de baixo no centro da tela.",
	"wolfhud_hudlist_damage_increase_compbuff_title" : "Buff de aumento de dano",
	"wolfhud_hudlist_damage_increase_compbuff_desc" : "Item de Buff composto, exibe o valor de toda a habilidade de dano adicionada.",
	"wolfhud_hudlist_damage_reduction_compbuff_title" : "Buff de redução de dano",
	"wolfhud_hudlist_damage_reduction_compbuff_desc" : "Item de Buff composto, exibe o valor de toda a habilidade de redução de dano adicionada.",
	"wolfhud_hudlist_melee_damage_increase_compbuff_title" : "Buff de aumento de dano com melee",
	"wolfhud_hudlist_melee_damage_increase_compbuff_desc" : "Item de Buff composto, exibe o valor de toda a habilidade de dano com melee adicionada.",
	"wolfhud_hudlist_passive_health_regen_compbuff_title" : "Regeneração de vida passiva",
	"wolfhud_hudlist_passive_health_regen_compbuff_desc" : "Item de Buff composto, exibe o valor de todo o efeito de regeneração de vida passiva.",
	"wolfhud_hudlist_total_dodge_chance_compbuff_title" : "Chance total de dodge",
	"wolfhud_hudlist_total_dodge_chance_compbuff_desc" : "Item de Buff composto, exibe o valor de toda a habilidade de dodge adicionada.",
	"wolfhud_hudlist_aggressive_reload_aced_buff_title" : "Aggressive Reload",
	"wolfhud_hudlist_aggressive_reload_aced_buff_desc" : "",
	"wolfhud_hudlist_ammo_efficiency_buff_title" : "Ammo Efficiency",
	"wolfhud_hudlist_ammo_efficiency_buff_desc" : "",
	"wolfhud_hudlist_armor_break_invulnerable_buff_title" : "Recarga de Invulnerabilidade do Armor Quebrado",
	"wolfhud_hudlist_armor_break_invulnerable_buff_desc" : "Buff compartilhado entre os Decks de Armorer e Anarchist.",
	"wolfhud_hudlist_berserker_buff_title" : "Berserker",
	"wolfhud_hudlist_berserker_buff_desc" : "Parte dos Buffs compostos.",
	"wolfhud_hudlist_biker_buff_title" : "Regeneração (Biker)",
	"wolfhud_hudlist_biker_buff_desc" : "",
	"wolfhud_hudlist_bloodthirst_basic_buff_title" : "Bloodthirst (Básico)",
	"wolfhud_hudlist_bloodthirst_basic_buff_desc" : "Parte dos Buffs compostos.",
	"wolfhud_hudlist_bloodthirst_aced_buff_title" : "Bloodthirst (Aced)",
	"wolfhud_hudlist_bloodthirst_aced_buff_desc" : "",
	"wolfhud_hudlist_bullet_storm_buff_title" : "Bullet Storm",
	"wolfhud_hudlist_bullet_storm_buff_desc" : "",
	"wolfhud_hudlist_close_contact_buff_title" : "Close Contact (Infiltrator)",
	"wolfhud_hudlist_close_contact_buff_desc" : "Parte dos Buffs compostos.",
	"wolfhud_hudlist_combat_medic_buff_title" : "Combat Medic (Active)",
	"wolfhud_hudlist_combat_medic_buff_desc" : "Parte dos Buffs compostos.",
	"wolfhud_hudlist_combat_medic_passive_buff_title" : "Combat Medic (Passive)",
	"wolfhud_hudlist_combat_medic_passive_buff_desc" : "Parte dos Buffs compostos.",
	"wolfhud_hudlist_desperado_buff_title" : "Desperado",
	"wolfhud_hudlist_desperado_buff_desc" : "",
	"wolfhud_hudlist_die_hard_buff_title" : "Die Hard",
	"wolfhud_hudlist_die_hard_buff_desc" : "Parte dos Buffs compostos.",
	"wolfhud_hudlist_dire_need_buff_title" : "Dire Need",
	"wolfhud_hudlist_dire_need_buff_desc" : "",
	"wolfhud_hudlist_frenzy_buff_title" : "Frenzy",
	"wolfhud_hudlist_frenzy_buff_desc" : "Parte dos Buffs compostos.",
	"wolfhud_hudlist_grinder_buff_title" : "Regeneração de Vida (Grinder)",
	"wolfhud_hudlist_grinder_buff_desc" : "",
	"wolfhud_hudlist_chico_injector_buff_title" : "Duração do Injentor (Kingpin)",
	"wolfhud_hudlist_chico_injector_buff_desc" : "",
	"wolfhud_hudlist_damage_control_debuff_title" : "Duração da Bebida (Stoic)",
	"wolfhud_hudlist_damage_control_debuff_desc" : "",
	"wolfhud_hudlist_delayed_damage_buff_title" : "Dano Atrasado (Stoic)",
	"wolfhud_hudlist_delayed_damage_buff_desc" : "",
	"wolfhud_hudlist_hostage_situation_buff_title" : "Hostage Situation (Crew Chief)",
	"wolfhud_hudlist_hostage_situation_buff_desc" : "Parte dos Buffs compostos.",
	"wolfhud_hudlist_hostage_taker_buff_title" : "Hostage Taker",
	"wolfhud_hudlist_hostage_taker_buff_desc" : "",
	"wolfhud_hudlist_inspire_buff_title" : "Inspire (Bônus)",
	"wolfhud_hudlist_inspire_buff_desc" : "",
	"wolfhud_hudlist_lock_n_load_buff_title" : "Lock 'n' Load",
	"wolfhud_hudlist_lock_n_load_buff_desc" : "",
	"wolfhud_hudlist_melee_stack_damage_buff_title" : "Bônus de Dano da Melee (Infiltrator)",
	"wolfhud_hudlist_melee_stack_damage_buff_desc" : "Parte dos Buffs compostos.",
	"wolfhud_hudlist_maniac_buff_title" : "Redução de Dano (Maniac)",
	"wolfhud_hudlist_maniac_buff_desc" : "",
	"wolfhud_hudlist_muscle_regen_buff_title" : "Regeneração de Vida (Muscle)",
	"wolfhud_hudlist_muscle_regen_buff_desc" : "",
	"wolfhud_hudlist_messiah_buff_title" : "Messiah",
	"wolfhud_hudlist_messiah_buff_desc" : "",
	"wolfhud_hudlist_overdog_buff_title" : "Overdog (Infiltrator)",
	"wolfhud_hudlist_overdog_buff_desc" : "",
	"wolfhud_hudlist_overkill_buff_title" : "Overkill",
	"wolfhud_hudlist_overkill_buff_desc" : "Parte dos Buffs compostos.",
	"wolfhud_hudlist_painkiller_buff_title" : "Painkiller",
	"wolfhud_hudlist_painkiller_buff_desc" : "Parte dos Buffs compostos.",
	"wolfhud_hudlist_partner_in_crime_buff_title" : "Partner in Crime",
	"wolfhud_hudlist_partner_in_crime_buff_desc" : "Parte dos Buffs compostos.",
	"wolfhud_hudlist_running_from_death_buff_title" : "Running from Death",
	"wolfhud_hudlist_running_from_death_buff_desc" : "",
	"wolfhud_hudlist_pocket_ecm_jammer_buff_title" : "Duração do ECM de Bolso (Hacker)",
	"wolfhud_hudlist_pocket_ecm_jammer_buff_desc" : "",
	"wolfhud_hudlist_pocket_ecm_kill_dodge_buff_title" : "Dodge do ECM de Bolso (Hacker)",
	"wolfhud_hudlist_pocket_ecm_kill_dodge_buff_desc" : "Parte dos Buffs compostos.",
	"wolfhud_hudlist_quick_fix_buff_title" : "Quick Fix",
	"wolfhud_hudlist_quick_fix_buff_desc" : "Parte dos Buffs compostos.",
	"wolfhud_hudlist_second_wind_buff_title" : "Second Wind",
	"wolfhud_hudlist_second_wind_buff_desc" : "",
	"wolfhud_hudlist_sixth_sense_buff_title" : "Sixth Sense",
	"wolfhud_hudlist_sixth_sense_buff_desc" : "",
	"wolfhud_hudlist_sicario_dodge_buff_title" : "Bônus de Dodge (Sicario)",
	"wolfhud_hudlist_sicario_dodge_buff_desc" : "",
	"wolfhud_hudlist_smoke_screen_buff_title" : "Bomba de Fumaça (Sicario)",
	"wolfhud_hudlist_smoke_screen_buff_desc" : "",
	"wolfhud_hudlist_tag_team_buff_title" : "Cigarro Eletrônico (Tag Team)",
	"wolfhud_hudlist_tag_team_buff_desc" : "",
	"wolfhud_hudlist_swan_song_buff_title" : "Swan Song",
	"wolfhud_hudlist_swan_song_buff_desc" : "",
	"wolfhud_hudlist_tooth_and_claw_buff_title" : "Tooth and Claw (Hitman)",
	"wolfhud_hudlist_tooth_and_claw_buff_desc" : "",
	"wolfhud_hudlist_trigger_happy_buff_title" : "Trigger Happy",
	"wolfhud_hudlist_trigger_happy_buff_desc" : "Parte dos Buffs compostos.",
	"wolfhud_hudlist_underdog_buff_title" : "Underdog",
	"wolfhud_hudlist_underdog_buff_desc" : "Parte dos Buffs compostos.",
	"wolfhud_hudlist_unseen_strike_buff_title" : "Unseen Strike",
	"wolfhud_hudlist_unseen_strike_buff_desc" : "",
	"wolfhud_hudlist_up_you_go_buff_title" : "Up you Go",
	"wolfhud_hudlist_up_you_go_buff_desc" : "Parte dos Buffs compostos.",
	"wolfhud_hudlist_uppers_buff_title" : "Uppers",
	"wolfhud_hudlist_uppers_buff_desc" : "",
	"wolfhud_hudlist_yakuza_buff_title" : "Velocidade da Regeneração do Armor (Yakuza)",
	"wolfhud_hudlist_yakuza_buff_desc" : "",
	"wolfhud_hudlist_anarchist_armor_recovery_debuff_title" : "Lust for Life (Anarchist)",
	"wolfhud_hudlist_anarchist_armor_recovery_debuff_desc" : "",
	"wolfhud_hudlist_ammo_give_out_debuff_title" : "Recarga do Ammo give out (Gambler)",
	"wolfhud_hudlist_ammo_give_out_debuff_desc" : "",
	"wolfhud_hudlist_bullseye_debuff_title" : "Recarga do Bullseye",
	"wolfhud_hudlist_bullseye_debuff_desc" : "",
	"wolfhud_hudlist_inspire_debuff_title" : "Recarga do Bônus do Inspire",
	"wolfhud_hudlist_inspire_debuff_desc" : "",
	"wolfhud_hudlist_inspire_revive_debuff_title" : "Recarga de Reviver com Inspire",
	"wolfhud_hudlist_inspire_revive_debuff_desc" : "",
	"wolfhud_hudlist_life_drain_debuff_title" : "Recarga do Life Drain (Infiltrator)",
	"wolfhud_hudlist_life_drain_debuff_desc" : "",
	"wolfhud_hudlist_medical_supplies_debuff_title" : "Recarga Medical Supplies (Gambler)",
	"wolfhud_hudlist_medical_supplies_debuff_desc" : "",
	"wolfhud_hudlist_sociopath_debuff_title" : "Recarga de Cura (Sociopath)",
	"wolfhud_hudlist_sociopath_debuff_desc" : "",
	"wolfhud_hudlist_armorer_teambuff_title" : "Bônus de Armor da Equipe (Armorer)",
	"wolfhud_hudlist_armorer_teambuff_desc" : "",
	"wolfhud_hudlist_bulletproof_teambuff_title" : "Bônus da Equipe Bulletproof",
	"wolfhud_hudlist_bulletproof_teambuff_desc" : "",
	"wolfhud_hudlist_crew_chief_teambuff_title" : "Bônus da Equipe (Crew Chief)",
	"wolfhud_hudlist_crew_chief_teambuff_desc" : "Parte dos Buffs compostos.",
	"wolfhud_hudlist_forced_friendship_teambuff_title" : "Bônus da Equipe Forced Friendship",
	"wolfhud_hudlist_forced_friendship_teambuff_desc" : "",
	"wolfhud_hudlist_life_steal_gage_debuff_title" : "Life Steal",
	"wolfhud_hudlist_life_steal_gage_debuff_desc" : "",
	"wolfhud_hudlist_invulnerable_gage_buff_title" : "Invulnerability",
	"wolfhud_hudlist_invulnerable_gage_buff_desc" : "",
	"wolfhud_hudlist_crew_inspire_debuff_title" : "Inspiring",
	"wolfhud_hudlist_crew_inspire_debuff_desc" : "",
	"wolfhud_hudlist_crew_throwable_regen_buff_title" : "Stockpiler",
	"wolfhud_hudlist_crew_throwable_regen_buff_desc" : "",
	"wolfhud_hudlist_crew_health_regen_buff_title" : "Healer",
	"wolfhud_hudlist_crew_health_regen_buff_desc" : "",

	"wolfhud_waypoints_options_name" : "Opções do Custom Waypoints",
	"wolfhud_waypoints_options_help" : "Opções para o controle do Custom Waypoints.",

	"wolfhud_waypoints_color_title" : "Cor dos Waypoints",
	"wolfhud_waypoints_color_desc" : "A cor para os waypoints padrão da missão.",
	"wolfhud_waypoints_show_ammo_bag_title" : "Mostrar Ammo Bags",
	"wolfhud_waypoints_show_ammo_bag_desc" : "Mostra Waypoints para as Ammo bags, com a porcentagem de munição restante.",
	"wolfhud_waypoints_show_doc_bag_title" : "Mostrar Doctor Bags",
	"wolfhud_waypoints_show_doc_bag_desc" : "Mostra os Waypoints para as Doctor Bags, com o números de cargas restante.",
	"wolfhud_waypoints_show_first_aid_kit_title" : "Mostrar First Aid Kits",
	"wolfhud_waypoints_show_first_aid_kit_desc" : "Mostra os Waypoints para as First Aid Kits, com os seus efeitos de skill.",
	"wolfhud_waypoints_show_body_bag_title" : "Mostrar Bodybag Case",
	"wolfhud_waypoints_show_body_bag_desc" : "Mostra os Waypoints para as bodybag cases, com a quantidade de Bodybags restantes.",
	"wolfhud_waypoints_show_grenade_crate_title" : "Mostrar Grenade Case",
	"wolfhud_waypoints_show_grenade_crate_desc" : "Mostrar os Waypoints para as Grenade Cases, com a quantidade de granadas restante.",
	"wolfhud_waypoints_show_sentries_title" : "Mostrar Sentries",
	"wolfhud_waypoints_show_sentries_desc" : "Mostra os Waypoints para as Sentries, com a quantidade de munição restante.",
	"wolfhud_waypoints_show_ecms_title" : "Mostrar ECMs",
	"wolfhud_waypoints_show_ecms_desc" : "Mostra os Waypoints para as ECMs, com a bateria restante e a duração do feedback.",
	"wolfhud_waypoints_show_timers_title" : "Mostrar Timers",
	"wolfhud_waypoints_show_timers_desc" : "Mostra os Waypoints para os timers, com o tempo restante e upgrades ativos.",
	"wolfhud_waypoints_show_loot_title" : "Mostrar Loot",
	"wolfhud_waypoints_show_loot_desc" : "Mostra o nome do loot sobre ele, quando olhar de perto.",
	"wolfhud_waypoints_loot_icon_title" : "Ícone da Bag",
	"wolfhud_waypoints_loot_icon_desc" : "Mostra um ícone da bag no loot ensacado.",
	"wolfhud_waypoints_loot_offset_title" : "Deslocamento de altura",
	"wolfhud_waypoints_loot_offset_desc" : "Configura o deslocamento de altura do rótulo de texto no loot.",
	"wolfhud_waypoints_loot_bagged_offset_title" : "Compensação de altura do loot ensacado",
	"wolfhud_waypoints_loot_bagged_offset_desc" : "Configura a compensação de altura do rótulo de texto do loot ensacado.",
	"wolfhud_waypoints_loot_angle_title" : "Ângulo visível",
	"wolfhud_waypoints_loot_angle_desc" : "Configura o ângulo do texto visível.",
	"wolfhud_waypoints_show_special_equipment_title" : "Mostrar equipamento especial",
	"wolfhud_waypoints_show_special_equipment_desc" : "Mostra os waypoints para vários equipamentos diferentes. Bom para aprender as diferentes localizações.",
	"wolfhud_waypoints_show_minions_title" : "Mostrar os Minions",
	"wolfhud_waypoints_show_minions_desc" : "Mostra o nome do minion acima da cabeça dele, da cor do player que o converteu.\nTambém exibe a Killcount dele.",
	"wolfhud_waypoints_show_pager_title" : "Mostrar Pager",
	"wolfhud_waypoints_show_pager_desc" : "Mostra um waypoint para os pagers ativos. Muda a cor dele, quando alguém está respondendo.",

	"wolfhud_tabstats_options_name" : "Opções do TabStats",
	"wolfhud_tabstats_options_help" : "Configure o visual do seu Tabscreen.",

	"wolfhud_tabstats_clock_mode_title" : "Formato do relógio",
	"wolfhud_tabstats_clock_mode_desc" : "Qual o formato que o relógio usa?",
	"wolfhud_tabstats_clock_mode_a" : "12-h",
	"wolfhud_tabstats_clock_mode_b" : "24-h",
	"wolfhud_tabstats_clock_mode_c" : "Tempo do assalto",
	"wolfhud_use_tabstats_title" : "Usar TabStats",
	"wolfhud_use_tabstats_desc" : "Mostra suas estatísticas na tela de inventário estendido, em vez do sumário da missão.\n(Uma mudança de mapa é necessária para aplicar...)",
	"wolfhud_tabstats_font_size_title" : "Tamanho da fonte da lista",
	"wolfhud_tabstats_font_size_desc" : "Tamanho da fonte da lista avançada de estatísticas.",
	"wolfhud_tabstats_color_title" : "Cor da lista",
	"wolfhud_tabstats_color_desc" : "Cor da lista avançada de estatísticas.",
	"wolfhud_tabstats_actual_mask_title" : "Usar máscara vigente",
	"wolfhud_tabstats_actual_mask_desc" : "Usa a máscara vigente em vez da máscara do personagem.",
	"wolfhud_tabstats_numberic_loot_title" : "Contador numérico de loot",
	"wolfhud_tabstats_numberic_loot_desc" : "Desativa o minigame de contagem de sacos e mostra o número imediato.",

	"wolfhud_crewloadout_options_name" : "Opções do Crew Loadout",
	"wolfhud_crewloadout_options_help" : "Escolha onde você deseja obter Informações sobre quais equipamentos e habilidades seus companheiros de equipe estão trazendo.",

	"wolfhud_crewloadout_lobby_title" : "Mostrar no Lobby",
	"wolfhud_crewloadout_lobby_desc" : "Adiciona um botão na tela do lobby, que exibe o seu equipamento e o da equipe.",
	"wolfhud_crewloadout_cs_lobby_title" : "Mostrar no Lobby do Crimespree",
	"wolfhud_crewloadout_cs_lobby_desc" : "Adiciona uma nova aba a direita dos modificadores e recompensas no lobby do CrimeSpree.",
	"wolfhud_crewloadout_briefing_title" : "Substituir no sumário",
	"wolfhud_crewloadout_briefing_desc" : "Substitui o painel padrão do Crew Loadout no sumário da missão.",
	"wolfhud_crewloadout_tabscreen_title" : "Mostrar no inventário estendido",
	"wolfhud_crewloadout_tabscreen_desc" : "Exibe as Skills, Perk e o ping atual dos jogadores no seu lobby. \n(Fica desativado se você usar esse recurso do LobbyPlayerInfo)",
    	"wolfhud_profilemenu_replace_title" : "Substituir o menu de perfil",
    	"wolfhud_profilemenu_replace_desc" : " Substitui o seletor de perfil padrão pelo do VHUDPlus.",

	"wolfhud_dmgindicator_options_name" : "Indicador de dano",
	"wolfhud_dmgindicator_options_help" : "Configura o tempo de desaparecimento, o tamanho e cor ou os seus indicadores de dano.",

	"wolfhud_show_dmg_indicator_title" : "Indicador de dano dinâmico",
	"wolfhud_show_dmg_indicator_desc" : "Transforma os 4 indicadores de danos estáticos em vários tipos dinâmicos, movendo-se de acordo com sua posição e a posição da qual você foi danificado.",
	"wolfhud_dmg_ind_time_title" : "Duração do indicador",
	"wolfhud_dmg_ind_time_desc" : "Determina o tempo que o indicador será mostrado.",
	"wolfhud_dmg_ind_size_title" : "Tamanho do indicador",
	"wolfhud_dmg_ind_size_desc" : "Determina o tamanho do círculo e os indicadores são colocados ao redor.",
	"wolfhud_dmg_indicator_max_count_title" : "Contagem máxima de indicadores",
	"wolfhud_dmg_indicator_max_count_desc" : "Especifica a quantidade máxima de indicadores de dano na tela.",
	"wolfhud_dmg_shield_color_title" : "Cor da armadura",
	"wolfhud_dmg_shield_color_desc" : "Cor do indicador, quando apenas você perder armor.",
	"wolfhud_dmg_health_color_title" : "Cor do HP",
	"wolfhud_dmg_health_color_desc" : "Cor do indicador, quando você perder saúde.",
	"wolfhud_dmg_crit_color_title" : "Cor de vida baixo",
	"wolfhud_dmg_crit_color_desc" : "Cor do indicador, quando a vida estiver baixando.",
	"wolfhud_dmg_vehicle_color_title" : "Cor do veículo",
	"wolfhud_dmg_vehicle_color_desc" : "Cor do indicador, quando o veículo que você está levar dano.",
	"wolfhud_dmg_friendlyfire_color_title" : "Cor do fogo amigo",
	"wolfhud_dmg_friendlyfire_color_desc" : "Cor do indicador, quando você levar dano de tiro ou explosivos.",

	"wolfhud_dmgpopup_options_name" : "Popup de dano no inimigo",
	"wolfhud_dmgpopup_options_help" : "Um Popup próximo da cabeça dos inimigos, exibindo o dano tomado.",

	"wolfhud_show_dmg_popup_title" : "Exibir Popup de dano",
	"wolfhud_show_dmg_popup_desc" : "Ativa o popup de dano.",
	"wolfhud_dmg_popup_player" : "Jogador",
	"wolfhud_dmg_popup_all" : "Todos",
	"wolfhud_dmg_popup_scale_title" : "Tamanho do Popup",
	"wolfhud_dmg_popup_scale_desc" : "Muda o tamanho dos popups de dano.",
	"wolfhud_dmg_popup_skull_scale_title" : "Tamanho da caveira",
	"wolfhud_dmg_popup_skull_scale_desc" : "Muda o tamanho do ícone da caveira quando matar um inimigo.",
	"wolfhud_dmg_popup_skull_align_title" : "Posição da caveira",
	"wolfhud_dmg_popup_skull_align_desc" : "Muda o alinhamento do ícone da caveira quando matar um inimigo.",
	"wolfhud_dmg_popup_time_title" : "Tempo do Popup",
	"wolfhud_dmg_popup_time_desc" : "Determina quanto tempo o popup vai ficar.",
	"wolfhud_dmg_popup_height_title" : "Altura do Popup",
	"wolfhud_dmg_popup_height_desc" : "Determina quão alto o popup aperecerá sobre o inimigo.",
	"wolfhud_dmg_popup_alpha_title" : "Opacidade do Popup",
	"wolfhud_dmg_popup_alpha_desc" : "Configura a opacidade do popup.",
	"wolfhud_dmg_popup_color_title" : "Popup dos tiros no corpo",
	"wolfhud_dmg_popup_color_desc" : "Configura a cor do popup para os tiros no corpo",
	"wolfhud_dmg_popup_critical_color_title" : "Popup de dano crítico",
	"wolfhud_dmg_popup_critical_color_desc" : "Configura a cor do popup para danos críticos.",
	"wolfhud_dmg_popup_headshot_color_title" : "Popup dos tiros na cabeça",
	"wolfhud_dmg_popup_headshot_color_desc" : "Configura a cor do popup para tiros na cabeça.",

	"wolfhud_dmg_popup_show_alt_popup_title" : "Mostrar Indicador de Dano Alternativo",
	"wolfhud_dmg_popup_show_alt_popup_desc" : "Ativa um indicador de dano alernativo.",
	"wolfhud_dmg_popup_headshot_glow_color_title" : "Cor do Brilho de Tiro na Cabeça",
	"wolfhud_dmg_popup_headshot_glow_color_desc" : "Configure a cor do brilho do tiro na cabeça.",

	"wolfhud_enemyhealthbar_options_name": "Opções de Indicador de Vida do inimigo",
	"wolfhud_enemyhealthbar_options_help": "Opções para o indicador de vida do inimigo.",

	"wolfhud_enemyhealthbar_enable_enemy_health_circle" : "Mostrar Círculo da Vida do Inimigo",
	"wolfhud_enemyhealthbar_enable_enemy_health_circle_desc" : "Mostra um indicador da vida do inimigo na HUD quando você estiver mirando em um inimigo",
	"wolfhud_show_enemyhealthbar_title" : "Mostrar barra de vida do inimigo",
	"wolfhud_show_enemyhealthbar_desc" : "Exibe uma barra de vida no centro da tela, ao almejar um inimigo.\n(Uma mudança de mapa é necessária para aplicar...)",
	"wolfhud_enemyhealthbar_ignore_civilian_health" : "Ignorar Vida do Civil",
	"wolfhud_enemyhealthbar_ignore_civilian_health_desc" : "Ignora a vida de um civil quando você estiver mirando em um.",
	"wolfhud_enemyhealthbar_enemy_health_size" : "Tamanho do Indicador da Vida do inimigo",
	"wolfhud_enemyhealthbar_enemy_health_size_desc" : "Edite o tamanho do indicador da vida do inimigo [Requer uma mudança de mapa para aplicar]",
	"wolfhud_enemyhealthbar_enemy_text_size" : "Tamanho do texto do indicador de vida do inimigo",
	"wolfhud_enemyhealthbar_enemy_text_size_desc" : "Edite o tamanho do texto da vida do inimigo [Requer uma mudança de mapa para aplicar]",
	"wolfhud_enemyhealthbar_enemy_health_vertical_offset" : "Posição Vertical da Vida do Inimigo",
	"wolfhud_enemyhealthbar_enemy_health_vertical_offset_desc" : "Edite a posição vertical da vida do inimigo. De cima para baixo. [Requer uma mudança de mapa para aplicar]",
	"wolfhud_enemyhealthbar_enemy_health_horizontal_offset" : "Posição Horizontal da Vida do Inimigo",
	"wolfhud_enemyhealthbar_enemy_health_horizontal_offset_desc" : "Edite a posição horizontal da vida do inimigo. De esquerda para direita. [Requer uma mudança de mapa para aplicar]",
	"wolfhud_enemyhealthbar_ignore_team_ai_health" : "Ignorar a Vida da Equipe AI",
	"wolfhud_enemyhealthbar_ignore_team_ai_health_desc" : "Ignora a vida da equipe ai",
	"wolfhud_ignore_carhealthbar_title" : "Mostrar a Vida do Veículo",
	"wolfhud_ignore_carhealthbar_desc" : "Mostra a vida dos veículos.",
	"wolfhud_show_healthbar_pointer_title" : "Mostrar cursor",
	"wolfhud_show_healthbar_pointer_desc" : "Mostra uma flecha abaixo da barra de vida, indicando o dono da barra de vida.",

	"wolfhud_interaction_options_name" : "Opções de interação",
	"wolfhud_interaction_options_help" : "Escolha suas preferências pessoais de interação.",

	"wolfhud_press2hold_custom_huds_support_title" : "Suporte de HUD",
	"wolfhud_press2hold_custom_huds_support_desc" : "MUI, PDTH HUD Fix",

	"wolfhud_press2hold_lock_mode_title" : "Modo Trava",
	"wolfhud_press2hold_lock_mode_desc" : "Trava, quando a interação for maior que X segundos. (Progresso)\nTrava, quando o tempo total de interação for maior que X segundos. (Total)",
	"wolfhud_press2hold_lock_mode_a" : "Progresso",
	"wolfhud_press2hold_lock_mode_b" : "Total",
	"wolfhud_press2hold_lock_mode_c" : "Pagers+lockpick",
	"wolfhud_press2hold_lock_mode_d" : "Apenas Pagers",
	"wolfhud_press2hold_min_timer_duration_title" : "Tempo minímo de duração",
	"wolfhud_press2hold_min_timer_duration_desc" : "A duração mínima para a interação travar.",
	"wolfhud_press2hold_show_lockindicator_title" : "Mostrar indicador de trava",
	"wolfhud_press2hold_show_lockindicator_desc" : "Mostrar círculo de sobreposição vermelho/verde transparente, para indicar que o tempo de duração está travado ou não.",
	"wolfhud_press2hold_equipment_cancel_title" : "Interrupção de Equipamento",
	"wolfhud_press2hold_equipment_cancel_desc" : "Interrompe a interação travada com o seu equipamento.\n(Caso contrário pressione a tecla de duração novamente.)",
	"wolfhud_press2hold_interrupt_hint_title" : "Mostrar sugestão de interrupção",
	"wolfhud_press2hold_interrupt_hint_desc" : "Exibe um texto para lembrar que botão interromperá a sua interação.",
	"wolfhud_press2hold_show_timer_title" : "Mostrar tempo restante",
	"wolfhud_press2hold_show_timer_desc" : "Exibe o tempo restante dentro do circulo de interação.",
	"wolfhud_press2hold_show_circle_title" : "Mostrar círculo de interação",
	"wolfhud_press2hold_show_circle_desc" : "Determina se o círculo de interação padrão deve ser exibido.",
	"wolfhud_press2hold_circle_scale_title" : "Tamanho do círculo",
	"wolfhud_press2hold_circle_scale_desc" : "Tamanho do circulo de interação.",
	"wolfhud_press2hold_timer_scale_title" : "Tamanho do timer",
	"wolfhud_press2hold_timer_scale_desc" : "Tamanho do timer do centro (Leva em conta ao tamanho do círculo).",
	"wolfhud_press2hold_text_scale_title" : "Tamanho do texto",
	"wolfhud_press2hold_text_scale_desc" : "Tamanho do texto de interação abaixo do círculo.",
	"wolfhud_press2hold_show_reload_circle_title" : "Mostrar o tempo de reload",
	"wolfhud_press2hold_show_reload_circle_desc" : "Determina se deve exibir o  tempo de recarregamento da arma no hud.",
	"wolfhud_press2hold_show_melee_circle_title" : "Mostrar carregamento de melee",
	"wolfhud_press2hold_show_melee_circle_desc" : "Determina se deve exibir o tempo que leva para carregar um golpe, no hud em forma de interação.",
	"wolfhud_press2hold_timer_color_start_title" : "Cor do timer (Início)",
	"wolfhud_press2hold_timer_color_start_desc" : "Cor para o timer de início.",
	"wolfhud_press2hold_timer_color_title" : "Cor do timer (Fim)",
	"wolfhud_press2hold_timer_color_desc" : "Cor para o timer a ser concluido.",
	"wolfhud_press2hold_show_timer_outline_title" : "Contorno preto",
	"wolfhud_press2hold_show_timer_outline_desc" : "Mostra um contorno preto ao redor do texto de tempo restante.",
	"wolfhud_doubletap_nades_stealth_title" : "Supressão de granadas no Stealth",
	"wolfhud_doubletap_nades_stealth_desc" : "Quando marcado, você precisa apertar a tecla 2x para arremessar uma granada no stealth. \nApenas para prevenir acidentes.",
	"wolfhud_hold_to_pick_title" : "Pickup automático",
	"wolfhud_hold_to_pick_desc" : "Todo loot pequeno será pego automaticamente, enquanto a tecla de interação estiver pressionada.",

	"wolfhud_inventory_options_name" : "Opções de melhoria no inventário",
	"wolfhud_inventory_options_help" : "Opções para mudar o visual e o comportamento do seu inventário.",

	"wolfhud_equipment_senty_auto_ap_title" : "Modo AP automático da Sentry",
	"wolfhud_equipment_senty_auto_ap_desc" : "As Sentries vão dar spawn em modo AP, se você tiver a Skill.",
	"wolfhud_equipment_tripmine_auto_sensor_stealth_title" : "Trip-Mine com modo sensor automático",
	"wolfhud_equipment_tripmine_auto_sensor_stealth_desc" : "Trip-Mines vão dar spawn em modo Sensor, no stealth.",
	"wolfhud_equipment_ecm_feedback_disabled_stealth_title" : "Supressão de feedback do ECM",
	"wolfhud_equipment_ecm_feedback_disabled_stealth_desc" : "ECM Feedback será desativado no stealth.(para evitar acidentes)",
	"wolfhud_equipment_shaped_charge_disabled_stealth_title" : "Supressão da Shaped Charge",
	"wolfhud_equipment_shaped_charge_disabled_stealth_desc" : "Quando marcado, você precisa apertar a tecla 2x para dar deploy em shaped charges no stealth. \nApenas para prevenir acidentes.",
	"wolfhud_equipment_keycard_doors_disabled_title" : "Supressão de Keycard para portas",
	"wolfhud_equipment_keycard_doors_disabled_desc" : "Quando marcado, você precisa apertar a tecla 2x para fechar portas na hoxton breakout dia 2. \nApenas para prevenir acidentes.",

	"wolfhud_gadget_options_name" : "Opções para os gadgets das armas",
	"wolfhud_gadget_options_help" : "Especifica a cor dos lasers.",

	"wolfhud_laser_autoon_title" : "Ativar laser automaticamente",
	"wolfhud_laser_autoon_desc" : "Ativa o laser automaticamente ao iniciar, nas armas que o possui.",
	"wolfhud_show_angeled_sight_title" : "Mostra mira ângulada",
	"wolfhud_show_angeled_sight_desc" : "Inclina a arma na sua mão, enquanto a mira angulada estiver habilitada.",

	"wolfhud_gadget_player_laser_options_name" : "Laser do jogador",
	"wolfhud_gadget_player_laser_options_help" : "Configuração do seu laser.",
	"wolfhud_gadget_player_sentry_laser_options_name" : "Opções para a Sentry do jogador",
	"wolfhud_gadget_player_sentry_laser_options_help" : "Configurações para os lasers das sentries.",
	"wolfhud_gadget_team_laser_options_name" : "Lasers da equipe",
	"wolfhud_gadget_team_laser_options_help" : "Opções para os lasers da equipe.",
	"wolfhud_gadget_team_sentry_laser_options_name" : "Lasers das Sentries da equipe",
	"wolfhud_gadget_team_sentry_laser_options_help" : "Opções para os lasers das Sentries da equipe.",
	"wolfhud_gadget_sniper_laser_options_name" : "Laser do Sniper",
	"wolfhud_gadget_sniper_laser_options_help" : "Configuração para o laser dos snipers inimigos.",
	"wolfhud_gadget_turret_laser_active_options_name" : "Laser da turret (ativa)",
	"wolfhud_gadget_turret_laser_active_options_help" : "Configuração do lasers para a SWAT Turret ativa.",
	"wolfhud_gadget_turret_laser_rearming_options_name" : "Laser da turret (Rearmando)",
	"wolfhud_gadget_turret_laser_rearming_options_help" : "Configuraçes para o Laser da SWAT turret recarregando.",
	"wolfhud_gadget_turret_laser_mad_options_name" : "Laser da Turret (Doidona)",
	"wolfhud_gadget_turret_laser_mad_options_help" : "Configuraçes de laser para a SWAT turret sob o efeito de ECM.",
	"wolfhud_gadget_player_flashlight_options_name" : "Lanterna do jogador",
	"wolfhud_gadget_player_flashlight_options_help" : "Configuraçes para a sua lanterna.",
	"wolfhud_gadget_team_flashlight_options_name" : "Lanterna da equipe",
	"wolfhud_gadget_team_flashlight_options_help" : "Opções para as lanternas da equipe.",

	"wolfhud_gadgets_enabled_title" : "Sobrescrever Cor",
	"wolfhud_gadgets_enabled_desc" : "Usar esta definição em vez da configuração do gadget.",
	"wolfhud_gadgets_beam_r_title" : "Feixe do Laser (R)",
	"wolfhud_gadgets_beam_r_desc" : "Componente de cor vermelha do laser.",
	"wolfhud_gadgets_beam_g_title" : "Feixe do Laser (G)",
	"wolfhud_gadgets_beam_g_desc" : "Componente de cor verde do laser.",
	"wolfhud_gadgets_beam_b_title" : "Feixe do Laser (B)",
	"wolfhud_gadgets_beam_b_desc" : "Componente de cor azul do laser.",
	"wolfhud_gadgets_beam_a_title" : "Opacidade do Feixe",
	"wolfhud_gadgets_beam_a_desc" : "Opacidade do feixe de laser.",
	"wolfhud_gadgets_dot_match_title" : "Cor do ponto",
	"wolfhud_gadgets_dot_match_desc" : "Determina, se o ponto e o feixe do laser devem ser da mesma cor.",
	"wolfhud_gadgets_dot_r_title" : "Ponto do Laser (R)",
	"wolfhud_gadgets_dot_r_desc" : "Componente de ponto na cor vermelha.",
	"wolfhud_gadgets_dot_g_title" : "Ponto do laser (G)",
	"wolfhud_gadgets_dot_g_desc" : "Componente de ponto na cor verde.",
	"wolfhud_gadgets_dot_b_title" : "Ponto do laser (B)",
	"wolfhud_gadgets_dot_b_desc" : "Componente de ponto na cor azul.",
	"wolfhud_gadgets_dot_a_title" : "Opacidade do ponto do laser",
	"wolfhud_gadgets_dot_a_desc" : "Opacidade do ponto do laser.",
	"wolfhud_gadgets_glow_match_title" : "Cor do brilho",
	"wolfhud_gadgets_glow_match_desc" : "Determina, se a cor do brilho do laser deve ser igual ao do feixe.",
	"wolfhud_gadgets_glow_r_title" : "Brilho do laser (R)",
	"wolfhud_gadgets_glow_r_desc" : "Componente brilho do laser de cor vermelha.",
	"wolfhud_gadgets_glow_g_title" : "Brilho do laser (G)",
	"wolfhud_gadgets_glow_g_desc" : "Componente brilho do laser de cor verde.",
	"wolfhud_gadgets_glow_b_title" : "Brilho do laser (B)",
	"wolfhud_gadgets_glow_b_desc" : "Componente brilho do laser de cor azul.",
	"wolfhud_gadgets_glow_a_title" : "Opacidade do brilho do laser",
	"wolfhud_gadgets_glow_a_desc" : "Opacidade do brilho do laser.",
	"wolfhud_gadgets_light_r_title" : "Lanterna (R)",
	"wolfhud_gadgets_light_r_desc" : "Componente da lanterna de cor vermelha.",
	"wolfhud_gadgets_light_g_title" : "Lanterna (G)",
	"wolfhud_gadgets_light_g_desc" : "Componente da lanterna de cor verde.",
	"wolfhud_gadgets_light_b_title" : "Lanterna (B)",
	"wolfhud_gadgets_light_b_desc" : "Componente da lanterna de cor azul.",
	"wolfhud_gadgets_light_brightness_title" : "Brilho da lanterna",
	"wolfhud_gadgets_light_brightness_desc" : "Intensidade do brilho da lanterna.",
	"wolfhud_gadgets_light_angle_title" : "Ângulo da lanterna",
	"wolfhud_gadgets_light_angle_desc" : "O ângulo que a lanterna ilumina.",
	"wolfhud_gadgets_light_range_title" : "Alcance da lanterna",
	"wolfhud_gadgets_light_range_desc" : "A distância que a lanterna pode cobrir.",
	"wolfhud_gadgets_rainbow_enabled_title" : "Ativar arco-íris",
	"wolfhud_gadgets_rainbow_enabled_desc" : "Ativa o modo arco-iris.",
	"wolfhud_gadgets_rainbow_frequency_title" : "Frequência do arco-iris",
	"wolfhud_gadgets_rainbow_frequency_desc" : "Determina o quão rápido o arco-íris muda de cor.",
	"wolfhud_gadgets_pulse_enabled_title" : "Ativar Pulsante",
	"wolfhud_gadgets_pulse_enabled_desc" : "Ativa o modo pulsante.",
	"wolfhud_gadgets_pulse_min_title" : "Pulsante Mínimo",
	"wolfhud_gadgets_pulse_min_desc" : "Modificador de Opacidade Mínima a usar.",
	"wolfhud_gadgets_pulse_max_title" : "Pulsante Máximo",
	"wolfhud_gadgets_pulse_max_desc" : "Modificador de Opacidade Máxima a usar.",
	"wolfhud_gadgets_pulse_frequency_title" : "Frequência do pulso",
	"wolfhud_gadgets_pulse_frequency_desc" : "Determina o tempo que o multiplicador leva do pulso mínimo ao máximo.",

	"wolfhud_skipit_options_name" : "Opções de Pular",
	"wolfhud_skipit_options_help" : "Opções para pular menus desnecessários automaticamente e poupar seu tempo.",
	"wolfhud_assaultbanner_options_name" : "Opções da Caixa de Operação",
	"wolfhud_assaultbanner_options_help" : "Opções para mudar a Caixa de Operação.",

	"wolfhud_hudlist_device_security" : "Hacks",
	"wolfhud_hudlist_device_security_bar" : "Hack $CURRENT/$TOTAL",
	"wolfhud_enemy_shadow_spook" :"Shadow Cloaker",
	"wolfhud_enemy_escort_bain_locke" : "Locke / Bain",
	"wolfhud_enemy_kento" : "Kento",

	"wolfhud_panels_show_bulletstorm_title" : "Mostrar o Indicador de Bulletstorm",
	"wolfhud_panels_show_bulletstorm_desc" : "Exibe um brilho piscando quando o Bulletstorm é ativado.",
	"wolfhud_invertedfbg_title" : "Ativar Flashbang Invertido",
	"wolfhud_invertedfbg_desc" : "Isso muda a Flashbang Branco pro Preto",
	"wolfhud_enemy_bolivian_security_mex" : "Coyopa Security",

	"wolfhud_enable_sub_title" : "Sombra de Legenda",
    	"wolfhud_enable_sub_desc" : "Adiciona uma sombra atrás das legendas",
    	"wolfhud_sub_scale_title" : "Tamanho da Legenda",
    	"wolfhud_sub_scale_desc" : "Edite o tamanho da legenda",
	"wolfhud_enable_inspire_hint_title" : "Dica da recarga do Inspire",
    	"wolfhud_enable_inspire_hint_desc" : "Adiciona uma mensagem de dica mostrando o tempo restante pro Inspire",
	"wolfhud_inspire_hint_text" : "Inspire ainda terá uma recarga de %.f segundos",
	"wolfhud_create_empty_lobby_title" : "Criar Lobby vazio",
	"wolfhud_create_empty_lobby_desc" : "Crie um Lobby vazio.",
	"wolfhud_mischud_options_name" : "Outras opções de HUD",
	"wolfhud_mischud_options_help" : "Contém outras opções de HUD",
	"wolfhud_show_heat_title" : "Mostrar Bônus de Heat",
	"wolfhud_show_heat_desc" : "Mostra ícones de Heat em Contract Broker",
	"wolfhud_crnt_size_title" : "Tamanho da CrimeNet",
	"wolfhud_crnt_size_desc" : "Edite o Tamanho da CrimeNet",
	"wolfhud_crnt_sort_title" : "Organizar CrimeNet",
	"wolfhud_crnt_sort_desc" : "Organize os contratos da CrimeNet por dificuldade\nNota: requer Alinhar CrimeNet para funcionar",
	"wolfhud_crnt_align_title" : "Alinhar CrimeNet",
	"wolfhud_crnt_align_desc" : "Alinhe os contratos da CrimeNet em uma grade",
	"wolfhud_crnt_colorize_title" : "Colorir CrimeNet",
	"wolfhud_crnt_colorize_desc" : "Terá cores no contratos de acordo com a dificuldade e irá diminuir o brilho do Heat",
	"wolfhud_show_reduction_title" : "Mostrar a redução de experiência",
	"wolfhud_show_reduction_desc" : "Mostra os ícones de redução de experiência em Contract Broker",
    	"wolfhud_hud_scale_title" : "Tamanho da HUD",
    	"wolfhud_hud_scale_desc" : "Mude o tamanho da HUD",
	"wolfhud_enable_joker_floating_name_title" : "Mostrar o nome do Convertido",
	"wolfhud_enable_joker_floating_name_desc" : "Mostra os nomes dos convertidos acima deles.",
	"wolfhud_enable_joker_floating_hp_title" : "Mostrar a vida do Convertido",
	"wolfhud_enable_joker_floating_hp_desc" : "Mostra a vida dos convertidos acima deles.",
	"wolfhud_enable_joker_floating_kills_title" : "Mostrar Vítimas do Convertido",
	"wolfhud_enable_joker_floating_kills_desc" : "Mostra as vítimas dos convertidos acima deles.",
	"wolfhud_enable_swan_song_effect_title" : "Efeito de Swan Song",
	"wolfhud_enable_swan_song_effect_desc" : "A tela irá piscar azul quando estiver em Swan Song.",
	"wolfhud_enable_kingpin_effect_title" : "Injentor de Kingpin",
	"wolfhud_enable_kingpin_effect_desc" : "A tela irá piscar laranja quando estiver sobre efeito do injentor.",
	"wolfhud_enemy_deathvox_light" : "ZEAL Unit",
	"wolfhud_enemy_deathvox_heavy" : "Heavy ZEAL",
	"wolfhud_enemyhealthbarenemy_hurt_color_title" : "Cor do dano do inimigo",
	"wolfhud_enemyhealthbarenemy_hurt_color_desc" : "Edite a cor quando o indicador de vida do inimigo piscar quando você dê algum dano.",
	"wolfhud_enemyhealthbarenemy_kill_color_title" : "Cor de matar inimigo",
	"wolfhud_enemyhealthbarenemy_kill_color_desc" : "Edite a cor quando o indicador de vida do inmigo piscar quand você matar alguém.",
	"wolfhud_dmg_popup_show_alt_civ_popup_title" : "Mostrar popup de dano no civil",
	"wolfhud_dmg_popup_show_alt_civ_popup_desc" : "Ativa o popup de dano no civil.",
	"wolfhud_dmg_popup_time_alt_title" : "Tempo do Popup Alt.",
	"wolfhud_dmg_popup_time_alt_desc" : "Detemine por quanto tempo o popup vai ficar ativo.",
	"wolfhud_enemyhealthbar_show_multiplied_enemy_health" : "Mostrar a vida do inimigo x10",
	"wolfhud_enemyhealthbar_show_multiplied_enemy_health_desc" : "Mostra a vida do inimigo x10. Isso faz que a vida do inimigo seja consistente com o dano da arma.",
	"wolfhud_dmg_popup_body_glow_color_title" : "Cor do Brilho do Tiro no Corpo",
	"wolfhud_dmg_popup_body_glow_color_desc" : "Configure a cor do brilho quando atirar no corpo.",
	"wolfhud_original_hostage_box_title" : "Mostrar a caixa de refém original",
	"wolfhud_original_hostage_box_desc" : "Mostra a caixa de refém original na hud.",
	"wolfhud_waypoints_color_enable_title" : "Permitir Waypoints Coloridos",
	"wolfhud_waypoints_color_enable_desc" : "Permite o WolfHUD controlar as cores dos Waypoints das missões",
	"wolfhud_wolfhud_pacified_civs_new_icons_title" : "Ativar Ícones de Suspeita",
	"wolfhud_wolfhud_pacified_civs_new_icons_desc" : "Essa opção deixa você editar alguns ícones de suspeita",
	"wolfhud_pacified_civs_new_wolf_icon_title" : "Verificado Azul no Civil Pacíficado",
	"wolfhud_pacified_civs_new_wolf_icon_desc" : "Muda o ícone de civil pacíficado para um de verificado azul",
	"wolfhud_pacified_civs_new_icon_title" : "Ícones de Suspeita Melhorados",
	"wolfhud_pacified_civs_new_icon_desc" : "Muda os padrões ? e ! para um ícone mais informativo de guarda / câmera / civil",
	"wolfhud_enemy_escort_it_guy" : "Bank IT Guy",
	"wolfhud_hudlist_loot_egg" : "Egg",
	"wolfhud_hudlist_loot_treasure" : "Treasure",
	"wolfhud_enemy_mariachi" : "Mariachi Band Member",
	"wolfhud_drill_icons_title" : "Mostrar ícones de melhorias de Drill",
	"wolfhud_drill_icons_desc" : "Mostra as melhorias de Drill que você irá adicionar na drill/serra",
    	"wolfhud_infopanels_buff_player_actions_options_name" : "Opções de Ações do Jogador",
	"wolfhud_infopanels_buff_player_actions_options_help" : "Ative/Desative ações específicas",
	"wolfhud_hudlist_anarchist_armor_regeneration_action_title" : "Regeneração do Armor da Anarchist",
	"wolfhud_hudlist_anarchist_armor_regeneration_buff_desc" : "",
	"wolfhud_hudlist_standard_armor_regeneration_action_title" : "Regeneração do Armor",
	"wolfhud_hudlist_standard_armor_regeneration_action_desc" : "",
	"wolfhud_hudlist_weapon_charge_action_title" : "Troca de Arma",
	"wolfhud_hudlist_weapon_charge_action_desc" : "",
	"wolfhud_hudlist_melee_charge_action_title" : "Força da Melee",
	"wolfhud_hudlist_melee_charge_action_desc" : "",
	"wolfhud_hudlist_reload_action_title" : "Duração da Recarga",
	"wolfhud_hudlist_reload_action_desc" : "",
	"wolfhud_hudlist_interact_action_title" : "Duração da Interação",
	"wolfhud_hudlist_interact_action_desc" : "",
	"wolfhud_heist_timer_title" : "Mostrar o Timer da Heist em Chat",
	"wolfhud_heist_timer_desc" : "Isso mostra o timer da heist no Chat",
	"wolfhud_enable_time_left_title" : "Tempo Restante de Entrada",
	"wolfhud_enable_time_left_desc" : "Na caixa de diálogo de Joining irá mostrar segundos restantes",
	"wolfhud_infopanels_show_special_pickups_options_name" : "Opções de pickup especial",
	"wolfhud_infopanels_show_special_pickups_options_help" : "Escolhe quais pickups você quer que mostre no jogo.",
	"wolfhud_hudlist_show_crowbar_title" : "Mostrar Pé-de-Cabras",
	"wolfhud_hudlist_show_crowbar_desc" : "",
	"wolfhud_hudlist_show_planks_title" : "Mostrar Tábuas",
	"wolfhud_hudlist_show_planks_desc" : "",
	"wolfhud_hudlist_show_keycard_title" : "Mostrar Cartões de Acessos",
	"wolfhud_hudlist_show_keycard_desc" : "",
	"wolfhud_enable_peer_ping_title" : "Mostrar Ping em lobby",
	"wolfhud_enable_peer_ping_desc" : "Mostrar quanto de Ping que cada jogador têm no Lobby.",
	"wolfhud_pacified_civs_alt_icon_title" : "Ícone Alternativo",
	"wolfhud_pacified_civs_alt_icon_desc" : "Um Ícone verde será mostrado com os civis pacíficados",
	"wolfhud_enable_headshot_title" : "Círculo de confirmação de tiro na cabeça",
	"wolfhud_enable_headshot_desc" : "Adiciona um Círculo de confirmação quando você atirar na cabeça",
	"wolfhud_enable_mask_instruct_title" : "Instrução de Máscara",
	"wolfhud_enable_mask_instruct_desc" : "Mostra uma instrução para colocar a sua máscara quando o jogo começar",
	"wolfhud_enable_joker_contour_title" : "Contorno de convertido colorido",
	"wolfhud_enable_joker_contour_desc" : "Faz os contornos de políciais convertidos coloridos com a cor do seu dono",
    	"wolfhud_shuffle_music_title" : "Música Aleatória",
	"wolfhud_shuffle_music_desc" : "Troca a música toda vez quando o assault acabar",
	"wolfhud_wave_counter_title" : "Contador de Onda",
	"wolfhud_wave_counter_desc" : "Ativa um contador de onda personalizado",
	"wolfhud_dmg_popup_show_rainbow_popups" : "Ativar Popups Coloridos",
	"wolfhud_dmg_popup_show_rainbow_popups_desc" : "Mostra popups coloridos\nRequer uma mudança de mapa para aplicar",
	"wolfhud_dmg_popup_show_damage_per_hit" : "Mostrar o Dano para cada acerto",
	"wolfhud_dmg_popup_show_damage_per_hit_desc" : "Mostra o dano separado para cada acerto ou um popup somando todo dano",
	"wolfhud_dmg_popup_show_enemy_health_mul" : "Mostrar a vida do inimigo x10",
	"wolfhud_dmg_popup_show_enemy_health_mul_desc" : "Mostra a vida do inimigo x10. Isso faz a vida do inimigo consistente com o dano da arma.",
	"wolfhud_dmg_popup_hit_display_duration" : "Tempo do Popup na Tela",
	"wolfhud_dmg_popup_hit_display_duration_desc" : "Muda o tempo do popup ativo na tela",
	"wolfhud_dmg_popup_hit_chg_per_tick" : "Velocidade do movimento não-fatal",
	"wolfhud_dmg_popup_hit_chg_per_tick_desc" : "Mude a velocidade do movimento do popup movendo para cima quando é um acerto não fatal.",
	"wolfhud_dmg_popup_fatal_hit_chg_per_tick" : "Velocidade do movimento fatal",
	"wolfhud_dmg_popup_fatal_hit_chg_per_tick_desc" : "Mude a velocidade do movimento do popup movendo para cima quando é um acerto falta.",
	"wolfhud_dmg_popup_damage_vert_offset" : "Posição vertical do popup de dano",
	"wolfhud_dmg_popup_damage_vert_offset_desc" : "Mude a posição vertical do popup de dano",
	"wolfhud_dmg_popup_damage_kill_flash_spd" : "Brilho Pulsante Popup de Dano",
	"wolfhud_dmg_popup_damage_kill_flash_spd_desc" : "Mude a velocidade do pulso do brilho do popup de dano",
	"wolfhud_confirn_dialogs_title" : "Ativar Diálogos de Confirmações",
	"wolfhud_confirn_dialogs_desc" : "Ative diálogos de confirmações em certas partes",
	"wolfhud_save_filters_title" : "Salvar Configurações do Lobby",
	"wolfhud_save_filters_desc" : "Isso salva as configurações do seu Lobby",
	"wolfhud_shoot_through_bots_title" : "Atirar através pelos AI/Convertidos",
	"wolfhud_shoot_through_bots_desc" : "Seus tiros passem pelos AI/Convertidos",
	"wolfhud_dmg_popup_linux_compat_title" : "Compatibilidade do Windows",
	"wolfhud_dmg_popup_linux_compat_desc" : "Desabilite caso você estiver usando Linux",
	"wolfhud_replace_joker_title" : "Substituir Convertidos",
	"wolfhud_replace_joker_desc" : "Quando você converter um Convertido, irá matar o seu Convertido anterior",
	"wolfhud_dmg_popup_scale_alt_title" : "Tamanho do Popup do WolfHUD",
	"wolfhud_dmg_popup_scale_alt_desc" : "Mude o tamanho do popup de dano do WolfHUD.",
	"wolfhud_show_silent_weapons_title" : "Mostrar Armas silenciadas",
	"wolfhud_show_silent_weapons_desc" : "Mostra um símbolo de fantasma próximo a arma silenciada no inventário",
	"wolfhud_chat_y_pos_title" : "Posição de Baixo",
	"wolfhud_chat_y_pos_desc" : "Move a posição do chat de cima para baixo",
	"wolfhud_panels_health_armor_num_title" : "Mostrar Vida e Armadura como números",
	"wolfhud_panels_health_armor_num_desc" : "Mostra a Vida e Armadura como números",
	"wolfhud_panels_hide_health_armor_title" : "Esconder os Círculos de Vida e Armor",
	"wolfhud_panels_hide_health_armor_desc" : "Esconde os Círculos da vida e Armor",
	"fastnet_sa" : "FAST.Net",
	"state_filter" : "Estado",
	"menu_state_filter" : "Filtro de Estado",
	"menu_lobby_days_title" : "DIAS:",
	"menu_state_lobby" : "Lobby",
	"menu_state_loading" : "Carregando",
	"menu_state_ingame" : "Em Jogo",
	"menu_state_filter_help" : "Muda o filtro do estado do Lobby",
	"menu_servers_filter" : "Máximo de Servidores",
	"menu_servers_filter_help" : "Selecione o máximo de servidores que pode aparecer na tela",
	"menu_lobby_job_plan_title" : "Plano da Heist:",
	"menu_job_plan_-1" : "N/A",
	"menu_job_plan_1" : "Loud",
	"menu_job_plan_2" : "Stealth",
	"menu_stat_job_completed_new" : "$stat",
	"menu_stat_job_new" : "Contratos Concluído: ",
	"menu_fastnet_help" : "Navegador de Servidores do Payday 2: Isso facilita muito em achar partidas",
	"FastNETMenuSortAlphabeticallyHeistsTitleID" : "Filtro de Heist",
	"FastNETMenuSortAlphabeticallyHeistsDescID" : "Organiza as Heists pelo alfabeto",
	"wolfhud_show_custom_inv_names_title" : "Mostrar os nomes personalizados do inventário",
	"wolfhud_show_custom_inv_names_desc" : "Mostra os nomes personalizados inventário. Desative caso você estiver usando a versão de TdlQ",
	"wolfhud_enemy_triad" : "Tríades",
	"FastNETENABLEDTitleID" : "Mostrar Fast.Net no menu principal",
	"FastNETENABLEDDescID" : "Mostra Fast.Net no menu principal",
	"wolfhud_hide_interaction_text_title" : "Mostrar o Texto de Instrução de Interação",
	"wolfhud_hide_interaction_text_desc" : "Mostra o 'Segure [tecla] para interagir'",
	"wolfhud_languages_japanese" : "Japonês",
	"wolfhud_hudlist_show_jokers_health_bar_title" : "Mostrar a Vida dos Convertidos",
	"wolfhud_hudlist_show_jokers_health_bar_desc" : "Mostra a barra de vida dos convertidos",
	"wolfhud_hudlist_show_jokers_kill_counter_title" : "Mostrar as Kills dos Convertidos",
	"wolfhud_hudlist_show_jokers_kill_counter_desc" : "Mostra as kills dos convertidos",

	"wolfhud_disable_blend_mode_title" : "Remover Transparência do CustomHUD",
	"wolfhud_disable_blend_mode_desc" : "Desabilite a transparência do CustomHUD",
	"wolfhud_pd2stylebox_title" : "Caixas com Estilo de Payday 2",
	"wolfhud_pd2stylebox_desc" : "Alterne o estilo da Interface da HUDList para usar o estilo do Payday 2",

	"wolfhud_use_enhanced_objective_title" : "Habilite 'Enhanced Objectives Panel'",
	"wolfhud_use_enhanced_objective_desc" : "Substitua a interface dos objetivos padrão com uma versão melhorada",
	"wolfhud_use_customhud_title" : "WolfHUD's CustomHUD",
	"wolfhud_use_customhud_desc" : "Substitua a HUD padrão com a CustomHUD, feito por Se7en.\n(Uma mudança de mapa é necessário.)",
	"wolfhud_use_vanilla" : "Vanilla",

	"wolfhud_menu_options_name" : "Mudanças de Menu",
	"wolfhud_menu_options_help" : "Mude algumas opções de menu e de inventário",
	"wolfhud_equipment_options_name" : "Mudanças de Equipamento",
	"wolfhud_equipment_options_help" : "Mude algumas opções de equipamento",

	"wolfhud_hud_type_title" : "Tipo de HUD",
	"wolfhud_hud_type_desc" : "Selecione o tipo de HUD que você quer.\n(Uma mudança de mapa é necessário.)",
	"wolfhud_waypoint_scale_title" : "Tamanho dos Waypoints Personalizados",
	"wolfhud_waypoint_scale_desc" : "Define o tamanho dos waypoints personalizados.",

	"wolfhud_show_empty_lobby_title" : "Enable Create Empty Lobby",
	"wolfhud_show_empty_lobby_desc" : "Enables create empty lobby item on the main menu",

	"wolfhud_panels_show_new_downcounter_title" : "Mostrar o Contador de Quedas (Vanilla)",
	"wolfhud_panels_show_new_downcounter_desc" : "Mostra o contador de quedas vanilla do jogo para cada jogador",

	"wolfhud_hudlist_copr_buff_title" : "Ampola do Leech",
	"wolfhud_hudlist_copr_buff_desc" : "",
	"wolfhud_dialog_force_start_msg" : "A inicialização do jogo foi forçada",

	"wolfhud_chat_x_pos_title" : "Posição da Esquerda",
	"wolfhud_chat_x_pos_desc" : "Move a posição do chat da esquerda para direita",

	"wolfhud_enemy_yufuwang_armored_boss" : "Yufu Wang (Blindado)",
	"wolfhud_enemy_yufuwang_no_armor_boss" : "Yufu Wang",

	"wolfhud_enable_bg_title" : "Ativar o fundo da HUDList",
	"wolfhud_enable_bg_desc" : "Adiciona um fundo às caixas do HUDList, permitindo que você mude as cores",

	"wolfhud_hide_bag_value_text_title" : "Esconder o valor da bolsa",
	"wolfhud_hide_bag_value_text_desc" : "Esconde o valor do espólio dentro de uma bolsa quando estiver olhando-o.",

	"wolfhud_hide_casing_title" : "Esconder o modo Investigação",
	"wolfhud_hide_casing_desc" : "Esconde o modo investigação.",

	"wolfhud_hudlist_armor_break_invulnerable_debuff_title" : "Cooldown da Invulnerabilidade da Quebra da Armadura",
	"wolfhud_hudlist_armor_break_invulnerable_debuff_desc" : "",

	"wolfhud_fastnet_update" : "$BTN_X; Atualizar",
	"wolfhud_fastnet_filters" : "$BTN_Y; Filtros",

	"wolfhud_enemy_marshal_marksman" : "Marshal Marksman",

	"wolfhud_sub_height_title" : "Alterar a posição da Legenda",
	"wolfhud_sub_height_desc" : "Altere a posição da Legenda, 0 é a posição superior e o 800 é o inferior.",

	"wolfhud_hudlist_buff_list_x_offset_title" : "Posição Horizontal dos Buffs",
	"wolfhud_hudlist_buff_list_x_offset_desc" : "Posicione horizontalmente o indicador de Buffs",

	"wolfhud_hudlist_loot_tea" : "Chá",
    "wolfhud_hudlist_loot_dragon" : "Dragão",

	"wolfhud_panels_show_detectioncounter_title" : "Show Detection Risk",
	"wolfhud_panels_show_detectioncounter_desc" : "Shows the current detection risk for each non AI. \nThe counter shows either your detection risk or your teammates detection risk or both.",

	"wolfhud_drill_icons_x_pos_title" : "Drill Upgrades Icons Horizontal Position",
	"wolfhud_drill_icons_x_pos_desc" : "Sets the horizontal position of the drill upgrades icons",
	"wolfhud_drill_icons_y_pos_title" : "Drill Upgrades Icons Vertical Position",
	"wolfhud_drill_icons_y_pos_desc" : "Sets the vertical position of the drill upgrades icons",
	"wolfhud_drill_icons_scale_title" : "Drill Upgrades Icons Scale",
	"wolfhud_drill_icons_scale_desc" : "Sets the scale of the drill upgrade icons",

	"wolfhud_use_standard_scene_title" : "FAST.NET Use Standard Scene",
	"wolfhud_use_standard_scene_desc" : "Uses the main menu scene for FAST.NET",

	"wolfhud_infopanels_color_options_name" : "HUDList Color Options",
	"wolfhud_infopanels_color_options_help" : "Color options for HUDList",
	"wolfhud_hudlist_left_box_color_title" : "Left Box Font Color",
	"wolfhud_hudlist_left_box_color_desc" : "Front color for Left List Boxes.\n(Currently a Map change is needed to apply...)",
	"wolfhud_hudlist_left_box_bg_color_title" : "Left Box Background Color",
	"wolfhud_hudlist_left_box_bg_color_desc" : "Background color for Left List Boxes.\n(Currently a Map change is needed to apply...)",
	"wolfhud_hudlist_turret_color_title" : "Turret Color",
	"wolfhud_hudlist_turret_color_desc" : "Color for Turrets in EnemyCounter.",
	"wolfhud_hudlist_shield_color_title" : "Shield Color",
	"wolfhud_hudlist_shield_color_desc" : "Color for Shields in EnemyCounter.",
	"wolfhud_hudlist_tank_color_title" : "Bulldozer Color",
	"wolfhud_hudlist_tank_color_desc" : "Color for Bulldozers in EnemyCounter.",
	"wolfhud_hudlist_sniper_color_title" : "Sniper Color",
	"wolfhud_hudlist_sniper_color_desc" : "Color for Snipers in EnemyCounter.",
	"wolfhud_hudlist_spooc_color_title" : "Cloaker Color",
	"wolfhud_hudlist_spooc_color_desc" : "Color for Cloakers in EnemyCounter.",
	"wolfhud_hudlist_taser_color_title" : "Taser Color",
	"wolfhud_hudlist_taser_color_desc" : "Color for Tasers in EnemyCounter.",
	"wolfhud_hudlist_medic_color_title" : "Medic Color",
	"wolfhud_hudlist_medic_color_desc" : "Color for Medic in EnemyCounter.",
	"wolfhud_hudlist_phalanx_color_title" : "Captain Winters Color",
	"wolfhud_hudlist_phalanx_color_desc" : "Color for Captain Winters in EnemyCounter.",
	"wolfhud_hudlist_buff_icon_color_standard_title" : "Buff Icon Color Standard",
	"wolfhud_hudlist_buff_icon_color_standard_desc" : "",
	"wolfhud_hudlist_buff_icon_color_buff_title" : "Buff Icon Color Buffs",
	"wolfhud_hudlist_buff_icon_color_buff_desc" : "",
	"wolfhud_hudlist_buff_icon_color_debuff_title" : "Buff Icon Color Debuffs",
	"wolfhud_hudlist_buff_icon_color_debuff_desc" : "",
	"wolfhud_hudlist_buff_icon_color_team_title" : "Buff Icon Color Team",
	"wolfhud_hudlist_buff_icon_color_team_desc" : "",
	"wolfhud_enemy_marshal_shield" : "Marshal Shield",
	"wolfhud_enemy_marshal_shield_break" : "Marshal Special",
	"wolfhud_enemy_ranchmanager" : "Esteban",
	"wolfhud_hudlist_right_list_bg_alpha_title" : "Right List Background Alpha",
	"wolfhud_hudlist_right_list_bg_alpha_desc" : "Changes the right list background alpha",
	"wolfhud_hudlist_left_list_bg_alpha_title" : "Left List Background Alpha",
	"wolfhud_hudlist_left_list_bg_alpha_desc" : "Changes the left list background alpha",
	"wolfhud_hudlist_loot_plates" : "Printing Plates",
	"wolfhud_colors_debuff" : "Debuff",
	"wolfhud_colors_team" : "Team",

	"wolfhud_languages_polish" : "Polish",
	"wolfhud_hide_content_news_title" : "Hide New Content Banner",
	"wolfhud_hide_content_news_desc" : "Hides the new content news banner in the main menu",
	"wolfhud_hudlist_old_sixth_sense_buff_title" : "Old Sixth Sense Faster Contour Highlight",
	"wolfhud_hudlist_old_sixth_sense_buff_desc" : "Makes the contour highlight instant after the countdown, instead of one at a time",

	"wolfhud_hudlist_copycat_health_invul_buff_title" : "Copycat (Health Invulnerability)",
	"wolfhud_hudlist_copycat_health_invul_buff_desc" : "",
	"wolfhud_hudlist_copycat_health_shot_buff_title" : "Copycat (Headshot Health Regen)",
	"wolfhud_hudlist_copycat_health_shot_buff_desc" : "",

	"wolfhud_hudlist_guard_color_title" : "Guard Color",
	"wolfhud_hudlist_guard_color_desc" : "Color for Guards in EnemyCounter.",
	"wolfhud_hudlist_timers_color_title" : "Timers Color",
	"wolfhud_hudlist_timers_color_desc" : "Color for drills/saws/hacks etc",
	"wolfhud_hudlist_equipment_color_title" : "Deployable Color",
	"wolfhud_hudlist_equipment_color_desc" : "Color for the number of deployables on the map",
	"wolfhud_hudlist_minions_info_color_title" : "Joker Kill and Health Info Color",
	"wolfhud_hudlist_minions_info_color_desc" : "Color for Jokers kill and health info",
	"wolfhud_hudlist_pagers_timer_color_title" : "Pagers Timer Color",
	"wolfhud_hudlist_pagers_timer_color_desc" : "Color for pagers timer",
	"wolfhud_hudlist_ecms_color_title" : "ECM Timer Color",
	"wolfhud_hudlist_ecms_color_desc" : "Color for ECM timer",
	"wolfhud_hudlist_ecm_feedback_color_title" : "ECM Feedback Timer Color",
	"wolfhud_hudlist_ecm_feedback_color_desc" : "Color for the ECM timer",
	"wolfhud_hudlist_tape_loop_color_title" : "Camera Loop Timer Color",
	"wolfhud_hudlist_tape_loop_color_desc" : "Color for the camera loop timer",
	"wolfhud_hudlist_jokers_color_title" : "Jokers Color",
	"wolfhud_hudlist_jokers_color_desc" : "Color for the number of current jokers",
	"wolfhud_hudlist_pagers_color_title" : "Pagers Color",
	"wolfhud_hudlist_pagers_color_desc" : "Color for the number of active pagers on a map",
	"wolfhud_hudlist_cam_color_title" : "Camera Color",
	"wolfhud_hudlist_cam_color_desc" : "Color for the number of cameras active on a map",
	"wolfhud_hudlist_bodybags_color_title" : "Body Bags Color",
	"wolfhud_hudlist_bodybags_color_desc" : "Color for bodybags left in your inventory",
	"wolfhud_hudlist_corpse_color_title" : "Corpse Color",
	"wolfhud_hudlist_corpse_color_desc" : "Color for the number of corpses on Boiling Point",
	"wolfhud_hudlist_loot_color_title" : "Lootbags Color",
	"wolfhud_hudlist_loot_color_desc" : "Color for the number of loot available on a map",
	"wolfhud_hudlist_special_items_color_title" : "Special Items Color",
	"wolfhud_hudlist_special_items_color_desc" : "Color for the number of special items available on a map",

	"wolfhud_hudlist_show_gage_packages_title" : "Show Gage Packages",
	"wolfhud_hudlist_show_gage_packages_desc" : "",

	"wolfhud_hudlist_loot_papers" : "Papers",
	"wolfhud_fastnet_reconnect" : "$BTN_START Reconnect",
	"wolfhud_no_lobby_collect_to" : "Seems like there's no server to connect to",

	"wolfhud_enemy_zeal_heavy_swat" : "Zeal Heavy SWAT",
	"wolfhud_enemy_zeal_swat" : "Zeal SWAT",
	"wolfhud_colored_ammo" : "",

	"wolfhud_enemy_hatman" : "Headless Hatman",
	"wolfhud_enemy_autumn" : "Captain Autumn",
	"wolfhud_enemy_phalanx_minion_assault" : "Titan Shield",
	"wolfhud_enemy_phalanx_vip_break" : "Captain Winters",
	"wolfhud_enemy_dave" : "Dave",
	"wolfhud_enemy_meme" : "Meme Man",
	"wolfhud_enemy_meme_shield" : "Meme Man Shield",
	"wolfhud_enemy_fbi_titan" : "ASU",
	"wolfhud_enemy_weekend_sniper" : "National Guard Sniper",
	"wolfhud_enemy_weekend" : "National Guard Soldier",
	"wolfhud_enemy_weekend_lmg" : "National Guard LMG Soldier",
	"wolfhud_enemy_weekend_guard" : "National Security Guard",
	"wolfhud_enemy_weekend_lmg_guard" : "National LMG Security Guard",
	"wolfhud_enemy_biker_guard" : "Biker Guard",
	"wolfhud_enemy_titan_swat" : "Titan SWAT",
	"wolfhud_enemy_titan_swat_assault" : "Titan SWAT",
	"wolfhud_enemy_enforcer" : "Enforcer",
	"wolfhud_enemy_enforcer_assault" : "Enforcer",
	"wolfhud_enemy_tank_black" : "Blackdozer",
	"wolfhud_enemy_tank_skull" : "Skulldozer",
	"wolfhud_enemy_tank_biker" : "Biker Bulldozer",
	"wolfhud_enemy_tank_titan" : "Titan Bulldozer",
	"wolfhud_enemy_spook_titan" : "Titan Cloaker",
	"wolfhud_enemy_spook_gangster" : "Gangster Cloaker",
	"wolfhud_enemy_taser_titan" : "Titan Taser",

	"wolfhud_susp_custom_huds_support_title" : "Custom HUDs Support",
	"wolfhud_susp_custom_huds_support_desc" : "Only enable if you're crashing"
}
