{
	"menu_jowi" : "威克",
	"hud_int_hold_grab_the_bag" : "按住 $INTERACT 捡起 $BAG",

	"wolfhud_dialog_force_start_title" : "强制开始游戏?",
	"wolfhud_dialog_force_start_desc" : "你确定要强制游戏开始吗?\n\n请慎重使用该功能，可能玩家只是暂时不在电脑前\n请确保所有人都有足够的时间选择他的装备",
	"wolfhud_dialog_install_title" : "安装: $NAME",
	"wolfhud_dialog_install_desc" : "是否要安装 '$NAME'?",
	"wolfhud_dialog_remind_later" : "稍后再说",
	"wolfhud_dialog_install_fed_inv_desc" : "全彩装备库是一个用彩色图标显示你的武器的面具和随身装备的MOD，\n当与CustomHUD一起使用时看起来会很棒，并且它将使用BLT更新",
	"wolfhud_dialog_rename_inv_tab" : "重命名库存页面",
	"wolfhud_dialog_rename_inv_tab_desc" : "请输入库存页面的新名称",
	"wolfhud_dialog_save" : "保存",
	"woldhud_notification_disabled_override_title" : "[VanillaHUD] $NAME 当前已禁用",
	"woldhud_notification_disabled_override_desc" : "如果你改变了主意，点击这里将再次询问",
	"woldhud_notification_restart_override_title" : "[VanillaHUD] $NAME 已准备好安装",
	"woldhud_notification_restart_override_desc" : "请重启游戏以开始下载",

	"wolfhud_int_locked" : "按 $BTN_CANCEL 中断",
	"wolfhud_int_locked_pager" : "按 $BTN_CANCEL 中断\n(触发警报)",

	"wolfhud_buy_all_assets" : "购买全部",
	"wolfhud_buy_all_assets_desc" : "购买所有可以被购买的有利条件",

	"wolfhud_preplanning_save" : "保存计划",
	"wolfhud_preplanning_load" : "载入计划",
	"wolfhud_preplanning_reset" : "重置计划",
	"wolfhud_preplanning_reset_all" : "重置所有计划",
	"wolfhud_preplanning_delete" : "删除计划",
	"wolfhud_preplanning_save_tooltip_title" : "保存当前计划: ",
	"wolfhud_preplanning_save_tooltip_desc" : "保存当前的计划，下次使用时更轻松",
	"wolfhud_preplanning_load_tooltip_title" : "载入存档计划: ",
	"wolfhud_preplanning_load_tooltip_desc" : "打开存档计划菜单",
	"wolfhud_preplanning_reset_tooltip_title" : "重置当前计划: ",
	"wolfhud_preplanning_reset_tooltip_desc" : "在当前计划中移除所有你定义的内容，包括你投票的方案",
	"wolfhud_preplanning_reset_all_tooltip_title" : "完整重置计划: ",
	"wolfhud_preplanning_reset_all_tooltip_desc" : "在当前计划中移除所有人定义的内容，包括你投票的方案",
	"wolfhud_preplanning_delete_tooltip_title" : "删除存档计划",
	"wolfhud_preplanning_delete_tooltip_desc" : "清理你存档的计划并删除当前任务的所有计划",
	"wolfhud_preplanning_manager_title" : "预计划管理器",
	"wolfhud_preplanning_error_no_saved_plans" : "没有找到存档的计划",
	"wolfhud_preplanning_error_max_plans_reached" : "存档计划达到最大数量",
	"wolfhud_preplanning_votes_title" : "投票: ",
	"wolfhud_preplanning_assets_title" : "资产: ",
	"wolfhud_preplanning_dialog_save" : "保存计划?",
	"wolfhud_preplanning_dialog_save_desc" : "$PLAN\n\n\n请输入此计划的名称\n(使用现有名称将覆盖原计划)",
	"wolfhud_preplanning_dialog_delete" : "删除计划?",
	"wolfhud_preplanning_dialog_delete_desc" : "你确定要删除计划 '$NAME'?",
	"wolfhud_preplanning_msg_saved_success" : "当前计划已成功保存",
	"wolfhud_preplanning_msg_saved_failed" : "保存计划时发生错误",
	"wolfhud_preplanning_msg_no_save_slot" : "达到存档计划的最大数量",
	"wolfhud_preplanning_msg_no_current_plan" : "你没有计划需要保存",
	"wolfhud_preplanning_msg_loaded_success" : "计划加载成功",
	"wolfhud_preplanning_msg_loaded_failed" : "加载计划时出错",
	"wolfhud_preplanning_msg_loaded_partitially" : "只能载入部分计划: $ERRORMSG",
	"wolfhud_preplanning_msg_loaded_missing_skill" : "缺少技能",
	"wolfhud_preplanning_msg_loaded_missing_favours" : "没有足够的点数",
	"wolfhud_preplanning_msg_loaded_missing_money" : "没有足够的现金",
	"wolfhud_preplanning_msg_reseted_success" : "当前计划已重置",
	"wolfhud_preplanning_msg_reseted_failed" : "重置当前计划时出错",
	"wolfhud_preplanning_msg_deleted_success" : "计划已成功删除",
	"wolfhud_preplanning_msg_deleted_failed" : "删除这套计划时出错",
	"wolfhud_preplanning_msg_folder_creation_failed" : "无法创建文件夹: $FOLDER \n请确保游戏具有所需的权限或手动创建",
	"wolfhud_preplanning_msg_file_creation_failed" : "文件创建失败: $FILE \n请确保游戏具有所需的权限或手动创建",

	"wolfhud_inv_tab_rename_hint" : "双击所选的库存选项卡以将其重命名",

	"wolfhud_loadout_hours_played" : "$HOURS 小时",

    "wolfhud_profile_switch_title" : "切换配置文件",
    "wolfhud_profile_switch_title_profiles" : "配置文件: ",

	"victory_most_damage" : "最高伤害: ",
	"victory_session_damage" : "总伤害: ",

	"wolfhud_advassault_phase_title" : "突击阶段: ",
	"wolfhud_advassault_spawns_title" : "剩余兵力: ",
	"wolfhud_advassault_time_title" : "剩余时间: ",
	"wolfhud_advassault_phase_stealth" : "潜入模式",
	"wolfhud_advassault_phase_control" : "控场",
	"wolfhud_advassault_phase_anticipation" : "侦查",
	"wolfhud_advassault_phase_build" : "构建",
	"wolfhud_advassault_phase_sustain" : "持续",
	"wolfhud_advassault_phase_fade" : "撤退",
	"wolfhud_advassault_time_overdue" : "已延迟",
	"wolfhud_locked_assault" : "无尽警方突击进行中",

	"wolfhud_customhud_interaction_done" : "完成",
	"wolfhud_customhud_interaction_aborted" : "终止",

	"wolfhud_hudlist_device_timer" : "计时器",
	"wolfhud_hudlist_device_drill" : "钻机",
	"wolfhud_hudlist_device_hack" : "骇入",
	"wolfhud_hudlist_device_saw" : "电锯",
	"wolfhud_hudlist_device_security" : "骇入",
	"wolfhud_hudlist_device_security_bar" : "骇入 $CURRENT/$TOTAL",
	"wolfhud_hudlist_loot_armor" : "护甲",
	"wolfhud_hudlist_loot_bomb" : "炸弹",
	"wolfhud_hudlist_loot_weapon" : "武器",
	"wolfhud_hudlist_loot_diamond" : "钻石",
	"wolfhud_hudlist_loot_evidence" : "证据",
	"wolfhud_hudlist_loot_toast" : "吐司",
	"wolfhud_hudlist_loot_crate" : "板条箱",
	"wolfhud_hudlist_loot_toothbrush" : "牙刷",
	"wolfhud_hudlist_loot_bag" : "包",
	"wolfhud_hudlist_loot_shoes" : "鞋",
	"wolfhud_hudlist_loot_toy" : "玩具",
	"wolfhud_hudlist_loot_vr" : "VR",
	"wolfhud_hudlist_showcase" : "展示柜",
	"wolfhud_hudlist_loot_showcase" : "展示柜",

	"wolfhud_hudlist_buff_basic" : "基础",
	"wolfhud_hudlist_buff_aced" : "精通",
	"wolfhud_hudlist_buff_boost" : "加成",
	"wolfhud_hudlist_buff_revive" : "复活",
	"wolfhud_hudlist_buff_crew_inspire_debuff" : "AI复活",
	"wolfhud_hudlist_buff_dmg_inc" : "加伤",
	"wolfhud_hudlist_buff_dmg_dec" : "减伤",
	"wolfhud_hudlist_buff_mdmg_inc" : "近战伤",
	"wolfhud_hudlist_buff_phealth_reg" : "+HP",
	"wolfhud_hudlist_buff_tot_dodge" : "%闪避",

	"wolfhud_tabstats_total_damage" : "总共伤害: ",
	"wolfhud_tabstats_tanks_killed" : "击杀重装坦克数: ",
	"wolfhud_tabstats_cloakers_killed" : "击杀幻影特警数: ",
	"wolfhud_tabstats_shields_killed" : "击杀护盾特警数: ",
	"wolfhud_tabstats_snipers_killed" : "击杀狙击手数: ",
	"wolfhud_tabstats_tasers_killed" : "击杀泰瑟特警数: ",
	"wolfhud_tabstats_gensec_killed" : "击杀Gensec敌人数: ",
	"wolfhud_tabstats_medic_killed" : "击杀医疗兵数: ",
	"wolfhud_tabstats_melee_kills" : "近战击杀数: ",
	"wolfhud_tabstats_explosion_kills" : "爆破击杀数: ",
	"wolfhud_tabstats_nonspecial_kills" : "普通击杀数: ",
	"wolfhud_tabstats_total_revives" : "总复活数 (玩家/电脑): ",
	"wolfhud_tabstats_alltime_stat" : "全部时间: ",

	"wolfhud_enemy_civilian" : "平民",
	"wolfhud_enemy_gangster" : "黑帮",
	"wolfhud_enemy_biker" : "飞车党",
	"wolfhud_enemy_bolivian_security" : "索萨保安",
	"wolfhud_enemy_bolivian_thug" : "索萨暴徒",
	"wolfhud_enemy_mobster" : "俄罗斯黑帮",
	"wolfhud_enemy_security" : "保安",
	"wolfhud_enemy_gensec" : "Gensec部队",
	"wolfhud_enemy_cop" : "警察",
	"wolfhud_enemy_fbi" : "FBI特警",
	"wolfhud_enemy_swat" : "特警",
	"wolfhud_enemy_heavy_swat" : "重型特警",
    "wolfhud_enemy_heavy_swat_sniper" : "重型特警狙击手",
	"wolfhud_enemy_city_swat" : "城市精英部队",
	"wolfhud_enemy_shield" : "护盾特警",
	"wolfhud_enemy_spook" : "幻影特警",
	"wolfhud_enemy_shadow_spook" :"暗影特警",
	"wolfhud_enemy_taser" : "泰瑟特警",
	"wolfhud_enemy_sniper" : "狙击手",
	"wolfhud_enemy_medic" : "医疗兵",
	"wolfhud_enemy_tank" : "重装坦克",
	"wolfhud_enemy_tank_hw" : "无头重装坦克",
	"wolfhud_enemy_tank_medic" : "医疗重装坦克",
	"wolfhud_enemy_tank_mini" : "机枪重装坦克",
	"wolfhud_enemy_phalanx_minion" : "冬日护盾兵",
	"wolfhud_enemy_phalanx_vip" : "冬日队长",
	"wolfhud_enemy_swat_van" : "特警枪塔",
	"wolfhud_enemy_ceiling_turret" : "枪塔",
	"wolfhud_enemy_aa_turret" : "防空枪塔",
	"wolfhud_enemy_crate_turret" : "枪塔",
	"wolfhud_enemy_sentry_gun" : "哨戒机枪",
	"wolfhud_enemy_mobster_boss" : "政委",
	"wolfhud_enemy_chavez_boss" : "查维斯",
	"wolfhud_enemy_druglord_boss" : "索萨",
	"wolfhud_enemy_druglord_boss_stealth" : "索萨",
	"wolfhud_enemy_biker_boss" : "飞车党老大",
	"wolfhud_enemy_bank_manager" : "银行经理",
	"wolfhud_enemy_dah_ralph" : "拉尔夫·加内特",
	"wolfhud_enemy_inside_man" : "内应",
	"wolfhud_enemy_escort_undercover" : "税务官",
	"wolfhud_enemy_escort_heatstreet" : "马特",
	"wolfhud_enemy_escort_chinese_prisoner" : "和夫",
	"wolfhud_enemy_escort_cfo" : "加内特CFO",
	"wolfhud_enemy_escort_reservoirdogs" : "粉先生",
	"wolfhud_enemy_escort_bain_locke" : "洛克/贝恩",
	"wolfhud_enemy_drunk_pilot" : "醉酒飞行员",
	"wolfhud_enemy_escort" : "护送",
	"wolfhud_enemy_boris" : "鲍里斯",
	"wolfhud_enemy_spa_vip" : "卡戎",
	"wolfhud_enemy_spa_vip_hurt" : "卡戎 (负伤)",
	"wolfhud_enemy_old_hoxton_mission" : "霍斯顿",
	"wolfhud_enemy_locke_mission" : "洛克",
	"wolfhud_enemy_hector_boss" : "赫克特",
	"wolfhud_enemy_hector_boss_no_armor" : "便衣赫克特",
	"wolfhud_enemy_reservoirdogs" : "金先生",
	"wolfhud_enemy_crew" : "帮派成员",
	"wolfhud_enemy_butler" : "奥斯通",
	"wolfhud_enemy_vlad" : "弗拉德",
	"wolfhud_enemy_kento" : "坚斗",

	"wolfhud_enemy_boom" : "投弹兵",
	"wolfhud_enemy_omnia_lpf" : "OMNIA L.P.F.",
	"wolfhud_enemy_summers" : "夏日队长",
	"wolfhud_enemy_boom_summers" : "莫莉大人",
	"wolfhud_enemy_taser_summers" : "工程师泰瑟",
	"wolfhud_enemy_medic_summers" : "中士医疗兵",
	"wolfhud_enemy_spring" : "春日队长",
	"wolfhud_enemy_fbi_vet" : "老兵警察",

	"wolfhud_multiselect_all" : "全部",
	"wolfhud_multiselect_none" : "无",
	"wolfhud_multiselect_disabled" : "禁用",
	"wolfhud_multiselect_random" : "随机",
	"wolfhud_multiselect_left" : "左",
	"wolfhud_multiselect_center" : "中",
	"wolfhud_multiselect_right" : "右",

	"wolfhud_colors_white"  : "白色",
	"wolfhud_colors_light_yellow"  : "浅黄色",
	"wolfhud_colors_light_orange"  : "浅橙色",
	"wolfhud_colors_light_red"  : "浅红色",
	"wolfhud_colors_light_purple"  : "浅紫色",
	"wolfhud_colors_light_green"  : "浅绿色",
	"wolfhud_colors_light_blue"  : "浅蓝色",
	"wolfhud_colors_light_gray" : "浅灰色",
	"wolfhud_colors_yellow"  : "黄色",
	"wolfhud_colors_orange"  : "橙色",
	"wolfhud_colors_red" : "红色",
	"wolfhud_colors_purple" : "紫色",
	"wolfhud_colors_green" : "绿色",
	"wolfhud_colors_blue" : "蓝色",
	"wolfhud_colors_gray" : "灰色",
	"wolfhud_colors_black" : "黑色",
	"wolfhud_colors_rainbow" : "彩色",

	"wolfhud_options_name" : "VanillaHUD设置",
	"wolfhud_options_help" : "按照个人喜好定制你的HUD",

	"wolfhud_language_title" : "语言",
	"wolfhud_language_desc" : "选择本地化语言\n(需要重新载入地图以生效)",

	"wolfhud_languages_english" : "英文",
	"wolfhud_languages_german" : "德文",
	"wolfhud_languages_dutch" : "荷兰文",
	"wolfhud_languages_french" : "法文",
	"wolfhud_languages_italian" : "意大利文",
	"wolfhud_languages_spanish" : "西班牙文",
	"wolfhud_languages_portuguese" : "葡萄牙文",
	"wolfhud_languages_russian" : "俄文",
	"wolfhud_languages_chinese" : "简体中文",
	"wolfhud_languages_trchinese" : "繁体中文",
	"wolfhud_languages_korean" : "韩文",

	"wolfhud_skip_blackscreen_title" : "跳过开场黑屏",
	"wolfhud_skip_blackscreen_desc" : "任务开始时自动跳过开场黑屏\n(仅主机)",
	"wolfhud_instant_restart_title" : "立即重启",
	"wolfhud_instant_restart_desc" : "在线大厅重启时自动跳过5秒倒计时\n(仅主机)",
	"wolfhud_stat_screen_speedup_title" : "结算页面加速",
	"wolfhud_stat_screen_speedup_desc" : "自动加快经验结算速度，无需按住空格",
	"wolfhud_stat_screen_delay_title" : "结算界面延迟",
	"wolfhud_stat_screen_delay_desc" : "在任务奖励结算后，推迟X秒继续\n(仅主机，0 = 禁用)",
	"wolfhud_loot_screen_pick_card_title" : "自动抽取卡牌",
	"wolfhud_loot_screen_pick_card_desc" : "在选择卡牌界面，自动抽取一张卡牌",
	"wolfhud_loot_screen_pick_specific_card_title" : "自动抽取特定的卡牌",
	"wolfhud_loot_screen_pick_specific_card_desc" : "指定要自动抽取的卡牌",
	"wolfhud_loot_screen_delay_title" : "抽卡界面延迟",
	"wolfhud_loot_screen_delay_desc" : "完成抽卡后，推迟X秒继续\n(仅主机，0 = 禁用)",
	"wolfhud_replace_weapon_names_title" : "真实武器名称",
	"wolfhud_replace_weapon_names_desc" : "更换武器名称，与真实武器的名称相同\n(需要重新载入地图以生效)",
	"wolfhud_inventory_tab_names_title" : "使用库存标签名称",
	"wolfhud_inventory_tab_names_desc" : "自定义你的库存标签名称",
	"wolfhud_inventory_names_title" : "显示库存框名称",
	"wolfhud_inventory_names_desc" : "在装备库的各个框内显示你的武器、护甲、随身装备等的名称",
	"wolfhud_skill_names_title" : "显示技能名称",
	"wolfhud_skill_names_desc" : "总是在技能树视图中显示所有技能名称",
	"wolfhud_show_mini_icons_title" : "始终显示配件图标",
	"wolfhud_show_mini_icons_desc" : "总是显示所有武器的配件图标，而不是需要选定武器",
	"wolfhud_no_slowmotion_title" : "关闭慢动作",
	"wolfhud_no_slowmotion_desc" : "当你戴上面具或是倒地的时候，不会出现慢动作",
	"wolfhud_reset_options_title" : "重置设置",
	"wolfhud_reset_options_desc" : "将所有设置重置为默认值",
	"wolfhud_reset_options_confirm" : "你确定要将所有设置重置为默认值吗?",

	"wolfhud_panels_options_name" : "常规HUD面板选项",
	"wolfhud_panels_options_help" : "所有常规HUD面板的选项，如CustomHUD、警戒度、受击指示器、驾驶HUD以及更多",

	"wolfhud_use_vanillahud_extras_title" : "VanillaHUD额外",
	"wolfhud_use_vanillahud_extra_desc" : "为默认HUD添加增强功能\n(需要重新载入地图以生效)",
	"wolfhud_adv_assault_title" : "高级突击横幅",
	"wolfhud_adv_assault_desc" : "显示突击阶段、剩余时间以及突击剩余兵力\n(仅限主机)",

	"wolfhud_assault_position_title": "突击横幅居中",
	"wolfhud_assault_position_desc" : "这个选项用于调整突击横幅",
	"wolfhud_mui_assault_fix_title": "禁用游戏内时钟",
	"wolfhud_mui_assault_fix_desc": "在与MUI、BL2HUD、WarFrame之类的HUD一起使用时启用可以提升兼容性",

	"wolfhud_pacified_civs_title" : "显示已震慑的平民",
	"wolfhud_pacified_civs_desc" : "将已被震慑的平民用蓝色对勾符号表示",
	"wolfhud_use_realammo_title" : "使用真实弹药",
	"wolfhud_use_realammo_desc" : "显示剩余的备弹量，不包括当前武器已上膛的弹量",
	"wolfhud_enable_burstmode_title" : "启用连发模式",
	"wolfhud_enable_burstmode_desc" : "启用武器连发射击模式",

	"wolfhud_playerpanel_options_name" : "玩家面板",
	"wolfhud_playerpanel_options_help" : "设置你自己的HUD面板",

	"wolfhud_teampanels_options_name" : "队友面板",
	"wolfhud_teampanels_options_help" : "设置你队友的HUD面板",

	"wolfhud_panels_show_armor_title": "显示护甲计时器",
	"wolfhud_panels_show_armor_desc": "显示护甲回复的时间",
	"wolfhud_panels_show_inspire_title": "显示激励战吼计时器",
	"wolfhud_panels_show_inspire_desc": "显示激励战吼的持续时间",
	"wolfhud_panels_show_underdog_title": "显示困兽之斗精通技能指示器",
	"wolfhud_panels_show_underdog_desc": "当困兽之斗的精通技能激活时显示黄色的状态呼吸光",
	"wolfhud_panels_show_hps_meter_title" : "启用HPS面板",
	"wolfhud_panels_show_hps_meter_desc" : "启用每秒回复血量的计量面板",
	"wolfhud_panels_hps_refresh_rate_title" : "HPS刷新频率",
	"wolfhud_panels_hps_refresh_rate_desc" : "其刷新的频率 (以秒为单位)",
	"wolfhud_panels_show_hps_current_title" : "显示当前HPS",
	"wolfhud_panels_show_hps_current_desc" : "显示你当前的每秒治疗量",
	"wolfhud_panels_current_hps_timeout_title" : "HPS计算间隔",
	"wolfhud_panels_current_hps_timeout_desc" : "显示当前HPS会计算多少时间范围内的治疗量 (秒钟)",
	"wolfhud_panels_show_hps_total_title" : "显示总HPS",
	"wolfhud_panels_show_hps_total_desc" : "显示你在整个劫案中，平均每秒获得的治疗量",

	"wolfhud_panels_position_title" : "位置",
	"wolfhud_panels_position_desc" : "HUD面板的水平位置",
	"wolfhud_panels_scale_title" : "规模",
	"wolfhud_panels_scale_desc" : "HUD面板的规模比例",
	"wolfhud_panels_oppacity_title" : "不透明度",
	"wolfhud_panels_oppacity_desc" : "设置HUD面板的不透明度",
	"wolfhud_panels_show_name_title" : "显示名称",
	"wolfhud_panels_show_name_desc" : "显示玩家名称",
	"wolfhud_panels_show_rank_title" : "显示等级",
	"wolfhud_panels_rank_name_desc" : "显示玩家等级",
	"wolfhud_panels_truncate_tags_title" : "截短标签",
	"wolfhud_panels_truncate_tags_desc" : "尝试截短玩家名称中的标签",
	"wolfhud_panels_show_char_title" : "显示角色",
	"wolfhud_panels_show_char_desc" : "显示玩家所选的角色",
	"wolfhud_panels_show_ping_title" : "显示延迟",
	"wolfhud_panels_show_ping_desc" : "为你显示玩家延迟",
	"wolfhud_panels_show_status_title" : "显示状态",
	"wolfhud_panels_show_status_desc" : "显示玩家状态 (生命、护甲等)",
	"wolfhud_panels_condition_icon_color_title" : "状态图标颜色",
	"wolfhud_panels_condition_icon_color_desc" : "设置状态图标的颜色 (倒地，被拘留，天鹅绝唱等)",
	"wolfhud_panels_show_equip_title" : "显示随身装备",
	"wolfhud_panels_show_equip_desc" : "显示玩家的随身装备",
	"wolfhud_panels_show_special_equip_title" : "显示特殊装备",
	"wolfhud_panels_show_special_equip_desc" : "显示玩家捡起的特殊装备 (例如钥匙卡、催眠瓦斯等)",
	"wolfhud_panels_special_equip_rows_title" : "特殊装备行",
	"wolfhud_panels_special_equip_rows_desc" : "决定每一行有多少特殊装备",
	"wolfhud_panels_show_callsign_title" : "显示代号",
	"wolfhud_panels_show_callsign_desc" : "为一名玩家显示呼叫代号",
	"wolfhud_panels_show_stamina_title" : "显示耐力",
	"wolfhud_panels_show_stamina_desc" : "在你的生命指示圈内侧显示一个耐力指示圈",
	"wolfhud_panels_show_downcounter_title" : "显示倒地计数器",
	"wolfhud_panels_show_downcounter_desc" : "为每一个非AI的玩家显示倒地计数器，计数器显示你与队友的剩余倒地次数",
	"wolfhud_panels_show_carry_title" : "显示携带物品",
	"wolfhud_panels_show_carry_desc" : "显示携带物品信息",
	"wolfhud_panels_build_show_title" : "显示配装",
	"wolfhud_panels_build_show_desc" : "当玩家加入游戏时，显示其配装",
	"wolfhud_panels_build_time_title" : "配装显示时间",
	"wolfhud_panels_build_time_desc" : "决定显示一名加入玩家的配装X秒\n(0 = 总是)",
	"wolfhud_panels_weapon_icon_title" : "武器图标",
	"wolfhud_panels_weapon_icon_desc" : "你想看到哪些武器图标?\n仅选中表示仅限目前使用的武器，仅未选中表示仅限目前收起的武器",
	"wolfhud_panels_weapon_name_title" : "武器名称",
	"wolfhud_panels_weapon_name_desc" : "你想看到哪些武器名称?\n仅选中表示仅限目前使用的武器，仅未选中表示仅限目前收起的武器",
	"wolfhud_panels_weapon_ammo_title" : "武器弹药量",
	"wolfhud_panels_weapon_ammo_desc" : "武器弹药量的显示模式\n仅选中表示仅限目前使用的武器，仅未选中表示仅限目前收起的武器",
	"wolfhud_panels_weapon_firemode_title" : "武器射击模式",
	"wolfhud_panels_weapon_firemode_desc" : "显示或隐藏武器射击模式\n仅选中表示仅限目前使用的武器，仅未选中表示仅限目前收起的武器",
	"wolfhud_panels_hide" : "隐藏",
	"wolfhud_panels_selected" : "仅选中",
	"wolfhud_panels_unselected" : "仅未选中",
	"wolfhud_panels_both" : "两者",
	"wolfhud_panels_ammo_total" : "仅总弹量",
	"wolfhud_panels_show_interaction_title" : "显示互动",
	"wolfhud_panels_show_interaction_desc" : "显示你队友的互动",
	"wolfhud_panels_show_interaction_number_title" : "互动计时",
	"wolfhud_panels_show_interaction_number_desc" : "显示数字计时器",
	"wolfhud_panels_show_interaction_text_title" : "互动文本",
	"wolfhud_panels_show_interaction_text_desc" : "显示互动文本",
	"wolfhud_panels_interaction_time_title" : "互动至少持续时间",
	"wolfhud_panels_interaction_time_desc" : "如果超过X秒，那么只显示队友的互动圈而不显示互动文本",
	"wolfhud_panels_use_ai_color_title" : "使用自定义AI颜色",
	"wolfhud_panels_use_ai_color_desc" : "AI名称将使用自定义颜色 (这也影响伤害浮标)",
	"wolfhud_panels_ai_color_title" : "自定义AI颜色",
	"wolfhud_panels_ai_color_desc" : "设置用于AI名称的自定义颜色 (这也影响伤害浮标)",

	"wolfhud_chat_options_name" : "聊天选项",
	"wolfhud_chat_options_help" : "自定义聊天对话框",

	"wolfhud_chat_enabled_title" : "启用自定义聊天",
	"wolfhud_chat_enabled_desc" : "将默认的聊天对话框替换为增强的自定义版本",

	"wolfhud_chat_waittime_title" : "聊天文字淡化时间",
	"wolfhud_chat_waittime_desc" : "聊天文字淡化的时间\n(0 = 从不淡化)",
	"wolfhud_chat_fontsize_title" : "聊天字体大小",
	"wolfhud_chat_fontsize_desc" : "聊天框中的字体大小",
	"wolfhud_chat_outputlines_title" : "最大文字行数",
	"wolfhud_chat_outputlines_desc" : "开始上下滚动之前可显示的最大行数",
	"wolfhud_spam_filter_title" : "聊天过滤器",
	"wolfhud_spam_filter_desc" : "从你的聊天框中移除PocoHUD和[NGBTO]等多余的MOD前缀信息 (如果你真的了解这些信息来自MOD)",
	"wolfhud_chat_width_title" : "聊天框宽度",
	"wolfhud_chat_width_desc" : "聊天框的宽度",
	"wolfhud_chat_inputlines_title" : "最大输入行数",
	"wolfhud_chat_inputlines_desc" : "可以输入的文本行数",
	"wolfhud_chat_colored_bg_title" : "彩色背景",
	"wolfhud_chat_colored_bg_desc" : "根据消息源对信息进行着色",
	"wolfhud_chat_scrollbar_align_title" : "滚动条对齐",
	"wolfhud_chat_scrollbar_align_desc" : "滚动条对齐的位置",

	"wolfhud_suspicion_options_name" : "警戒度设置",
	"wolfhud_suspicion_options_help" : "设置警戒面板显示的大小，以及其他可选组件",

	"wolfhud_susp_enabled_title" : "启用警戒度选项",
	"wolfhud_susp_enabled_desc" : "启用额外的警戒度选项",

	"wolfhud_suspicion_scale_title" : "警戒度量表",
	"wolfhud_suspicion_scale_desc" : "警戒度显示的规模比例",
	"wolfhud_susp_eye_title" : "显示警戒弧线",
	"wolfhud_susp_eye_desc" : "显示默认的警戒元素",
	"wolfhud_susp_numberic_title" : "显示警戒数值",
	"wolfhud_susp_numberic_desc" : "用数值显示警戒度",
	"wolfhud_susp_numberic_outline_title" : "黑色轮廓",
	"wolfhud_susp_numberic_outline_desc" : "为警戒数值文本添加黑色轮廓",

	"wolfhud_killcounter_options_name" : "击杀计数器选项",
	"wolfhud_killcounter_options_help" : "击杀计数器的外观选项",

	"wolfhud_killcounter_player_show_killcount_title" : "显示玩家击杀计数器",
	"wolfhud_killcounter_player_show_killcount_desc" : "在你的HUD中显示你的击杀计数器",
	"wolfhud_killcounter_player_color_title" : "玩家击杀计数器颜色",
	"wolfhud_killcounter_player_color_desc" : "为你的击杀计数器设置颜色",
	"wolfhud_killcounter_player_show_special_title" : "玩家击杀特殊敌人计数",
	"wolfhud_killcounter_player_show_special_desc" : "单独计数玩家击杀的特殊敌人",
	"wolfhud_killcounter_player_show_head_title" : "玩家爆头计数",
	"wolfhud_killcounter_player_show_head_desc" : "单独计数玩家的爆头击杀",
	"wolfhud_killcounter_player_show_accuracy_title" : "显示精准度",
	"wolfhud_killcounter_player_show_accuracy_desc" : "在你的HUD中显示你当前的精准度",
	"wolfhud_killcounter_team_show_killcount_title" : "显示队友击杀计数器",
	"wolfhud_killcounter_team_show_killcount_desc" : "在你的HUD中显示队友的击杀计数器",
	"wolfhud_killcounter_team_color_title" : "队友击杀计数器颜色",
	"wolfhud_killcounter_team_color_desc" : "为队友的击杀计数器设置颜色",
	"wolfhud_killcounter_team_show_special_title" : "队友击杀特殊敌人计数",
	"wolfhud_killcounter_team_show_special_desc" : "单独计数队友击杀的特殊敌人",
	"wolfhud_killcounter_team_show_head_title" : "队友爆头计数",
	"wolfhud_killcounter_team_show_head_desc" : "单独计数队友的爆头击杀",
	"wolfhud_killcounter_team_show_ai_title" : "AI计数",
	"wolfhud_killcounter_team_show_ai_desc" : "AI击杀也要进行计数吗?\n取决于你",
	"wolfhud_corpse_limit_title" : "尸体数量限制",
	"wolfhud_corpse_limit_desc" : "在同一时间内，允许显示多少尸体数量?\n(需要重新载入地图以生效)",

	"wolfhud_drivinghud_options_name" : "驾驶 HUD 选项",
	"wolfhud_drivinghud_options_help" : "与驾驶 HUD 有关的选项",

	"wolfhud_show_drivinghud_title" : "显示驾驶HUD",
	"wolfhud_show_drivinghud_desc" : "在驾驶时，在右下角显示一个HUD\n(需要重新载入地图以生效)",
	"wolfhud_drivinghud_scale_title" : "规模",
	"wolfhud_drivinghud_scale_desc" : "驾驶HUD的规模比例",
	"wolfhud_drivinghud_show_vehicle_title" : "显示载具图标",
	"wolfhud_drivinghud_show_vehicle_desc" : "显示一个有关载具和乘客面具的图标",
	"wolfhud_drivinghud_show_health_title" : "显示载具血量",
	"wolfhud_drivinghud_show_health_desc" : "显示载具的血量",
	"wolfhud_drivinghud_show_loot_title" : "显示战利品",
	"wolfhud_drivinghud_show_loot_desc" : "显示载具当前装载的战利品数量以及可装载的最大值",
	"wolfhud_drivinghud_show_passengers_title" : "显示乘客",
	"wolfhud_drivinghud_show_passengers_desc" : "显示载具的乘客数量和座位总数",
	"wolfhud_drivinghud_show_gear_title" : "显示档位",
	"wolfhud_drivinghud_show_gear_desc" : "显示你正使用的档位",
	"wolfhud_drivinghud_show_speed_title" : "显示车速",
	"wolfhud_drivinghud_show_speed_desc" : "显示载具当前的行驶速度",
	"wolfhud_drivinghud_speed_in_mph_title" : "以英里为单位",
	"wolfhud_drivinghud_speed_in_mph_desc" : "以英里为单位显示车速\n(否则以公里为单位表示)",
	"wolfhud_drivinghud_show_rpm_title" : "显示转速",
	"wolfhud_drivinghud_show_rpm_desc" : "显示载具的每分钟转数",

	"wolfhud_infopanels_options_name" : "HUD信息选项",
	"wolfhud_infopanels_options_help" : "HUD列表信息框的选项",

	"wolfhud_hudlist_right_list_height_offset_title" : "右侧列表偏移",
	"wolfhud_hudlist_right_list_height_offset_desc" : "右侧列表的向上偏移量",
	"wolfhud_hudlist_left_list_height_offset_title" : "左侧列表偏移",
	"wolfhud_hudlist_left_list_height_offset_desc" : "右侧列表的向上偏移量",
	"wolfhud_hudlist_buff_list_height_offset_title" : "BUFF列表偏移",
	"wolfhud_hudlist_buff_list_height_offset_desc" : "BUFF列表的向上偏移量",
	"wolfhud_mui_buff_fix_title" : "MUI BUFF列表修复",
	"wolfhud_mui_buff_fix_desc" : "阻止BUFF列表与字幕重叠",

	"wolfhud_use_hudlist_title" : "使用HUD列表",
	"wolfhud_use_hudlist_desc" : "HUD列表可以显示很多有用的东西，包括钻机计时器，敌人或战利品计数，地图上的资产等\n(需要重新载入地图以生效)",
	"wolfhud_hudlist_scale_right_title" : "右侧列表规模",
	"wolfhud_hudlist_scale_right_desc" : "右侧列表的规模比例",
	"wolfhud_hudlist_scale_left_title" : "左侧列表规模",
	"wolfhud_hudlist_scale_left_desc" : "左侧列表的规模比例",
	"wolfhud_hudlist_scale_buff_title" : "BUFF列表规模",
	"wolfhud_hudlist_scale_buff_desc" : "BUFF列表的规模比例",
	"wolfhud_hudlist_box_color_title" : "列表字体颜色",
	"wolfhud_hudlist_box_color_desc" : "修改左/右列表内的字体颜色\n(需要重新载入地图以生效)",
	"wolfhud_hudlist_box_bg_color_title" : "列表背景颜色",
	"wolfhud_hudlist_box_bg_color_desc" : "修改左/右列表内的背景颜色\n(需要重新载入地图以生效)",
	"wolfhud_hudlist_civcolor_title" : "平民颜色",
	"wolfhud_hudlist_civcolor_desc" : "修改平民和人质计数器的颜色",
	"wolfhud_hudlist_thugcolor_title" : "黑帮颜色",
	"wolfhud_hudlist_thugcolor_desc" : "修改黑帮计数器的颜色",
	"wolfhud_hudlist_copcolor_title" : "敌人颜色",
	"wolfhud_hudlist_copcolor_desc" : "修改警察、特警、重装特警、敌人计数器的颜色",
	"wolfhud_hudlist_specialcolor_title" : "特殊敌人颜色",
	"wolfhud_hudlist_specialcolor_desc" : "修改特殊敌人和枪塔计数器的颜色",
	"wolfhud_hudlist_progress_alpha_left_title" : "左侧列表提示框不透明度",
	"wolfhud_hudlist_progress_alpha_left_desc" : "左侧列表提示框不透明度",
	"wolfhud_hudlist_progress_alpha_right_title" : "右侧列表提示框不透明度",
	"wolfhud_hudlist_progress_alpha_right_desc" : "右侧列表提示框不透明度",
	"wolfhud_hudlist_progress_alpha_buff_title" : "BUFF列表提示框不透明度",
	"wolfhud_hudlist_progress_alpha_buff_desc" : "BUFF列表提示框不透明度",

	"wolfhud_infopanels_left_options_name" : "左侧列表选项",
	"wolfhud_infopanels_left_options_help" : "设置左侧列表内容显示的信息",

	"wolfhud_hudlist_show_timers_title" : "显示计时器",
	"wolfhud_hudlist_show_timers_desc" : "显示钻机、电脑入侵等的时间",
	"wolfhud_hudlist_show_equipment_desc" : "是否在你的屏幕左边显示随身装备",
	"wolfhud_hudlist_show_ammo_bags_title" : "显示弹药包",
	"wolfhud_hudlist_show_doc_bags_title" : "显示医疗箱",
	"wolfhud_hudlist_show_first_aid_kits_title" : "显示急救包",
	"wolfhud_hudlist_show_body_bags_title" : "显示尸体袋",
	"wolfhud_hudlist_show_grenade_crates_title" : "显示手雷箱",
	"wolfhud_hudlist_sentries_title" : "显示哨戒机枪",
	"wolfhud_hudlist_sentries_desc" : "显示哨戒机枪的耐久值和剩余弹药",
	"wolfhud_hudlist_hide_empty_sentries_title" : "隐藏空弹量哨戒机枪",
	"wolfhud_hudlist_hide_empty_sentries_desc" : "隐藏空弹量的哨戒机枪",
	"wolfhud_hudlist_show_ecms_title" : "显示ECM",
	"wolfhud_hudlist_show_ecms_desc" : "显示ECM的激活时间",
	"wolfhud_hudlist_show_ecm_retrigger_title" : "显示可再次触发的ECM",
	"wolfhud_hudlist_show_ecm_retrigger_desc" : "当ECM可以再次触发时重新显示",
	"wolfhud_hudlist_show_minions_title" : "显示变节敌人",
	"wolfhud_hudlist_show_minions_desc" : "显示所有变节敌人的血量",
	"wolfhud_hudlist_show_own_minions_only_title" : "自己的变节敌人",
	"wolfhud_hudlist_show_own_minions_only_desc" : "只显示自己的变节敌人",
	"wolfhud_hudlist_show_pagers_title" : "显示对讲机",
	"wolfhud_hudlist_show_pagers_desc" : "在触发警报前，显示对讲机的剩余时间",
	"wolfhud_hudlist_show_tape_loop_title" : "显示摄像头回路",
	"wolfhud_hudlist_show_tape_loop_desc" : "显示摄像头回路的剩余时间",
	"wolfhud_hudlist_remove_answered_pagers_title" : "移除对讲机轮廓",
	"wolfhud_hudlist_remove_answered_pagers_desc" : "如果对讲机已得到回答，则移除对讲机轮廓",

	"wolfhud_infopanels_right_options_name" : "右侧列表选项",
	"wolfhud_infopanels_right_options_help" : "设置右侧列表内容显示的信息\n你可能需要花费一些时间了解图标代表的信息",

	"wolfhud_hudlist_show_enemies_title" : "显示敌人",
	"wolfhud_hudlist_show_enemies_desc" : "显示地图上所有敌人的数量",
	"wolfhud_hudlist_aggregate_enemies_title" : "敌人总数",
	"wolfhud_hudlist_aggregate_enemies_desc" : "在一个HUD框中显示全部敌人",
	"wolfhud_hudlist_show_turrets_title" : "显示枪塔",
	"wolfhud_hudlist_show_turrets_desc" : "显示地图上枪塔载具的数量",
	"wolfhud_hudlist_show_civilians_title" : "显示平民",
	"wolfhud_hudlist_show_civilians_desc" : "显示地图上未捆绑平民的数量",
	"wolfhud_hudlist_show_hostages_title" : "显示人质",
	"wolfhud_hudlist_show_hostages_desc" : "显示平民人质的数量",
	"wolfhud_hudlist_aggregate_hostages_title" : "人质统计",
	"wolfhud_hudlist_aggregate_hostages_desc" : "在单个信息框中显示所有类型的人质",
	"wolfhud_hudlist_show_minion_count_title" : "显示警察人质",
	"wolfhud_hudlist_show_minion_count_desc" : "显示警察人质的数量",
	"wolfhud_hudlist_show_pager_count_title" : "显示对讲机数量",
	"wolfhud_hudlist_show_pager_count_desc" : "在潜入时显示已触发的对讲机数量",
	"wolfhud_hudlist_show_cam_count_title" : "显示摄像头数量",
	"wolfhud_hudlist_show_cam_count_desc" : "在潜入时显示正在工作的摄像头数量",
	"wolfhud_hudlist_show_bodybags_count_title" : "显示尸体袋数量",
	"wolfhud_hudlist_show_bodybags_count_desc" : "在潜入时直接在你的屏幕上显示在你扩展库存中尸体袋的数量",
	"wolfhud_hudlist_show_corpse_count_title" : "显示尸体数量",
	"wolfhud_hudlist_show_corpse_count_desc" : "在潜入时显示地图上打包尸体与未打包尸体的数量",
	"wolfhud_hudlist_show_loot_title" : "显示战利品",
	"wolfhud_hudlist_show_loot_desc" : "显示地图上可打包的战利品数量",
	"wolfhud_hudlist_aggregate_loot_title" : "战利品统计",
	"wolfhud_hudlist_aggregate_loot_desc" : "在单个信息框中显示所有战利品类型",
	"wolfhud_hudlist_separate_bagged_loot_title" : "区分打包战利品",
	"wolfhud_hudlist_separate_bagged_loot_desc" : "未打包和打包的战利品将分开计数",
	"wolfhud_hudlist_show_potential_loot_title" : "显示潜在战利品",
	"wolfhud_hudlist_show_potential_loot_desc" : "在战利品计数器中显示地图上板条箱的数量\n(记住，板条箱内可能是空的...)",
	"wolfhud_hudlist_show_special_pickups_title" : "显示可捡起的特殊物品",
	"wolfhud_hudlist_show_special_pickups_desc" : "显示地图上化学品、钥匙卡和其他东西的数量",
	"wolfhud_hudlist_show_mission_pickups_title" : "显示任务的特殊物品",
	"wolfhud_hudlist_show_mission_pickups_desc" : "显示地图上化学品、钥匙卡、木板和其他任务物品的数量",
	"wolfhud_hudlist_show_collectables_pickups_title" : "显示收藏品",
	"wolfhud_hudlist_show_collectables_pickups_desc" : "显示地图上盖奇包、特别行动的武器箱/钥匙之类物品的数量",
	"wolfhud_hudlist_show_valuables_pickups_title" : "显示可拾取战利品",
	"wolfhud_hudlist_show_valuables_pickups_desc" : "显示地图上可拾取战利品的数量，如钱束或项链",

	"wolfhud_infopanels_buff_options_name" : "BUFF列表选项",
	"wolfhud_infopanels_buff_options_help" : "关于BUFF信息列表的选项",

	"wolfhud_infopanels_buff_mastermind_options_name" : "黑手技能",
	"wolfhud_infopanels_buff_mastermind_options_help" : "启用或禁用显示黑手技能的可视指示器",
	"wolfhud_infopanels_buff_enforcer_options_name" : "暴徒技能",
	"wolfhud_infopanels_buff_enforcer_options_help" : "启用或禁用显示暴徒技能的可视指示器",
	"wolfhud_infopanels_buff_technician_options_name" : "技师技能",
	"wolfhud_infopanels_buff_technician_options_help" : "启用或禁用显示技师技能的可视指示器",
	"wolfhud_infopanels_buff_ghost_options_name" : "幽灵技能",
	"wolfhud_infopanels_buff_ghost_options_help" : "启用或禁用显示幽灵技能的可视指示器",
	"wolfhud_infopanels_buff_fugitive_options_name" : "逃犯技能",
	"wolfhud_infopanels_buff_fugitive_options_help" : "启用或禁用显示逃犯技能的可视指示器",
	"wolfhud_infopanels_buff_perkdecks_options_name" : "天赋牌组",
	"wolfhud_infopanels_buff_perkdecks_options_help" : "启用或禁用显示天赋牌组效果的可视指示器",
	"wolfhud_infopanels_buff_gageboosts_options_name" : "盖奇加成",
	"wolfhud_infopanels_buff_gageboosts_options_help" : "启用或禁用显示盖奇加成的可视指示器",
	"wolfhud_infopanels_buff_henchmen_options_name" : "AI能力/AI加成",
	"wolfhud_infopanels_buff_henchmen_options_help" : "启用或禁用显示AI能力/AI加成的可视指示器",

	"wolfhud_hudlist_show_buffs_title" : "显示BUFF",
	"wolfhud_hudlist_show_buffs_desc" : "在屏幕的底部中间显示激活的BUFF",
	"wolfhud_hudlist_damage_increase_compbuff_title" : "伤害提升BUFF",
	"wolfhud_hudlist_damage_increase_compbuff_desc" : "根据可组合BUFF项目，显示所有伤害提升技能的叠加值",
	"wolfhud_hudlist_damage_reduction_compbuff_title" : "伤害减免BUFF",
	"wolfhud_hudlist_damage_reduction_compbuff_desc" : "根据可组合BUFF项目，显示所有伤害减免技能的叠加值",
	"wolfhud_hudlist_melee_damage_increase_compbuff_title" : "近战伤害提升BUFF",
	"wolfhud_hudlist_melee_damage_increase_compbuff_desc" : "根据可组合BUFF项目，显示所有增强近战伤害技能的叠加值",
	"wolfhud_hudlist_passive_health_regen_compbuff_title" : "被动生命回复",
	"wolfhud_hudlist_passive_health_regen_compbuff_desc" : "根据可组合BUFF项目，显示所有被动生命再生效果的叠加值",
	"wolfhud_hudlist_total_dodge_chance_compbuff_title" : "总闪避概率",
	"wolfhud_hudlist_total_dodge_chance_compbuff_desc" : "根据可组合BUFF项目，显示所有增强闪避概率技能的叠加值",
	"wolfhud_hudlist_aggressive_reload_aced_buff_title" : "迅猛装填",
	"wolfhud_hudlist_aggressive_reload_aced_buff_desc" : "",
	"wolfhud_hudlist_ammo_efficiency_buff_title" : "节能弹药",
	"wolfhud_hudlist_ammo_efficiency_buff_desc" : "",
	"wolfhud_hudlist_armor_break_invulnerable_buff_title" : "破甲无敌冷却时间",
	"wolfhud_hudlist_armor_break_invulnerable_buff_desc" : "属于军械士和无政府主义者的共用BUFF",
	"wolfhud_hudlist_berserker_buff_title" : "狂战士",
	"wolfhud_hudlist_berserker_buff_desc" : "可组合BUFF的一部分",
	"wolfhud_hudlist_biker_buff_title" : "回复冷却 (飞车党)",
	"wolfhud_hudlist_biker_buff_desc" : "",
	"wolfhud_hudlist_bloodthirst_basic_buff_title" : "嗜血渴望 (基础)",
	"wolfhud_hudlist_bloodthirst_basic_buff_desc" : "可组合BUFF的一部分",
	"wolfhud_hudlist_bloodthirst_aced_buff_title" : "嗜血渴望 (精通)",
	"wolfhud_hudlist_bloodthirst_aced_buff_desc" : "",
	"wolfhud_hudlist_bullet_storm_buff_title" : "子弹风暴",
	"wolfhud_hudlist_bullet_storm_buff_desc" : "",
	"wolfhud_hudlist_close_contact_buff_title" : "近身格斗术 (渗透者)",
	"wolfhud_hudlist_close_contact_buff_desc" : "可组合BUFF的一部分",
	"wolfhud_hudlist_combat_medic_buff_title" : "战地急救 (主动)",
	"wolfhud_hudlist_combat_medic_buff_desc" : "可组合BUFF的一部分",
	"wolfhud_hudlist_combat_medic_passive_buff_title" : "战地急救 (被动)",
	"wolfhud_hudlist_combat_medic_passive_buff_desc" : "可组合BUFF的一部分",
	"wolfhud_hudlist_desperado_buff_title" : "亡命之徒",
	"wolfhud_hudlist_desperado_buff_desc" : "",
	"wolfhud_hudlist_die_hard_buff_title" : "威武不屈",
	"wolfhud_hudlist_die_hard_buff_desc" : "可组合BUFF的一部分",
	"wolfhud_hudlist_dire_need_buff_title" : "燃眉之急",
	"wolfhud_hudlist_dire_need_buff_desc" : "",
	"wolfhud_hudlist_frenzy_buff_title" : "狂乱",
	"wolfhud_hudlist_frenzy_buff_desc" : "可组合BUFF的一部分",
	"wolfhud_hudlist_grinder_buff_title" : "生命回复 (冰球手)",
	"wolfhud_hudlist_grinder_buff_desc" : "",
	"wolfhud_hudlist_chico_injector_buff_title" : "注射器持续时间 (首脑)",
	"wolfhud_hudlist_chico_injector_buff_desc" : "",
	"wolfhud_hudlist_damage_control_debuff_title" : "酒壶持续时间 (修士)",
	"wolfhud_hudlist_damage_control_debuff_desc" : "",
	"wolfhud_hudlist_delayed_damage_buff_title" : "延迟伤害 (修士)",
	"wolfhud_hudlist_delayed_damage_buff_desc" : "",
	"wolfhud_hudlist_hostage_situation_buff_title" : "劫持事件 (领队)",
	"wolfhud_hudlist_hostage_situation_buff_desc" : "可组合BUFF的一部分",
	"wolfhud_hudlist_hostage_taker_buff_title" : "绑架大师",
	"wolfhud_hudlist_hostage_taker_buff_desc" : "",
	"wolfhud_hudlist_inspire_buff_title" : "激励战吼 (移速加成)",
	"wolfhud_hudlist_inspire_buff_desc" : "",
	"wolfhud_hudlist_lock_n_load_buff_title" : "子弹上膛",
	"wolfhud_hudlist_lock_n_load_buff_desc" : "",
	"wolfhud_hudlist_melee_stack_damage_buff_title" : "近战叠伤 (渗透者)",
	"wolfhud_hudlist_melee_stack_damage_buff_desc" : "可组合BUFF的一部分",
	"wolfhud_hudlist_maniac_buff_title" : "伤害减免 (瘾君子)",
	"wolfhud_hudlist_maniac_buff_desc" : "",
	"wolfhud_hudlist_muscle_regen_buff_title" : "生命回复 (肌肉男)",
	"wolfhud_hudlist_muscle_regen_buff_desc" : "",
	"wolfhud_hudlist_messiah_buff_title" : "弥赛亚",
	"wolfhud_hudlist_messiah_buff_desc" : "",
	"wolfhud_hudlist_overdog_buff_title" : "敌众我寡 (渗透者)",
	"wolfhud_hudlist_overdog_buff_desc" : "",
	"wolfhud_hudlist_overkill_buff_title" : "大开杀戒",
	"wolfhud_hudlist_overkill_buff_desc" : "可组合BUFF的一部分",
	"wolfhud_hudlist_painkiller_buff_title" : "镇痛剂",
	"wolfhud_hudlist_painkiller_buff_desc" : "可组合BUFF的一部分",
	"wolfhud_hudlist_partner_in_crime_buff_title" : "犯罪团伙",
	"wolfhud_hudlist_partner_in_crime_buff_desc" : "可组合BUFF的一部分",
	"wolfhud_hudlist_running_from_death_buff_title" : "逃离死劫",
	"wolfhud_hudlist_running_from_death_buff_desc" : "",
	"wolfhud_hudlist_pocket_ecm_jammer_buff_title" : "便携式电子干扰器持续时间 (黑客)",
	"wolfhud_hudlist_pocket_ecm_jammer_buff_desc" : "",
	"wolfhud_hudlist_pocket_ecm_kill_dodge_buff_title" : "便携式电子干扰器临时闪避 (黑客)",
	"wolfhud_hudlist_pocket_ecm_kill_dodge_buff_desc" : "可组合BUFF的一部分",
	"wolfhud_hudlist_quick_fix_buff_title" : "应急处理",
	"wolfhud_hudlist_quick_fix_buff_desc" : "可组合BUFF的一部分",
	"wolfhud_hudlist_second_wind_buff_title" : "卷土重来",
	"wolfhud_hudlist_second_wind_buff_desc" : "",
	"wolfhud_hudlist_sixth_sense_buff_title" : "第六感",
	"wolfhud_hudlist_sixth_sense_buff_desc" : "",
	"wolfhud_hudlist_sicario_dodge_buff_title" : "临时闪避 (行者)",
	"wolfhud_hudlist_sicario_dodge_buff_desc" : "",
	"wolfhud_hudlist_smoke_screen_buff_title" : "烟雾弹 (行者)",
	"wolfhud_hudlist_smoke_screen_buff_desc" : "",
	"wolfhud_hudlist_tag_team_buff_title" : "投掷物 (双人组)",
	"wolfhud_hudlist_tag_team_buff_desc" : "",
	"wolfhud_hudlist_swan_song_buff_title" : "天鹅绝唱",
	"wolfhud_hudlist_swan_song_buff_desc" : "",
	"wolfhud_hudlist_tooth_and_claw_buff_title" : "张牙舞爪 (杀手)",
	"wolfhud_hudlist_tooth_and_claw_buff_desc" : "",
	"wolfhud_hudlist_trigger_happy_buff_title" : "好战分子",
	"wolfhud_hudlist_trigger_happy_buff_desc" : "可组合BUFF的一部分",
	"wolfhud_hudlist_underdog_buff_title" : "困兽之斗",
	"wolfhud_hudlist_underdog_buff_desc" : "可组合BUFF的一部分",
	"wolfhud_hudlist_unseen_strike_buff_title" : "暗中打击",
	"wolfhud_hudlist_unseen_strike_buff_desc" : "",
	"wolfhud_hudlist_up_you_go_buff_title" : "重获新生",
	"wolfhud_hudlist_up_you_go_buff_desc" : "可组合BUFF的一部分",
	"wolfhud_hudlist_uppers_buff_title" : "兴奋剂",
	"wolfhud_hudlist_uppers_buff_desc" : "",
	"wolfhud_hudlist_yakuza_buff_title" : "回甲速度 (极道)",
	"wolfhud_hudlist_yakuza_buff_desc" : "",
	"wolfhud_hudlist_anarchist_armor_recovery_debuff_title" : "求生欲望 (无政府主义者)",
	"wolfhud_hudlist_anarchist_armor_recovery_debuff_desc" : "",
	"wolfhud_hudlist_ammo_give_out_debuff_title" : "弹药分享冷却 (赌徒)",
	"wolfhud_hudlist_ammo_give_out_debuff_desc" : "",
	"wolfhud_hudlist_bullseye_debuff_title" : "正中靶心",
	"wolfhud_hudlist_bullseye_debuff_desc" : "",
	"wolfhud_hudlist_inspire_debuff_title" : "激励移速加成冷却",
	"wolfhud_hudlist_inspire_debuff_desc" : "",
	"wolfhud_hudlist_inspire_revive_debuff_title" : "激励复活冷却",
	"wolfhud_hudlist_inspire_revive_debuff_desc" : "",
	"wolfhud_hudlist_life_drain_debuff_title" : "生命汲取冷却 (渗透者)",
	"wolfhud_hudlist_life_drain_debuff_desc" : "",
	"wolfhud_hudlist_medical_supplies_debuff_title" : "医疗补给冷却 (赌徒)",
	"wolfhud_hudlist_medical_supplies_debuff_desc" : "",
	"wolfhud_hudlist_sociopath_debuff_title" : "回复冷却 (反社会者)",
	"wolfhud_hudlist_sociopath_debuff_desc" : "",
	"wolfhud_hudlist_armorer_teambuff_title" : "提升护甲团队增益 (军械士)",
	"wolfhud_hudlist_armorer_teambuff_desc" : "",
	"wolfhud_hudlist_bulletproof_teambuff_title" : "震慑打击团队增益",
	"wolfhud_hudlist_bulletproof_teambuff_desc" : "",
	"wolfhud_hudlist_crew_chief_teambuff_title" : "状态增强团队增益 (领队)",
	"wolfhud_hudlist_crew_chief_teambuff_desc" : "可组合BUFF的一部分",
	"wolfhud_hudlist_forced_friendship_teambuff_title" : "强制友谊团队增益",
	"wolfhud_hudlist_forced_friendship_teambuff_desc" : "",
	"wolfhud_hudlist_life_steal_gage_debuff_title" : "自我回复 (盖奇)",
	"wolfhud_hudlist_life_steal_gage_debuff_desc" : "",
	"wolfhud_hudlist_invulnerable_gage_buff_title" : "无敌状态 (盖奇)",
	"wolfhud_hudlist_invulnerable_gage_buff_desc" : "",
	"wolfhud_hudlist_crew_inspire_debuff_title" : "激励战吼 (AI能力)",
	"wolfhud_hudlist_crew_inspire_debuff_desc" : "",
	"wolfhud_hudlist_crew_throwable_regen_buff_title" : "AI弹药拾取量增强的能力 (AI能力)",
	"wolfhud_hudlist_crew_throwable_regen_buff_desc" : "",
	"wolfhud_hudlist_crew_health_regen_buff_title" : "AI治疗队友的能力 (AI能力)",
	"wolfhud_hudlist_crew_health_regen_buff_desc" : "",

	"wolfhud_waypoints_options_name" : "自定义导航点选项",
	"wolfhud_waypoints_options_help" : "控制自定义导航点的选项",

	"wolfhud_waypoints_color_title" : "导航点颜色",
	"wolfhud_waypoints_color_desc" : "默认任务导航点的颜色",
	"wolfhud_waypoints_show_ammo_bag_title" : "显示弹药包",
	"wolfhud_waypoints_show_ammo_bag_desc" : "显示弹药包的导航点并告诉你剩余百分比",
	"wolfhud_waypoints_show_doc_bag_title" : "显示医疗箱",
	"wolfhud_waypoints_show_doc_bag_desc" : "显示医疗箱的导航点并统计剩余次数",
	"wolfhud_waypoints_show_first_aid_kit_title" : "显示急救包",
	"wolfhud_waypoints_show_first_aid_kit_desc" : "显示急救包的导航点并显示其技能效果",
	"wolfhud_waypoints_show_body_bag_title" : "显示尸体袋",
	"wolfhud_waypoints_show_body_bag_desc" : "显示尸体袋的导航点并告诉你剩余尸体袋的数量",
	"wolfhud_waypoints_show_grenade_crate_title" : "显示手雷箱",
	"wolfhud_waypoints_show_grenade_crate_desc" : "显示手雷箱的导航点并告诉你剩余手雷的数量",
	"wolfhud_waypoints_show_sentries_title" : "显示哨戒机枪",
	"wolfhud_waypoints_show_sentries_desc" : "显示哨戒机枪的导航点并告诉你剩余弹量",
	"wolfhud_waypoints_show_ecms_title" : "显示ECM",
	"wolfhud_waypoints_show_ecms_desc" : "显示ECM的导航点并告诉你剩余干扰/反馈时间",
	"wolfhud_waypoints_show_timers_title" : "显示计时器",
	"wolfhud_waypoints_show_timers_desc" : "显示具有计时器的导航点并告诉你剩余时间与已使用的升级技能",
	"wolfhud_waypoints_show_loot_title" : "显示战利品",
	"wolfhud_waypoints_show_loot_desc" : "当你看向战利品时在战利品上显示战利品名称",
	"wolfhud_waypoints_loot_icon_title" : "战利品图标",
	"wolfhud_waypoints_loot_icon_desc" : "在已打包的战利品上显示打包图标",
	"wolfhud_waypoints_loot_offset_title" : "未打包战利品文本高度偏移",
	"wolfhud_waypoints_loot_offset_desc" : "设置未打包战利品上文本的高度偏移量",
	"wolfhud_waypoints_loot_bagged_offset_title" : "打包战利品文本高度偏移",
	"wolfhud_waypoints_loot_bagged_offset_desc" : "设置打包战利品上文本的高度偏移量",
	"wolfhud_waypoints_loot_angle_title" : "战利品文本可见角度",
	"wolfhud_waypoints_loot_angle_desc" : "设置战利品文本标签的可见角度",
	"wolfhud_waypoints_show_special_equipment_title" : "显示特殊装备",
	"wolfhud_waypoints_show_special_equipment_desc" : "显示各种不同装备的导航点，很适合了解所有不同的刷新位置\n这会大幅修改游戏体验，例如偷天换日劫案第三天的潜入，请确认考虑到他人体验后在游戏中使用",
	"wolfhud_waypoints_show_minions_title" : "显示变节敌人",
	"wolfhud_waypoints_show_minions_desc" : "在变节敌人头上显示名称，用颜色来区分拥有者\n同时也显示这名变节敌人的击杀计数器",
	"wolfhud_waypoints_show_pager_title" : "显示对讲机",
	"wolfhud_waypoints_show_pager_desc" : "为已被激活的对讲机显示导航点，当有人回答时则改变颜色",

	"wolfhud_tabstats_options_name" : "TAB统计选项",
	"wolfhud_tabstats_options_help" : "配置你的TAB统计面板外观",

	"wolfhud_tabstats_clock_mode_title" : "时间模式",
	"wolfhud_tabstats_clock_mode_desc" : "你想使用哪种时间模式?",
	"wolfhud_tabstats_clock_mode_a" : "12小时制",
	"wolfhud_tabstats_clock_mode_b" : "24小时制",
	"wolfhud_tabstats_clock_mode_c" : "劫案时间",
	"wolfhud_use_tabstats_title" : "使用TAB统计",
	"wolfhud_use_tabstats_desc" : "在TAB界面显示统计数据而不是任务简报\n(需要重新载入地图以生效)",
	"wolfhud_tabstats_font_size_title" : "列表字体大小",
	"wolfhud_tabstats_font_size_desc" : "设置强化统计列表的字体大小",
	"wolfhud_tabstats_color_title" : "列表颜色",
	"wolfhud_tabstats_color_desc" : "设置强化统计列表的颜色",
	"wolfhud_tabstats_actual_mask_title" : "使用实际面具",
	"wolfhud_tabstats_actual_mask_desc" : "用你实际使用的面具代替你当前使用角色的头像照",
	"wolfhud_tabstats_numberic_loot_title" : "战利品计数器",
	"wolfhud_tabstats_numberic_loot_desc" : "不再需要单独数有多少个战利品图标，直接用数字显示",

	"wolfhud_crewloadout_options_name" : "队友装备选项",
	"wolfhud_crewloadout_options_help" : "决定你想在哪里获得你队友携带装备和技能的信息",

	"wolfhud_crewloadout_lobby_title" : "在大厅显示",
	"wolfhud_crewloadout_lobby_desc" : "在大厅屏幕上添加一个按钮，可以显示你和你队友的装备",
	"wolfhud_crewloadout_cs_lobby_title" : "在罪无止境大厅显示",
	"wolfhud_crewloadout_cs_lobby_desc" : "在罪无止境大厅的难度因子和奖励旁边添加一个新选项卡",
	"wolfhud_crewloadout_briefing_title" : "替换任务简报",
	"wolfhud_crewloadout_briefing_desc" : "替换任务简报中默认的全队配置面板",
	"wolfhud_crewloadout_tabscreen_title" : "在TAB屏幕上显示",
	"wolfhud_crewloadout_tabscreen_desc" : "当玩家在你的大厅时显示技能，天赋和当前网络延迟\n(如果你使用Lobby Player Info的功能，则禁用)",
    "wolfhud_profilemenu_replace_title" : "替换配装选择菜单",
    "wolfhud_profilemenu_replace_desc" : "将默认的配装选择菜单替换成强化后的菜单",

	"wolfhud_dmgindicator_options_name" : "受击指示器",
	"wolfhud_dmgindicator_options_help" : "为你的受击指示器设置淡化时间、大小和颜色",

	"wolfhud_show_dmg_indicator_title" : "动态受击指示器",
	"wolfhud_show_dmg_indicator_desc" : "将4个静态受击指示器，分成若干个动态的，根据你的位置和受到伤害的方向进行移动\n(旧版说明)",
	"wolfhud_dmg_ind_time_title" : "指示器持续时间",
	"wolfhud_dmg_ind_time_desc" : "决定指示器显示的持续时间",
	"wolfhud_dmg_ind_size_title" : "指示器大小",
	"wolfhud_dmg_ind_size_desc" : "决定指示器的范围大小，指示器会暗中模拟一个圆弧并将指示器放在其周围",
	"wolfhud_dmg_indicator_max_count_title" : "指示器最大数量",
	"wolfhud_dmg_indicator_max_count_desc" : "指定屏幕上最多出现受击指示器的数量",
	"wolfhud_dmg_shield_color_title" : "护甲颜色",
	"wolfhud_dmg_shield_color_desc" : "当你只损失护甲时指示器的颜色",
	"wolfhud_dmg_health_color_title" : "血量颜色",
	"wolfhud_dmg_health_color_desc" : "当你损失血量时指示器的颜色",
	"wolfhud_dmg_crit_color_title" : "低血量颜色",
	"wolfhud_dmg_crit_color_desc" : "当你血量开始变低时指示器的颜色",
	"wolfhud_dmg_vehicle_color_title" : "载具颜色",
	"wolfhud_dmg_vehicle_color_desc" : "当你驾驶的载具被击中时指示器的颜色",
	"wolfhud_dmg_friendlyfire_color_title" : "友军误伤颜色",
	"wolfhud_dmg_friendlyfire_color_desc" : "当你受到火焰或爆炸伤害时指示器的颜色",

	"wolfhud_dmgpopup_options_name" : "敌人伤害浮标",
	"wolfhud_dmgpopup_options_help" : "在敌人身上弹出浮标，显示所造成的伤害",

	"wolfhud_show_dmg_popup_title" : "显示主要风格伤害浮标",
	"wolfhud_show_dmg_popup_desc" : "显示主要风格的伤害浮标选项\n在VanillaHUD中为主要风格伤害浮标，其有两种风格",
	"wolfhud_dmg_popup_player" : "玩家",
	"wolfhud_dmg_popup_all" : "所有人",
	"wolfhud_dmg_popup_scale_title" : "浮标规模",
	"wolfhud_dmg_popup_scale_desc" : "改变伤害浮标的规模比例",
	"wolfhud_dmg_popup_skull_scale_title" : "骷髅图标规模",
	"wolfhud_dmg_popup_skull_scale_desc" : "击杀致死时，改变骷髅图标的规模比例",
	"wolfhud_dmg_popup_skull_align_title" : "骷髅图标对齐",
	"wolfhud_dmg_popup_skull_align_desc" : "击杀致死时，改变骷髅图标的对齐方式",
	"wolfhud_dmg_popup_time_title" : "浮标时间",
	"wolfhud_dmg_popup_time_desc" : "决定浮标滞留的时间",
	"wolfhud_dmg_popup_height_title" : "浮标高度",
	"wolfhud_dmg_popup_height_desc" : "决定浮标将在敌人上方渲染得有多高",
	"wolfhud_dmg_popup_alpha_title" : "浮标不透明度",
	"wolfhud_dmg_popup_alpha_desc" : "设置浮标的不透明度",
	"wolfhud_dmg_popup_color_title" : "命中身体浮标颜色",
	"wolfhud_dmg_popup_color_desc" : "设置命中身体时浮标的颜色 (除头部)",
	"wolfhud_dmg_popup_critical_color_title" : "命中暴击浮标颜色",
	"wolfhud_dmg_popup_critical_color_desc" : "设置命中暴击时浮标的颜色",
	"wolfhud_dmg_popup_headshot_color_title" : "命中爆头浮标颜色",
	"wolfhud_dmg_popup_headshot_color_desc" : "设置命中爆头时浮标的颜色",

	"wolfhud_dmg_popup_show_alt_popup_title" : "显示备用风格伤害浮标",
	"wolfhud_dmg_popup_show_alt_popup_desc" : "显示备用风格的伤害浮标选项",
	"wolfhud_dmg_popup_headshot_glow_color_title" : "爆头闪烁颜色",
	"wolfhud_dmg_popup_headshot_glow_color_desc" : "配置爆头浮标显示时背景闪烁的颜色",

	"wolfhud_enemyhealthbar_options_name" : "敌人血量指示器",
	"wolfhud_enemyhealthbar_options_help" : "决定哪些单位应该具有血量指示器",

	"wolfhud_enemyhealthbar_enable_enemy_health_circle" : "显示敌人血量指示圈",
	"wolfhud_enemyhealthbar_enable_enemy_health_circle_desc" : "当你主动瞄准一个单位时，在主HUD上显示敌人的血量指示器",
	"wolfhud_show_enemyhealthbar_title" : "显示敌人生命栏",
	"wolfhud_show_enemyhealthbar_desc" : "瞄准敌人时，在顶部中心显示敌人生命栏\n(需要重新载入地图以生效)",
	"wolfhud_enemyhealthbar_ignore_civilian_health" : "忽略平民血量",
	"wolfhud_enemyhealthbar_ignore_civilian_health_desc" : "当你瞄准一个平民时，不显示其血量",
	"wolfhud_enemyhealthbar_enemy_health_size" : "敌人血量指示器大小",
	"wolfhud_enemyhealthbar_enemy_health_size_desc" : "设置敌人血量指示器的大小\n(需要重新载入地图以生效)",
	"wolfhud_enemyhealthbar_enemy_text_size" : "敌人血量指示器文本大小",
	"wolfhud_enemyhealthbar_enemy_text_size_desc" : "改变敌人血量指示器的文本大小\n(需要重新载入地图以生效)",
	"wolfhud_enemyhealthbar_enemy_health_vertical_offset" : "敌人血量垂直位置",
	"wolfhud_enemyhealthbar_enemy_health_vertical_offset_desc" : "设置敌人血量的垂直位置，将选项调节到最低会显示在最顶部\n(需要重新载入地图以生效)",
	"wolfhud_enemyhealthbar_enemy_health_horizontal_offset" : "敌人血量水平位置",
	"wolfhud_enemyhealthbar_enemy_health_horizontal_offset_desc" : "设置敌人血量的水平位置，将选项调节到最低会显示在最左侧\n(需要重新载入地图以生效)",
	"wolfhud_enemyhealthbar_ignore_team_ai_health" : "忽略AI队友血量",
	"wolfhud_enemyhealthbar_ignore_team_ai_health_desc" : "忽略AI队友的血量",
	"wolfhud_ignore_carhealthbar_title" : "忽略载具血量",
	"wolfhud_ignore_carhealthbar_desc" : "忽略可驾驶载具的血量",
	"wolfhud_show_healthbar_pointer_title" : "显示箭头",
	"wolfhud_show_healthbar_pointer_desc" : "在生命栏下方显示箭头，箭头指向拥有者生命栏",

	"wolfhud_interaction_options_name" : "互动选项",
	"wolfhud_interaction_options_help" : "选择你的个人喜好的互动方式",

	"wolfhud_press2hold_custom_huds_support_title" : "自定义HUD支持",
	"wolfhud_press2hold_custom_huds_support_desc" : "兼容MUI、PDTH HUD的修复",

	"wolfhud_press2hold_lock_mode_title" : "锁定模式",
	"wolfhud_press2hold_lock_mode_desc" : "当互动时间已经超过X秒时锁定 (进行)\n当总互动时间超过X秒时锁定 (全部)",
	"wolfhud_press2hold_lock_mode_a" : "进行",
	"wolfhud_press2hold_lock_mode_b" : "全部",
	"wolfhud_press2hold_lock_mode_c" : "对讲机+撬锁",
	"wolfhud_press2hold_lock_mode_d" : "只有对讲机",
	"wolfhud_press2hold_min_timer_duration_title" : "最低锁定时间",
	"wolfhud_press2hold_min_timer_duration_desc" : "互动锁定所需最低持续时间",
	"wolfhud_press2hold_show_lockindicator_title" : "显示锁定指示器",
	"wolfhud_press2hold_show_lockindicator_desc" : "显示透明的红色/绿色圆圈覆盖，以表示互动是否锁定",
	"wolfhud_press2hold_equipment_cancel_title" : "部署键中断",
	"wolfhud_press2hold_equipment_cancel_desc" : "用部署键来中断已锁定的互动\n(不然，就需要再次按下互动键)",
	"wolfhud_press2hold_interrupt_hint_title" : "显示中断提示",
	"wolfhud_press2hold_interrupt_hint_desc" : "用一个文本来提醒你，按哪个键会中断你的互动",
	"wolfhud_press2hold_show_timer_title" : "显示剩余时间",
	"wolfhud_press2hold_show_timer_desc" : "在互动圈内显示剩余时间",
	"wolfhud_press2hold_show_circle_title" : "显示互动圈",
	"wolfhud_press2hold_show_circle_desc" : "决定是否显示标准的互动圈",
	"wolfhud_press2hold_circle_scale_title" : "圆圈规模",
	"wolfhud_press2hold_circle_scale_desc" : "决定互动圈的规模比例",
	"wolfhud_press2hold_timer_scale_title" : "计时器规模",
	"wolfhud_press2hold_timer_scale_desc" : "决定中心计时器的规模比例 (需要考虑圆圈规模)",
	"wolfhud_press2hold_text_scale_title" : "文本规模",
	"wolfhud_press2hold_text_scale_desc" : "决定互动圈下方互动文本的规模比例",
	"wolfhud_press2hold_show_reload_circle_title" : "显示装填计时器",
	"wolfhud_press2hold_show_reload_circle_desc" : "决定我们是否需要显示互动圈来表示装填进度",
	"wolfhud_press2hold_show_melee_circle_title" : "显示近战蓄力",
	"wolfhud_press2hold_show_melee_circle_desc" : "决定我们是否需要显示互动圈来表示近战蓄力",
	"wolfhud_press2hold_timer_color_start_title" : "计时器颜色 (开始)",
	"wolfhud_press2hold_timer_color_start_desc" : "计时器开始时的颜色",
	"wolfhud_press2hold_timer_color_title" : "计时器颜色 (结束)",
	"wolfhud_press2hold_timer_color_desc" : "计时器到达完成时的颜色",
	"wolfhud_press2hold_show_timer_outline_title" : "黑色轮廓",
	"wolfhud_press2hold_show_timer_outline_desc" : "在剩余时间文本周围显示黑色轮廓",
	"wolfhud_doubletap_nades_stealth_title" : "防止潜入手雷",
	"wolfhud_doubletap_nades_stealth_desc" : "选中此项后，你需要双击才能在潜入时扔手雷\n只是为了防止事故",
	"wolfhud_hold_to_pick_title" : "自动拾取",
	"wolfhud_hold_to_pick_desc" : "当你按下互动键时，小型战利品将会被自动拾取",

	"wolfhud_inventory_options_name" : "装备库调整选项",
	"wolfhud_inventory_options_help" : "更改装备库视觉效果和更改随身装备行为的选项",

	"wolfhud_equipment_senty_auto_ap_title" : "哨戒机枪自动开启AP模式",
	"wolfhud_equipment_senty_auto_ap_desc" : "如果你有所需技能，当哨戒机枪放置时会自动开启AP模式",
	"wolfhud_equipment_tripmine_auto_sensor_stealth_title" : "诡雷自动感应模式",
	"wolfhud_equipment_tripmine_auto_sensor_stealth_desc" : "当你在潜入时，设置的诡雷将自动开启感应模式",
	"wolfhud_equipment_ecm_feedback_disabled_stealth_title" : "防止ECM反馈",
	"wolfhud_equipment_ecm_feedback_disabled_stealth_desc" : "当你在潜入时，ECM反馈将会被禁用",
	"wolfhud_equipment_shaped_charge_disabled_stealth_title" : "防止聚能炸药",
	"wolfhud_equipment_shaped_charge_disabled_stealth_desc" : "选中此项后，你需要双击才能在潜入时部署聚能炸药\n只是为了防止事故",
	"wolfhud_equipment_keycard_doors_disabled_title" : "防止钥匙卡用于安全门",
	"wolfhud_equipment_keycard_doors_disabled_desc" : "选中此项后，你需要双击才能在霍斯顿越狱记劫案第二天使用钥匙卡\n只是为了防止事故",

	"wolfhud_gadget_options_name" : "武器配件设置",
	"wolfhud_gadget_options_help" : "指定你的自定义激光颜色",

	"wolfhud_laser_autoon_title" : "自动打开激光",
	"wolfhud_laser_autoon_desc" : "在每场游戏的开头，将带有激光的武器自动打开激光",
	"wolfhud_show_angeled_sight_title" : "倾斜持枪",
	"wolfhud_show_angeled_sight_desc" : "启用倾斜瞄具时，未瞄准状态下将会倾斜持枪",

	"wolfhud_gadget_player_laser_options_name" : "玩家激光",
	"wolfhud_gadget_player_laser_options_help" : "设置你自己的激光颜色",
	"wolfhud_gadget_player_sentry_laser_options_name" : "玩家的哨戒机枪激光",
	"wolfhud_gadget_player_sentry_laser_options_help" : "设置你自己的哨戒机枪激光颜色",
	"wolfhud_gadget_team_laser_options_name" : "队友激光",
	"wolfhud_gadget_team_laser_options_help" : "设置你队友的激光颜色",
	"wolfhud_gadget_team_sentry_laser_options_name" : "队友的哨戒机枪激光",
	"wolfhud_gadget_team_sentry_laser_options_help" : "设置你队友的哨戒机枪激光颜色",
	"wolfhud_gadget_sniper_laser_options_name" : "狙击手激光",
	"wolfhud_gadget_sniper_laser_options_help" : "设置敌方狙击手的激光颜色",
	"wolfhud_gadget_turret_laser_active_options_name" : "枪塔激光 (激活)",
	"wolfhud_gadget_turret_laser_active_options_help" : "设置激活的枪塔的激光颜色",
	"wolfhud_gadget_turret_laser_rearming_options_name" : "枪塔激光 (装填)",
	"wolfhud_gadget_turret_laser_rearming_options_help" : "设置装填中的枪塔的激光颜色",
	"wolfhud_gadget_turret_laser_mad_options_name" : "枪塔激光 (干扰)",
	"wolfhud_gadget_turret_laser_mad_options_help" : "设置被干扰的枪塔的激光颜色",
	"wolfhud_gadget_player_flashlight_options_name" : "玩家手电筒",
	"wolfhud_gadget_player_flashlight_options_help" : "设置你自己的手电筒",
	"wolfhud_gadget_team_flashlight_options_name" : "队友手电筒",
	"wolfhud_gadget_team_flashlight_options_help" : "设置你队友的手电筒",

	"wolfhud_gadgets_enabled_title" : "覆盖颜色",
	"wolfhud_gadgets_enabled_desc" : "使用这里的设置，而不是配件设置",
	"wolfhud_gadgets_beam_r_title" : "激光光束 (红)",
	"wolfhud_gadgets_beam_r_desc" : "激光颜色的红色分量",
	"wolfhud_gadgets_beam_g_title" : "激光光束 (绿)",
	"wolfhud_gadgets_beam_g_desc" : "激光颜色的绿色分量",
	"wolfhud_gadgets_beam_b_title" : "激光光束 (蓝)",
	"wolfhud_gadgets_beam_b_desc" : "激光颜色的蓝色分量",
	"wolfhud_gadgets_beam_a_title" : "激光光束不透明度",
	"wolfhud_gadgets_beam_a_desc" : "激光光束的不透明度",
	"wolfhud_gadgets_dot_match_title" : "匹配激光点颜色",
	"wolfhud_gadgets_dot_match_desc" : "决定激光点是否与光束的颜色匹配",
	"wolfhud_gadgets_dot_r_title" : "激光点 (红)",
	"wolfhud_gadgets_dot_r_desc" : "激光点颜色的红色分量",
	"wolfhud_gadgets_dot_g_title" : "激光点 (绿)",
	"wolfhud_gadgets_dot_g_desc" : "激光点颜色的绿色分量",
	"wolfhud_gadgets_dot_b_title" : "激光点 (蓝)",
	"wolfhud_gadgets_dot_b_desc" : "激光点颜色的蓝色分量",
	"wolfhud_gadgets_dot_a_title" : "激光点不透明度",
	"wolfhud_gadgets_dot_a_desc" : "激光点的不透明度",
	"wolfhud_gadgets_glow_match_title" : "匹配辉光颜色",
	"wolfhud_gadgets_glow_match_desc" : "决定辉光是否与光束的颜色匹配",
	"wolfhud_gadgets_glow_r_title" : "辉光 (红)",
	"wolfhud_gadgets_glow_r_desc" : "辉光颜色的红色分量",
	"wolfhud_gadgets_glow_g_title" : "辉光 (绿)",
	"wolfhud_gadgets_glow_g_desc" : "辉光颜色的绿色分量",
	"wolfhud_gadgets_glow_b_title" : "辉光 (蓝)",
	"wolfhud_gadgets_glow_b_desc" : "辉光颜色的蓝色分量",
	"wolfhud_gadgets_glow_a_title" : "辉光不透明度",
	"wolfhud_gadgets_glow_a_desc" : "辉光的不透明度",
	"wolfhud_gadgets_light_r_title" : "手电筒 (红)",
	"wolfhud_gadgets_light_r_desc" : "手电筒颜色的红色分量",
	"wolfhud_gadgets_light_g_title" : "手电筒 (绿)",
	"wolfhud_gadgets_light_g_desc" : "手电筒颜色的绿色分量",
	"wolfhud_gadgets_light_b_title" : "手电筒 (蓝)",
	"wolfhud_gadgets_light_b_desc" : "手电筒颜色的蓝色分量",
	"wolfhud_gadgets_light_brightness_title" : "手电筒亮度",
	"wolfhud_gadgets_light_brightness_desc" : "设置手电筒亮度",
	"wolfhud_gadgets_light_angle_title" : "手电筒光照角度",
	"wolfhud_gadgets_light_angle_desc" : "设置手电筒的光照角度",
	"wolfhud_gadgets_light_range_title" : "手电筒的照射范围",
	"wolfhud_gadgets_light_range_desc" : "设置手电筒可以覆盖的距离",
	"wolfhud_gadgets_rainbow_enabled_title" : "启用虹光",
	"wolfhud_gadgets_rainbow_enabled_desc" : "启用虹光模式",
	"wolfhud_gadgets_rainbow_frequency_title" : "虹光频率",
	"wolfhud_gadgets_rainbow_frequency_desc" : "配置虹光改变颜色的频率",
	"wolfhud_gadgets_pulse_enabled_title" : "启用脉冲",
	"wolfhud_gadgets_pulse_enabled_desc" : "启用脉冲模式",
	"wolfhud_gadgets_pulse_min_title" : "脉冲最低不透明度",
	"wolfhud_gadgets_pulse_min_desc" : "其使用的最低不透明度修正值",
	"wolfhud_gadgets_pulse_max_title" : "脉冲最大不透明度",
	"wolfhud_gadgets_pulse_max_desc" : "其使用的最大不透明度修正值",
	"wolfhud_gadgets_pulse_frequency_title" : "脉冲频率",
	"wolfhud_gadgets_pulse_frequency_desc" : "以乘算决定脉冲从最小到最大不透明度所需要的时间",

	"wolfhud_skipit_options_name" : "跳过选项",
	"wolfhud_skipit_options_help" : "这个选项会自动跳过不必要的菜单，以节省你的时间",
	"wolfhud_assaultbanner_options_name" : "横幅选项",
	"wolfhud_assaultbanner_options_help" : "更改横幅的选项",

	"wolfhud_panels_show_bulletstorm_title" : "显示子弹风暴指示器",
	"wolfhud_panels_show_bulletstorm_desc" : "当子弹风暴技能被激活时显示状态呼吸光",
	"wolfhud_invertedfbg_title" : "启用闪光弹反色",
	"wolfhud_invertedfbg_desc" : "这会使闪光弹的眩光从白色变为黑色",
	"wolfhud_enemy_bolivian_security_mex" : "科尤帕保安",

    "wolfhud_infopanels_buff_player_actions_options_name" : "玩家行为选项",
	"wolfhud_infopanels_buff_player_actions_options_help" : "启用/禁用显示特定行为",
	"wolfhud_hudlist_anarchist_armor_regeneration_action_title" : "无政府主义者护甲回复",
	"wolfhud_hudlist_anarchist_armor_regeneration_buff_desc" : "",
	"wolfhud_hudlist_standard_armor_regeneration_action_title" : "护甲回复",
	"wolfhud_hudlist_standard_armor_regeneration_action_desc" : "",
	"wolfhud_hudlist_weapon_charge_action_title" : "武器充能",
	"wolfhud_hudlist_weapon_charge_action_desc" : "",
	"wolfhud_hudlist_melee_charge_action_title" : "近战蓄力",
	"wolfhud_hudlist_melee_charge_action_desc" : "",
	"wolfhud_hudlist_reload_action_title" : "装填持续时间",
	"wolfhud_hudlist_reload_action_desc" : "",
	"wolfhud_hudlist_interact_action_title" : "互动持续时间",
	"wolfhud_hudlist_interact_action_desc" : "",
	"wolfhud_heist_timer_title" : "在聊天中显示劫案计时",
	"wolfhud_heist_timer_desc" : "这会在聊天框中显示劫案计时",
	"wolfhud_enable_time_left_title" : "游戏内加入倒计时",
	"wolfhud_enable_time_left_desc" : "游戏中的加入对话框会告诉你预计还剩多少秒",
	"wolfhud_infopanels_show_special_pickups_options_name" : "特殊装备拾取选项",
	"wolfhud_infopanels_show_special_pickups_options_help" : "选择你想在游戏中显示的特殊装备类型",
	"wolfhud_hudlist_show_crowbar_title" : "显示撬棍",
	"wolfhud_hudlist_show_crowbar_desc" : "",
	"wolfhud_hudlist_show_planks_title" : "显示木板",
	"wolfhud_hudlist_show_planks_desc" : "",
	"wolfhud_hudlist_show_keycard_title" : "显示钥匙卡",
	"wolfhud_hudlist_show_keycard_desc" : "",
	"wolfhud_enable_peer_ping_title" : "在大厅中显示延迟",
	"wolfhud_enable_peer_ping_desc" : "显示大厅里每名玩家的网络延迟",
	"wolfhud_pacified_civs_alt_icon_title" : "绿色表示受到控制",
	"wolfhud_pacified_civs_alt_icon_desc" : "用绿色图标表示情况受到控制",
	"wolfhud_enable_headshot_title" : "爆头反馈",
	"wolfhud_enable_headshot_desc" : "当你实施爆头时，显示一个圆圈浮标",
	"wolfhud_enable_mask_instruct_title" : "面具提示",
	"wolfhud_enable_mask_instruct_desc" : "当游戏开始时，提示您戴上面具",
	"wolfhud_enable_joker_contour_title" : "为变节敌人着色",
	"wolfhud_enable_joker_contour_desc" : "为变节敌人着色使其与拥有者的颜色相同",
	"wolfhud_enable_sub_title" : "字幕阴影",
	"wolfhud_enable_sub_desc" : "在字幕后面添加阴影",
    "wolfhud_sub_scale_title" : "字幕规模",
    "wolfhud_sub_scale_desc" : "更改字幕文本大小",
	"wolfhud_enable_inspire_hint_title" : "激励冷却提示",
    "wolfhud_enable_inspire_hint_desc" : "添加一条提示信息，显示激励的剩余冷却时间",
	"wolfhud_inspire_hint_text" : "激励战吼还有 %.f 的冷却时间",
	"wolfhud_create_empty_lobby_title" : "创建一个空的大厅",
	"wolfhud_create_empty_lobby_desc" : "创建一个无合约的多人大厅",
	"wolfhud_mischud_options_name" : "其他HUD选项",
	"wolfhud_mischud_options_help" : "包含其他HUD的选项",
	"wolfhud_show_heat_title" : "显示热度",
	"wolfhud_show_heat_desc" : "在合约联系人中显示热度",
	"wolfhud_crnt_size_title" : "CRIMENET规模",
	"wolfhud_crnt_size_desc" : "调整CRIMENET的字体大小",
	"wolfhud_crnt_sort_title" : "CRIMENET排序",
	"wolfhud_crnt_sort_desc" : "根据难度排序CRIMENET的合约\n备注: 需要CRIMENET对齐功能正常运行",
	"wolfhud_crnt_align_title" : "CRIMENET对齐",
	"wolfhud_crnt_align_desc" : "网格对齐CRIMENET的合约",
	"wolfhud_crnt_colorize_title" : "CRIMENET着色",
	"wolfhud_crnt_colorize_desc" : "根据难度和热度高低决定对CRIMENET合同的着色",
	"wolfhud_show_reduction_title" : "显示经验值调整",
	"wolfhud_show_reduction_desc" : "在合约联系人中显示经验值调整",
	"wolfhud_waypoints_color_enable_title" : "允许导航点着色",
	"wolfhud_waypoints_color_enable_desc" : "允许HUD决定任务导航点的颜色",
	"wolfhud_wolfhud_pacified_civs_new_icons_title" : "启用警戒图标",
	"wolfhud_wolfhud_pacified_civs_new_icons_desc" : "此选项允许您调整各种警戒图标",
	"wolfhud_pacified_civs_new_wolf_icon_title" : "显示已完全控制的平民",
	"wolfhud_pacified_civs_new_wolf_icon_desc" : "将已被完全控制的平民用蓝色对勾符号表示",
	"wolfhud_pacified_civs_new_icon_title" : "警戒图标改进",
	"wolfhud_pacified_civs_new_icon_desc" : "用更详细的保安/摄像头/平民图标来替换默认的 ? 和 ! ",
	"wolfhud_drill_icons_title" : "显示钻机升级图标",
	"wolfhud_drill_icons_desc" : "在与钻机/电锯交互时显示已使用的钻机技能",
	"wolfhud_enemy_escort_it_guy" : "银行IT员工",
	"wolfhud_hudlist_loot_egg" : "蛋",
	"wolfhud_hudlist_loot_treasure" : "宝藏",
	"wolfhud_enemy_mariachi" : "流浪乐团成员",
    "wolfhud_hud_scale_title" : "HUD规模",
    "wolfhud_hud_scale_desc" : "更改HUD的大小",
	"wolfhud_enable_joker_floating_name_title" : "显示变节敌人名称",
	"wolfhud_enable_joker_floating_name_desc" : "在变节敌人上方显示其名称",
	"wolfhud_enable_joker_floating_hp_title" : "显示变节敌人血量",
	"wolfhud_enable_joker_floating_hp_desc" : "在变节敌人上方显示其血量",
	"wolfhud_enable_joker_floating_kills_title" : "显示变节敌人击杀",
	"wolfhud_enable_joker_floating_kills_desc" : "在变节敌人上方显示其击杀数",
	"wolfhud_enable_swan_song_effect_title" : "天鹅绝唱效果",
	"wolfhud_enable_swan_song_effect_desc" : "当进入天鹅绝唱时，屏幕将会有蓝色的状态呼吸光",
	"wolfhud_enable_kingpin_effect_title" : "首脑注射器效果",
	"wolfhud_enable_kingpin_effect_desc" : "首脑注射器激活时，屏幕将会有橙色的状态呼吸光",
	"wolfhud_enemy_deathvox_light" : "狂热武装分子",
	"wolfhud_enemy_deathvox_heavy" : "重型狂热武装分子",
	"wolfhud_enemyhealthbarenemy_hurt_color_title" : "对敌伤害颜色",
	"wolfhud_enemyhealthbarenemy_hurt_color_desc" : "当你对敌人造成伤害时，设置血量指示器闪烁的颜色",
	"wolfhud_enemyhealthbarenemy_kill_color_title" : "敌人击杀颜色",
	"wolfhud_enemyhealthbarenemy_kill_color_desc" : "当你击杀敌人时，设置血量指示器闪烁的颜色",
	"wolfhud_dmg_popup_show_alt_civ_popup_title" : "显示平民伤害浮标",
	"wolfhud_dmg_popup_show_alt_civ_popup_desc" : "伤害平民时显示伤害浮标",
	"wolfhud_dmg_popup_time_alt_title" : "浮标淡出时间",
	"wolfhud_dmg_popup_time_alt_desc" : "决定浮标将停留多长时间",
	"wolfhud_enemyhealthbar_show_multiplied_enemy_health" : "敌人血量10倍显示",
	"wolfhud_enemyhealthbar_show_multiplied_enemy_health_desc" : "将敌人的血量以10倍显示，这使得血量与武器伤害能够一致",
	"wolfhud_dmg_popup_body_glow_color_title" : "命中身体浮标颜色",
	"wolfhud_dmg_popup_body_glow_color_desc" : "设置命中身体浮标的颜色",
	"wolfhud_original_hostage_box_title" : "显示原始人质框",
	"wolfhud_original_hostage_box_desc" : "在HUD中显示原始的人质框",
	"wolfhud_shuffle_music_title" : "随机音轨",
	"wolfhud_shuffle_music_desc" : "在每个突击波之间随机播放游戏音轨",
	"wolfhud_wave_counter_title" : "波次计数器",
	"wolfhud_wave_counter_desc" : "启用自定义突击波次计数器",
	"wolfhud_dmg_popup_show_rainbow_popups" : "启用虹彩浮标",
	"wolfhud_dmg_popup_show_rainbow_popups_desc" : "启用虹彩伤害浮标\n(需要重新载入地图以生效)",
	"wolfhud_dmg_popup_show_damage_per_hit" : "显示每次命中的伤害",
	"wolfhud_dmg_popup_show_damage_per_hit_desc" : "决定是每一次命中显示一个单独的，还是显示一个不断递增的伤害浮标\n仅适用于备用风格的伤害浮标",
	"wolfhud_dmg_popup_show_enemy_health_mul" : "敌人血量10倍显示",
	"wolfhud_dmg_popup_show_enemy_health_mul_desc" : "将敌人的血量以10倍显示，这使得血量与武器伤害能够一致",
	"wolfhud_dmg_popup_hit_display_duration" : "浮标持续时间",
	"wolfhud_dmg_popup_hit_display_duration_desc" : "更改伤害浮标停留在屏幕上的时间",
	"wolfhud_dmg_popup_hit_chg_per_tick" : "非致命浮标移动速度",
	"wolfhud_dmg_popup_hit_chg_per_tick_desc" : "改变非暴击浮标的向上移动速度",
	"wolfhud_dmg_popup_fatal_hit_chg_per_tick" : "已致命浮标移动速度",
	"wolfhud_dmg_popup_fatal_hit_chg_per_tick_desc" : "改变暴击浮标的向上移动速度",
	"wolfhud_dmg_popup_damage_vert_offset" : "伤害浮标垂直偏移",
	"wolfhud_dmg_popup_damage_vert_offset_desc" : "更改伤害浮标的垂直偏移",
	"wolfhud_dmg_popup_damage_kill_flash_spd" : "伤害浮标闪烁速度",
	"wolfhud_dmg_popup_damage_kill_flash_spd_desc" : "改变伤害浮标的闪烁速度",
	"wolfhud_confirn_dialogs_title" : "禁用确认对话框",
	"wolfhud_confirn_dialogs_desc" : "对某些操作禁用确认对话框",
	"wolfhud_save_filters_title" : "保存大厅设置",
	"wolfhud_save_filters_desc" : "这样可以保存大厅设置",
	"wolfhud_shoot_through_bots_title" : "射击穿过AI队友和变节敌人",
	"wolfhud_shoot_through_bots_desc" : "你的子弹将穿过AI队友和变节敌人",
	"wolfhud_dmg_popup_linux_compat_title" : "Windows兼容性",
	"wolfhud_dmg_popup_linux_compat_desc" : "仅在使用Linux时禁用",
	"wolfhud_replace_joker_title" : "替换变节敌人",
	"wolfhud_replace_joker_desc" : "当你变节了一名敌人时也同时会击杀最早变节的敌人\n这会中幅修改游戏体验，其有助于形成一种玩法，请确认考虑到他人体验后在游戏中使用",
	"wolfhud_dmg_popup_scale_alt_title" : "浮标规模",
	"wolfhud_dmg_popup_scale_alt_desc" : "改变伤害浮标的大小",
	"wolfhud_show_silent_weapons_title" : "显示消音武器",
	"wolfhud_show_silent_weapons_desc" : "为在装备库中的消音武器旁边显示一个幽灵符号",
	"wolfhud_chat_y_pos_title" : "设置从下往上的位置",
	"wolfhud_chat_y_pos_desc" : "上下移动聊天框位置\n贡献者标注: 对应 设置从左往右的位置 这个选项",
	"wolfhud_panels_health_armor_num_title" : "数字显示血量护甲",
	"wolfhud_panels_health_armor_num_desc" : "将血量和护甲以数字显示",
	"wolfhud_panels_hide_health_armor_title" : "隐藏血量护甲圈",
	"wolfhud_panels_hide_health_armor_desc" : "隐藏血量和护甲的指示圈",
	"fastnet_sa" : "FAST.NET",
	"state_filter" : "状态",
	"menu_state_filter" : "状态筛选",
	"menu_lobby_days_title" : "天数: ",
	"menu_state_lobby" : "大厅中",
	"menu_state_loading" : "载入中",
	"menu_state_ingame" : "游戏中",
	"menu_state_filter_help" : "大厅筛选器会根据大厅目前状态进行筛选",
	"menu_servers_filter" : "大厅数上限",
	"menu_servers_filter_help" : "选择一次可以显示在屏幕上大厅的最大数量",
	"menu_lobby_job_plan_title" : "战术: ",
	"menu_job_plan_-1" : "任意",
	"menu_job_plan_1" : "强袭",
	"menu_job_plan_2" : "潜入",
	"menu_stat_job_completed_new" : "$stat",
	"menu_stat_job_new" : "已完成合约: ",
	"menu_fastnet_help" : "PAYDAY 2大厅浏览器：这会更容易寻找一场游戏",
	"FastNETMenuSortAlphabeticallyHeistsTitleID" : "劫案排序",
	"FastNETMenuSortAlphabeticallyHeistsDescID" : "按字母顺序对劫案筛选器进行排序",
	"xp_amount" : "已获得经验: $XP",
	"wolfhud_show_custom_inv_names_title" : "显示自定义装备库名称",
	"wolfhud_show_custom_inv_names_desc" : "显示自定义装备库名称，如果你安装了TDLQ版本则请禁用",
	"wolfhud_enemy_triad" : "黑帮",
	"FastNETENABLEDTitleID" : "在主界面显示FASTNET",
	"FastNETENABLEDDescID" : "在主界面显示FASTNET",
	"wolfhud_hide_interaction_text_title" : "显示互动说明",
	"wolfhud_hide_interaction_text_desc" : "显示按住 [key] 按键与互动文本",
	"wolfhud_languages_japanese" : "日文",
	"wolfhud_hudlist_show_jokers_health_bar_title" : "显示变节敌人血量",
	"wolfhud_hudlist_show_jokers_health_bar_desc" : "显示变节敌人生命栏",
	"wolfhud_hudlist_show_jokers_kill_counter_title" : "显示变节敌人击杀",
	"wolfhud_hudlist_show_jokers_kill_counter_desc" : "显示变节敌人击杀栏",

	"wolfhud_disable_blend_mode_title" : "禁用CustomHUD的混合模式",
	"wolfhud_disable_blend_mode_desc" : "禁用CustomHUD的混合模式",
	"wolfhud_pd2stylebox_title" : "PAYDAY 2原始框",
	"wolfhud_pd2stylebox_desc" : "用PAYDAY 2原始风格来显示HUD列表框",

	"wolfhud_use_enhanced_objective_title" : "启用增强任务目标面板",
	"wolfhud_use_enhanced_objective_desc" : "将原版任务目标面板替换为自定义的版本",
	"wolfhud_use_customhud_title" : "使用CustomHUD",
	"wolfhud_use_customhud_desc" : "用高级CustomHUD替换默认HUD，由Se7en制作\n(需要重新载入地图以生效)",
	"wolfhud_use_vanilla" : "原始",

	"wolfhud_menu_options_name" : "菜单调整",
	"wolfhud_menu_options_help" : "更改菜单与装备库的选项",
	"wolfhud_equipment_options_name" : "玩法调整",
	"wolfhud_equipment_options_help" : "修改会影响游戏体验的选项",

	"wolfhud_hud_type_title" : "HUD类型",
	"wolfhud_hud_type_desc" : "设置你想要的HUD类型\n(需要重新载入地图以生效)",
	"wolfhud_waypoint_scale_title" : "自定义导航点规模",
	"wolfhud_waypoint_scale_desc" : "设置自定义导航点的规模",

	"wolfhud_show_empty_lobby_title" : "Enable Create Empty Lobby",
	"wolfhud_show_empty_lobby_desc" : "Enables create empty lobby item on the main menu",

	"wolfhud_panels_show_new_downcounter_title" : "显示原始倒地计数器",
	"wolfhud_panels_show_new_downcounter_desc" : "为非AI的玩家显示原始倒地计数器",

	"wolfhud_hudlist_copr_buff_title" : "安瓿瓶 (水蛭)",
	"wolfhud_hudlist_copr_buff_desc" : "",
	"wolfhud_dialog_force_start_msg" : "游戏已强制开始",

	"wolfhud_chat_x_pos_title" : "设置从左往右的位置",
	"wolfhud_chat_x_pos_desc" : "以从左往右的方式移动自定义聊天框位置",

	"wolfhud_enemy_yufuwang_armored_boss" : "武装渔夫王",
	"wolfhud_enemy_yufuwang_no_armor_boss" : "渔夫王",

	"wolfhud_enable_bg_title" : "启用HUD列表框背景",
	"wolfhud_enable_bg_desc" : "为HUD列表框中添加一个背景，同时允许你修改其颜色",

	"wolfhud_hide_bag_value_text_title" : "隐藏战利品价值",
	"wolfhud_hide_bag_value_text_desc" : "在看向战利品时隐藏战利品的价值",

	"wolfhud_hide_casing_title" : "隐藏踩点模式面板",
	"wolfhud_hide_casing_desc" : "隐藏踩点模式面板",

	"wolfhud_hudlist_armor_break_invulnerable_debuff_title" : "破甲无敌冷却",
	"wolfhud_hudlist_armor_break_invulnerable_debuff_desc" : "",

	"wolfhud_fastnet_update" : "$BTN_X 更新",
	"wolfhud_fastnet_filters" : "$BTN_Y 筛选",

	"wolfhud_enemy_marshal_marksman" : "神射手执法者",

	"wolfhud_sub_height_title" : "设置字幕位置",
	"wolfhud_sub_height_desc" : "设置字幕位置，从0开始时在顶端，到800的时候在底端",

	"wolfhud_hudlist_buff_list_x_offset_title" : "BUFF列表水平偏移",
	"wolfhud_hudlist_buff_list_x_offset_desc" : "设置BUFF列表的水平偏移值",

	"wolfhud_hudlist_loot_tea" : "茶物",
    "wolfhud_hudlist_loot_dragon" : "龙",

	"wolfhud_panels_show_detectioncounter_title" : "显示暴露风险",
	"wolfhud_panels_show_detectioncounter_desc" : "显示非AI的玩家当前的暴露风险\n计数器显示你的暴露风险或你队友的暴露风险或两者都有",

	"wolfhud_drill_icons_x_pos_title" : "钻机升级图标水平位置",
	"wolfhud_drill_icons_x_pos_desc" : "设置钻机升级图标的水平位置",
	"wolfhud_drill_icons_y_pos_title" : "钻机升级图标垂直位置",
	"wolfhud_drill_icons_y_pos_desc" : "设置钻机升级图标的垂直位置",
	"wolfhud_drill_icons_scale_title" : "钻机升级图标规模",
	"wolfhud_drill_icons_scale_desc" : "设置钻机升级图标的规模",

	"wolfhud_use_standard_scene_title" : "FASTNET使用标准背景",
	"wolfhud_use_standard_scene_desc" : "FASTNET将使用主菜单的背景/场景",

	"wolfhud_infopanels_color_options_name" : "HUD列表颜色选项",
	"wolfhud_infopanels_color_options_help" : "HUD列表的颜色选项",
	"wolfhud_hudlist_left_box_color_title" : "左侧框字体颜色",
	"wolfhud_hudlist_left_box_color_desc" : "左侧列表框的字体颜色\n(需要重新载入地图以生效)",
	"wolfhud_hudlist_left_box_bg_color_title" : "左侧框背景颜色",
	"wolfhud_hudlist_left_box_bg_color_desc" : "左侧列表框的背景颜色\n(需要重新载入地图以生效)",
	"wolfhud_hudlist_turret_color_title" : "枪塔载具颜色",
	"wolfhud_hudlist_turret_color_desc" : "敌人计数器中枪塔载具的颜色",
	"wolfhud_hudlist_shield_color_title" : "护盾特警颜色",
	"wolfhud_hudlist_shield_color_desc" : "敌人计数器中护盾特警的颜色",
	"wolfhud_hudlist_tank_color_title" : "重装坦克颜色",
	"wolfhud_hudlist_tank_color_desc" : "敌人计数器中重装坦克的颜色",
	"wolfhud_hudlist_sniper_color_title" : "狙击手颜色",
	"wolfhud_hudlist_sniper_color_desc" : "敌人计数器中狙击手的颜色",
	"wolfhud_hudlist_spooc_color_title" : "幻影特警颜色",
	"wolfhud_hudlist_spooc_color_desc" : "敌人计数器中幻影特警的颜色",
	"wolfhud_hudlist_taser_color_title" : "泰瑟特警颜色",
	"wolfhud_hudlist_taser_color_desc" : "敌人计数器中泰瑟特警的颜色",
	"wolfhud_hudlist_medic_color_title" : "医疗兵颜色",
	"wolfhud_hudlist_medic_color_desc" : "敌人计数器中医疗兵的颜色",
	"wolfhud_hudlist_phalanx_color_title" : "冬日队长颜色",
	"wolfhud_hudlist_phalanx_color_desc" : "敌人计数器中冬日队长的颜色",
	"wolfhud_hudlist_buff_icon_color_standard_title" : "BUFF图标颜色 - 标准",
	"wolfhud_hudlist_buff_icon_color_standard_desc" : "",
	"wolfhud_hudlist_buff_icon_color_buff_title" : "BUFF图标颜色 - 增益",
	"wolfhud_hudlist_buff_icon_color_buff_desc" : "",
	"wolfhud_hudlist_buff_icon_color_debuff_title" : "BUFF图标颜色 - 减益",
	"wolfhud_hudlist_buff_icon_color_debuff_desc" : "",
	"wolfhud_hudlist_buff_icon_color_team_title" : "BUFF图标颜色 - 团队",
	"wolfhud_hudlist_buff_icon_color_team_desc" : "",
	"wolfhud_enemy_marshal_shield" : "护盾执法者",
	"wolfhud_enemy_marshal_shield_break" : "特殊执法者",
	"wolfhud_enemy_ranchmanager" : "埃斯特班",
	"wolfhud_hudlist_right_list_bg_alpha_title" : "右侧列表背景不透明度",
	"wolfhud_hudlist_right_list_bg_alpha_desc" : "改变右侧列表背景的不透明度",
	"wolfhud_hudlist_left_list_bg_alpha_title" : "左侧列表背景不透明度",
	"wolfhud_hudlist_left_list_bg_alpha_desc" : "改变左侧列表背景的不透明度",
	"wolfhud_hudlist_loot_plates" : "印刷版图",
	"wolfhud_colors_debuff" : "减益",
	"wolfhud_colors_team" : "团队",

	"wolfhud_languages_polish" : "波兰文",
	"wolfhud_hide_content_news_title" : "隐藏新内容横幅",
	"wolfhud_hide_content_news_desc" : "隐藏主菜单中的新内容新闻横幅",
	"wolfhud_hudlist_old_sixth_sense_buff_title" : "旧第六感快速的轮廓高亮",
	"wolfhud_hudlist_old_sixth_sense_buff_desc" : "使轮廓在倒计时后立即突出显示，而不是一次一个\n这会中幅修改游戏体验，为避免被人怀疑，请确认考虑到他人体验后在游戏中使用",

	"wolfhud_hudlist_copycat_health_invul_buff_title" : "模仿犯 (生命值无敌)",
	"wolfhud_hudlist_copycat_health_invul_buff_desc" : "",
	"wolfhud_hudlist_copycat_health_shot_buff_title" : "模仿犯 (爆头生命回复)",
	"wolfhud_hudlist_copycat_health_shot_buff_desc" : "",

	"wolfhud_hudlist_guard_color_title" : "保安颜色",
	"wolfhud_hudlist_guard_color_desc" : "在敌人计数器中保安会显示的颜色",
	"wolfhud_hudlist_timers_color_title" : "计时器颜色",
	"wolfhud_hudlist_timers_color_desc" : "钻机/电锯/骇入等的颜色",
	"wolfhud_hudlist_equipment_color_title" : "部署物颜色",
	"wolfhud_hudlist_equipment_color_desc" : "地图上可部署物数量的颜色",
	"wolfhud_hudlist_minions_info_color_title" : "变节击杀和血量信息颜色",
	"wolfhud_hudlist_minions_info_color_desc" : "变节击杀和血量信息的颜色",
	"wolfhud_hudlist_pagers_timer_color_title" : "对讲机计时器颜色",
	"wolfhud_hudlist_pagers_timer_color_desc" : "对讲机计时器的颜色",
	"wolfhud_hudlist_ecms_color_title" : "ECM计时器颜色",
	"wolfhud_hudlist_ecms_color_desc" : "电子干扰器计时器的颜色",
	"wolfhud_hudlist_ecm_feedback_color_title" : "ECM反馈(啸叫)计时器颜色",
	"wolfhud_hudlist_ecm_feedback_color_desc" : "电子干扰器计时器的颜色",
	"wolfhud_hudlist_tape_loop_color_title" : "摄像头回路计时器颜色",
	"wolfhud_hudlist_tape_loop_color_desc" : "摄像头回路计时器的颜色",
	"wolfhud_hudlist_jokers_color_title" : "变节敌人颜色",
	"wolfhud_hudlist_jokers_color_desc" : "当前变节敌人数量的颜色",
	"wolfhud_hudlist_pagers_color_title" : "对讲机颜色",
	"wolfhud_hudlist_pagers_color_desc" : "地图上激活的对讲机数量的颜色",
	"wolfhud_hudlist_cam_color_title" : "摄像头颜色",
	"wolfhud_hudlist_cam_color_desc" : "地图上激活的摄像头数量的颜色",
	"wolfhud_hudlist_bodybags_color_title" : "尸体袋颜色",
	"wolfhud_hudlist_bodybags_color_desc" : "你口袋里剩余尸体袋的颜色",
	"wolfhud_hudlist_corpse_color_title" : "尸体颜色",
	"wolfhud_hudlist_corpse_color_desc" : "在沸点劫案中尸体数量的颜色",
	"wolfhud_hudlist_loot_color_title" : "战利品颜色",
	"wolfhud_hudlist_loot_color_desc" : "地图上可用战利品数量的颜色",
	"wolfhud_hudlist_special_items_color_title" : "特殊物品颜色",
	"wolfhud_hudlist_special_items_color_desc" : "地图上可用特殊物品数量的颜色",

	"wolfhud_hudlist_show_gage_packages_title" : "显示盖奇速递包裹",
	"wolfhud_hudlist_show_gage_packages_desc" : "",

	"wolfhud_hudlist_loot_papers" : "文档",
	"wolfhud_fastnet_reconnect" : "$BTN_START 重连",
	"wolfhud_no_lobby_collect_to" : "看起来没有可以连接的大厅",

	"wolfhud_enemy_zeal_heavy_swat" : "Zeal Heavy SWAT",
	"wolfhud_enemy_zeal_swat" : "Zeal SWAT",
	"wolfhud_colored_ammo" : "",

	"wolfhud_enemy_hatman" : "Headless Hatman",
	"wolfhud_enemy_autumn" : "Captain Autumn",
	"wolfhud_enemy_phalanx_minion_assault" : "Titan Shield",
	"wolfhud_enemy_phalanx_vip_break" : "Captain Winters",
	"wolfhud_enemy_dave" : "Dave",
	"wolfhud_enemy_meme" : "Meme Man",
	"wolfhud_enemy_meme_shield" : "Meme Man Shield",
	"wolfhud_enemy_fbi_titan" : "ASU",
	"wolfhud_enemy_weekend_sniper" : "National Guard Sniper",
	"wolfhud_enemy_weekend" : "National Guard Soldier",
	"wolfhud_enemy_weekend_lmg" : "National Guard LMG Soldier",
	"wolfhud_enemy_weekend_guard" : "National Security Guard",
	"wolfhud_enemy_weekend_lmg_guard" : "National LMG Security Guard",
	"wolfhud_enemy_biker_guard" : "Biker Guard",
	"wolfhud_enemy_titan_swat" : "Titan SWAT",
	"wolfhud_enemy_titan_swat_assault" : "Titan SWAT",
	"wolfhud_enemy_enforcer" : "Enforcer",
	"wolfhud_enemy_enforcer_assault" : "Enforcer",
	"wolfhud_enemy_tank_black" : "Blackdozer",
	"wolfhud_enemy_tank_skull" : "Skulldozer",
	"wolfhud_enemy_tank_biker" : "Biker Bulldozer",
	"wolfhud_enemy_tank_titan" : "Titan Bulldozer",
	"wolfhud_enemy_spook_titan" : "Titan Cloaker",
	"wolfhud_enemy_spook_gangster" : "Gangster Cloaker",
	"wolfhud_enemy_taser_titan" : "Titan Taser",

	"wolfhud_susp_custom_huds_support_title" : "Custom HUDs Support",
	"wolfhud_susp_custom_huds_support_desc" : "Only enable if you're crashing"
}
