{
	"the_fixes":"The Fixes",
	
	"TF_fire_dot_title":"Oprava statistik s ohněm DOT",
	"TF_fire_dot_desc":"Opravuje sčítání zabití ohněm a funkcí DOT (Damage over time - 'Poškození v průběhu času')",
	"TF_gambler_title":"Oprava sdílení munice v perku Gambler",
	"TF_gambler_desc":"Opravuje sdílení munice, aby fungoval se zbraněni, které získají malý počet nábojů z balíčků po mrtvých nepřátelích.",
	"TF_cops_reload_title":"Nepřátelé nabíjí za chůze",
	"TF_cops_reload_desc":"Umožňuje nepřátelům nabíjet za chůze",
	"TF_instant_quit_title":"Zabít herní proces při ukončení",
	"TF_instant_quit_desc":"Zabije herní proces po kliknutí na tlačítko 'Quit'. Opravuje nekonečné ukončování hry and nekonečný stav 'spuštěno'."
}