{
	"the_fixes":"The Fixes",
 
	"TF_fire_dot_title":"Arreglar estadísticas de muertes por fuego",
	"TF_fire_dot_desc":"Corrige el conteo de muertes por daño de fuego a lo largo del tiempo.",
	"TF_gambler_title":"Arreglar el compartir munición de Apostador",
	"TF_gambler_desc":"Esto hace que la capacidad de compartir munición de Apostador funcione para armas con baja recogida.",
	"TF_cops_reload_title":"Los policías recargan cuando se mueven",
	"TF_cops_reload_desc":"Permite a los policías recargar cuando se están moviendo.",
	"TF_instant_quit_title":"Mata el proceso del juego al salir",
	"TF_instant_quit_desc":"Termina el proceso del juego cuando haces clic en 'Salir'.\nCorrige el estado infinito de salida e infinito 'en ejecución'."
}