{
	"the_fixes":"The Fixes",
	
	"TF_fire_dot_title":"Подсчет убийств огнем",
	"TF_fire_dot_desc":"Исправляет подсчет убийств огнем",
	"TF_gambler_title":"Перк Шулера 'Раздача боеприпасов'",
	"TF_gambler_desc":"Исправлять Перк Шулера 'Раздача боеприпасов', чтобы он работал с оружием с малым подбором патронов.",
	"TF_cops_reload_title":"Враги перезаряжаются в движении",
	"TF_cops_reload_desc":"Позволяет врагам перезаряжаться в движении",
	"TF_instant_quit_title":"Убивать процесс игры при выходе",
	"TF_instant_quit_desc":"Убивать процесс игры при нажатии кнопки 'Выход'. Исправляет бесконечное завершение и бесконечный статус 'запущено'."
}