{
	"the_fixes":"ซ่อมแซมเกม หรือ The Fixes",
	
	"TF_fire_dot_title":"แก้ปัญหาจำนวนที่เกี่ยวข้องกับไฟ",
	"TF_fire_dot_desc":"แก้ปัญหาการนับจำนวนศัตรูที่ถูกสังหารโดยปืนไฟหรือกระสุนไฟ",
	"TF_gambler_title":"แก้ไขการแบ่งปันกระสุนจาก Gambler",
	"TF_gambler_desc":"ตัวเลือกนี้จะทำให้การแบ่งปันกระสุนจาก Gambler เกิดผลลัพธ์กับอาวุธที่มีค่าการได้กระสุนต่ำ",
	"TF_cops_reload_title":"ศัตรูเติมกระสุนขณะเคลื่อนที่",
	"TF_cops_reload_desc":"อนุญาตให้ศัตรูเติมกระสุนขณะกำลังเคลื่อนที่",
	"TF_instant_quit_title":"กำจัดการทำงานของเกมเมื่อออกจากเกม",
	"TF_instant_quit_desc":"กำจัดการทำงานของเกมเมื่อคุณกดปุ่ม 'ออกจากเกม' หรือ 'Quit'. แก้ปัญหาการออกจากเกมและการขึ้นสถานะ 'กำลังทำงานอยู่' หรือ 'running'"
}