{
	"VoidUI_endless_assault" : "Assalto della polizia infinito",
	"VoidUI_jowi" : "Wick",
	"VoidUI_chico" : "Tony",
	"VoidUI_assault_1" : "Quante console nintendo possiedi?",
	"VoidUI_assault_2" : "Questomessaggioèmoltovero",
	"VoidUI_assault_3" : "Mangia il Capitano per Finire l'Assaggio",
	"VoidUI_assault_4" : ":csdmad:",
	"VoidUI_assault_5" : "Quanto è lunga questa fascia comunque?",
	"VoidUI_assault_6" : "Quello era l'allarme, ci siamo gente",
	"VoidUI_assault_7" : "Spawnando cloaker bulldozer...",
	"VoidUI_assault_8" : "Investi in monete Scrungo",
	"VoidUI_assault_9" : "Pre-ordina Payday Battle Royale oggi!",
	"VoidUI_assault_10" : "Merda, avevamo bisogno dei cuochi",
	"VoidUI_assault_11" : "Spero ti sia piaciuto giocare con le abilità per i silenziatori",
	"VoidUI_assault_12" : "Gioco Morto",
	"VoidUI_assault_13" : "Kento muore alla fine di Infinity War",
	"VoidUI_assault_14" : "Provalo nella vita reale",
	"VoidUI_assault_15" : "Karma gratuito per iceman78772",
	"VoidUI_assault_16" : "Hai barato utilizzando mods",
	"VoidUI_assault_17" : "Streamer locale diventa easter egg divertente",
	"VoidUI_assault_18" : "DOBBIAMO SALVARE HOXTON",
	"VoidUI_assault_19" : "Esawo è un puttone",
	"VoidUI_assault_20" : "Sparategli!",
	"VoidUI_assault_21" : "Sei stato cacciato dal gioco",
	"VoidUI_assault_22" : "Il messaggio d'assalto segreto è un cosmetico",
	"VoidUI_assault_23" : "Ora con il 60% di crash in più",
	"VoidUI_assault_24" : "Eseguito a 30FPS fissi",
	"VoidUI_assault_25" : "No mercy verrà annullata nel 2015",
	"VoidUI_assault_26" : "Inchinati di fronte alla barra d'assalto!",
	
	"VoidUI_options_title" : "Void UI Scoreboard Standalone",
	"VoidUI_options_desc" : "Personalizza l'aspetto di Void UI",
	"VoidUI_ingame_hud" : "HUD in gioco",  
	"VoidUI_interface" : "Interfaccia Utente",  
	"VoidUI_extras" : "Extra",	
	"VoidUI_hud_scale_title" : "Dimensione HUD generale",
	"VoidUI_hud_scale_desc" : "La dimensione di ogni elemento del HUD. \nGli elementi possono anche essere ridimensionati separatamente",
	"VoidUI_outlines_title" : "Contorni colorati convertiti",
	"VoidUI_outlines_desc" : "Rende i contorni dei convertiti dello stesso colore del proprietario",
	"VoidUI_assault_lines_title" : "Allerta assalto",
	"VoidUI_assault_lines_desc" : "Aggiunge la possibilità di essere avvertito dal narratore di assalti imminenti.\n\n[Disabilitato: Non ricordare]\n[Light: avviso di 30 secondi]\n[Predefinito: avviso di 30, 20, e 10 secondi]",
	"VoidUI_reset_title" : "Resetta Opzioni",
	"VoidUI_reset_desc" : "Resetta ogni opzione al valore predefinito",
	"VoidUI_reset_confirm" : "Sei sicuro di voler resettare Void UI alla configurazione predefinita? Non si può tornare indietro.",
	"VoidUI_warning_title" : "Opzioni modificate",
	"VoidUI_warning_desc" : "Alcune delle tue modifiche potrebbero non avere effetto fino alla prossima rapina",
	"VoidUI_warning_confirm" : "Non avvertirmi di nuovo",
	"VoidUI_tooltip_reset" : "Imposta su predefinito $BTN_RESET",
	"VoidUI_tooltip_reset_cnt" : "$BTN_RESET Imposta su predefinito",
	"VoidUI_tooltip_steps" : "$BTN_STEP Passi lunghi",
	
	"VoidUI_hudteammate_title" : "Pannelli del Giocatore e della Squadra",
	"VoidUI_hudteammate_desc" : "Opzioni relative ai tuoi pannelli e a quelli della tua squadra",
	"VoidUI_teammate_panels_title" : "Abilita pannelli del giocatore e dei compagni di squadra",
	"VoidUI_teammate_panels_decs" : "Abilita i pannelli personalizzati per il giocatore e i compagni di squadra di Void UI",
	
	"VoidUI_main_panel" : "Pannello Giocatore",	
	"VoidUI_main_scale_title" : "Dimensione pannello giocatore",
	"VoidUI_main_scale_desc" : "La dimensione nel hud del tuo pannello",	
	"VoidUI_main_health_title" : "Mostra valore salute",
	"VoidUI_main_health_desc" : "Il valore della tua salute verrà mostrato.\n\n[Disabilitato: Non mostrare]\n[Percentuale: La precentuale della tua salute attuale/totale]\n[Valore Reale: Il totale di salute che hai attualmente]",
	"VoidUI_main_anim_time_title" : "Durata animazione salute",
	"VoidUI_main_anim_time_desc" : "La durata dell'animazione della salute quando ti curi/subisci danno (in secondi)",
	"VoidUI_armor_title" : "Mostra valore armatura",
	"VoidUI_armor_desc" : "Il valore della tua armatura verrà mostrato.\n\n[Disabilitato: Non mostrare]\n[Percentuale: La precentuale della tua armatura attuale/totale]\n[Valore Reale: Il totale di armatura che hai attualmente]",
	"VoidUI_total_title" : "Munizioni Realistiche",  	    
	"VoidUI_total_decs" : "Mostra quante munizioni hai di scorta invece di mostrare le munizioni totali",	
	"VoidUI_main_loud_title" : "Mostra quante volte puoi finire a terra",  	    
	"VoidUI_main_loud_desc" : "Mostra quante volte puoi cadere a terra prima di venire arrestato (solo in assalto)",
	"VoidUI_main_stealth_title" : "Mostra sacche per cadaveri",  	    
	"VoidUI_main_stealth_desc" : "Mostra le tue sacche per cadaveri rimanenti (solo in furtiva)",	
	"VoidUI_ammo_pickup_title" : "Mostra munizioni raccolte",  	    
	"VoidUI_ammo_pickup_desc" : "Mostra le munizioni che hai raccolto",		
	"VoidUI_main_fg_title" : "Colori Sottofondo",  	    
	"VoidUI_main_fg_desc" : "Il colore dei contorni, del testo delle icone dell'equipaggiamento nel pannello del giocatore",	

	"VoidUI_mate_panel" : "Pannelli Compagni di Squadra",	
	"VoidUI_mate_scale_title" : "Dimensione pannelli compagni di squadra",
	"VoidUI_mate_scale_desc" : "La dimensione dei pannelli dei tuoi compagni di squadra",   
	"VoidUI_mate_health_desc" : "Il valore della salute dei tuoi compagni verrà mostrato.\n\n[Disabilitato: Non mostrare]\n[Percentuale: La precentuale della salute attuale/totale della tua squadra]\n[Valore Reale: Il totale di salute che hanno attualmente]",
	"VoidUI_mate_anim_time_desc" :  "La durata dell'animazione della salute dei tuoi compagni quando si curano/subiscono danno (in secondi)",
	"VoidUI_mate_armor_desc" : "Il valore dell'armatura dei tuoi compagni verrà mostrato.\n\n[Disabilitato: Non mostrare]\n[Percentuale: La precentuale della armatura attuale/totale della tua squadra]\n[Valore Reale: Il totale di armatura che hanno attualmente]",
	"VoidUI_mate_loud_title" : "Mostra quante volte possono cadere a terra",  	    
	"VoidUI_mate_loud_desc" : "Mostra quante volte possono finire a terra prima di venire arrestati (solo in assalto)",
	"VoidUI_mate_stealth_title" : "Mostra rischio di individuazione",  	    
	"VoidUI_mate_stealth_desc" : "Mostra il rischio di inividuazione dei tuoi compagni nella barra della salute (solo in furtiva)",	
	"VoidUI_mate_name_title" : "Mostra infamia e livello del giocatore",  	    
	"VoidUI_mate_name_desc" : "Mostra l'infamia e il livello del giocatore accanto al loro nome",
	"VoidUI_mate_interact_title" : "Tempi di interazione", 
	"VoidUI_mate_interact_desc" : "Mosta il tempo rimanente alle interazioni dei tuoi alleati",	
	"VoidUI_mate_show_title" : "Mostra pannelli compagni di squadra",
	"VoidUI_mate_show_desc" : "Il modo in cui vengono mostrati pannelli dei compagni di squadra \n\n[Nascondi: Non mostrare i pannelli dei tuoi compagni di squadra]\n[Solo Giocatori: Nascondi pannelli della IA]\n[Mostra: Mostra pannelli dei giocatori umani e della IA]",  		
	"VoidUI_fire_auto" : "Auto",
	"VoidUI_fire_semi" : "Semiauto",
	"VoidUI_fire_burst" : "Raffica",
	
	"VoidUI_objectives_title" : "Timer Rapina e Obiettivi",
	"VoidUI_objectives_desc" : "Opzioni relative ai pannelli del Timer Rapina e degli Obiettivi",
	"VoidUI_objectives_scale_title" : "Dimensione Pannello",
	"VoidUI_objectives_scale_desc" : "La dimensione del timer e degli obiettivi della rapina",
	"VoidUI_objectives_show_timer_title" : "Mostra timer Rapina",
	"VoidUI_objectives_show_timer_desc" : "Mostra o nascondi il pannello del timer \n\n[Nascondi: Non mostrare]\n[Nella schermata statistiche: Mostra solo quando la schermata che si apre con tab è aperta]\n[Mostra: Mostra sempre]",
	"VoidUI_timer_panel" : "Timer Rapina",
	"VoidUI_enable_timer_title" : "Abilita pannello timer",
	"VoidUI_enable_timer_desc" : "Abilita il timer personalizzato per la rapina di Void UI",
	"VoidUI_levelname_title" : "Giorno attuale rapina",
	"VoidUI_levelname_desc" : "Mostra il nome del giorno attuale della rapina",
	"VoidUI_ghost_title" : "Mostra icona fantasma",
	"VoidUI_ghost_desc" : "Mostra l'icona di un fantasma sulle rapine che si possono fare furtivamente. Diventa rossa se la furtività non è più un'opzione",
	"VoidUI_loot_title" : "Mostra bottino messo al sicuro",
	"VoidUI_loot_desc" : "Mostra la quantità totale di bottino che hai messo al sicuro durante la rapina",
	"VoidUI_objectives_panel" : "Pannello Obiettivi",
	"VoidUI_enable_objectives_title" : "Abilita pannello obiettivi",
	"VoidUI_enable_objectives_desc" : "Abilita il pannello obiettivi personalizzato di Void UI",
	"VoidUI_objective_history_title" : "Obiettivi precedenti",
	"VoidUI_objective_history_desc" : "Il totale di obiettivi precedenti che possono essere mostrati su schermo",
	"VoidUI_objectives_show_title" : "Mostra pannello obiettivi",
	"VoidUI_objectives_show_desc" : "Mostra o nscondi il pannello degli obiettivi \n\n[Nascondi: Non mostrare]\n[Nella schermata statistiche: Mostra solo quando la schermata che si apre con tab è aperta]\n[Mostra: Mostra sempre]",
	
	"VoidUI_assault_title" : "Pannello assalto",
	"VoidUI_assault_desc" : "Opzioni relative al pannello d'assalto",	
	"VoidUI_enable_assault_title" : "Abilita pannello d'assalto",
	"VoidUI_enable_assault_decs" : "Enable the custom assault panel of Void UI",
	"VoidUI_assault_scale_title" : "Dimensione Pannello",
	"VoidUI_assault_scale_desc" : "La dimensione del pannello d'assalto",
	"VoidUI_badge_title" : "Distintivo di Polizia",
	"VoidUI_badge_desc" : "Mostra l'icona di un distintivo di polizia durante l'assalto",
	"VoidUI_badge_anim_title" : "Animazione pulsazione del distintivo",
	"VoidUI_badge_anim_desc" : "Anima il distintivo con un effetto 'pulsante'",
	"VoidUI_hostages_title" : "Segrega Ostaggi",
	"VoidUI_hostages_desc" : "Mostra gli ostaggi civili e poliziotti in pannelli separati (solo in assalto)",
	"VoidUI_pagers_title" : "Mostra cercapersone rimanenti",
	"VoidUI_pagers_desc" : "Mostra i cercapersone a cui puoi ancora rispondere (solo in furtiva)\nPer far si che questa funzione si attivi correttamente dovrai riavviare la rapina",
	"VoidUI_jammer_title" : "Mostra durata jammer",
	"VoidUI_jammer_desc" : "Mostra la durata della batteria dei jammer piazzati (solo in furtiva)\n\n[Nascondi: Non Mostrare]\n[Primo Piazzato: Quando molteplici jammer sono attivi, mostra il più vecchio]\n[Ultimo Piazzato: Quando molteplici jammer sono attivi, mostra il più recente]",
	
	"VoidUI_chat_clipboard" : "Messaggio copiato sugli appunti",
	"VoidUI_chat_title" : "Chat giocatore",
	"VoidUI_chat_desc" : "Opzioni relative alla chat giocatore",
	"VoidUI_text_chat"	: "Chat",
	"VoidUI_enable_chat_title" : "Abilita Chat",
	"VoidUI_enable_chat_decs" : "Abilita la chat personalizzata di Void UI",
	"VoidUI_chat_scale_title" : "Dimensione Chat",
	"VoidUI_chat_scale_desc" : "Dimensione della chat del giocatore",
	"VoidUI_chat_mouse_title" : "Abilita mouse",
	"VoidUI_chat_mouse_desc" : "Sblocca il mouse quando usi la chat. Con il mouse sbloccato puoi scorrere i messaggi più facilmente e selezionare parti di chat da copiare",
	"VoidUI_charactername_title" : "Mostra Rapinatore",
	"VoidUI_charactername_desc" : "Mostra quale rapinatore sta usando la persona che ha inviato il messaggio",
	"VoidUI_chattime_title" : "Mostra ora",
	"VoidUI_chattime_desc" : "Mostra l'ora a cui è stato spedito il messaggio. \n\n[Nascondi: Non Mostrare]\n[Tempo di Gioco: Il tempo dall'inizio della rapina]\n[Tempo di Sistema: Il tempo reale che mostra il tuo PC]",
	"VoidUI_chat_copy_title" : "Copia messaggi",
	"VoidUI_chat_copy_desc" : "Quale parte del messaggio viene copiato negli appunti quando fai clic con il tasto destro",
	"VoidUI_voice_chat"	: "Chat Vocale",
	"VoidUI_enable_voice_title" : "Abilita il pannello della chat vocale",
	"VoidUI_enable_voice_decs" : "Abilita gli indicatori personalizzati che mostrano quando un giocatore sta parlando di Void UI",
	"VoidUI_voice_scale_title" : "Dimensione indicatori",
	"VoidUI_voice_scale_desc" : "Dimensione degli indicatori di chat",
	"VoidUI_voice_name_title" : "Mostra Nomi",
	"VoidUI_voice_name_desc" : "Mostra nome dell'interlocutore",
	
	"VoidUI_label_title" : "Etichette e Mete",
	"VoidUI_label_desc" : "Opzioni relavtive alle etichette fluttuanti e alle mete",	
	"VoidUI_label" : "Nomina Etichette",
	"VoidUI_enable_labels_title" : "Abilita nomi etichette",
	"VoidUI_enable_labels_desc" : "Abilita nomi etichette personalizzati di Void UI",
	"VoidUI_jokernames_title" : "Etichetta Convertiti",
	"VoidUI_jokernames_desc" : "Aggiungi un nome ai poliziotti convertiti",
	"VoidUI_jokerhealth_title" : "Salute Convertiti",
	"VoidUI_jokerhealth_desc" : "Mostra la salute dei poliziotti convertiti sulla loro etichetta",
	"VoidUI_label_scale_title" : "Dimensione etichetta con nome",
	"VoidUI_label_scale_desc" : "La dimensione dell'etichetta con il nome",
	"VoidUI_label_upper_title" : "Nomi Maiuscoli",
	"VoidUI_label_upper_desc" : "Mostra i nomi completamente in maiuscolo",
	"VoidUI_minlabel_title" : "Etichetta in modalità minimale (minmode)",
	"VoidUI_minlabel_desc" : "L'etichetta del nome diventerà più piccola quando il proprietario è lontano o non lo stai guardando direttamente",
	"VoidUI_label_minscale_title" : "Dimensione etichetta nome in minmode",
	"VoidUI_label_minscale_desc" : "La dimensione dell'etichetta del nome in modalità minimale",
	"VoidUI_minrank_title" : "Mostra infamia e livello in minmode",
	"VoidUI_minrank_desc" : "Mostra l'infamia e il livello del tuo compagnio di squadra quando la sua etihetta è in modalità minimale",
	"VoidUI_mindist_title" : "Distanza Minmode",
	"VoidUI_mindist_desc" : "La distanza alla quale le etichette dovrebbero entrare in modalità minimale (in metri)",
	"VoidUI_mindot_title" : "Disabilita dimensione ad area minmode",
	"VoidUI_mindot_desc" : "In che modo devi guardare un altro giocatore per disabilitare la minmode temporaneamente sulla loro etichetta",
	"VoidUI_waypoints" : "Mete",
	"VoidUI_enable_waypoints_title" : "Abilita Mete",
	"VoidUI_enable_waypoints_desc" : "Abilita mete personalizzate in Void UI",
	"VoidUI_waypoint_scale_title" : "Dimensione Mete",
	"VoidUI_waypoint_scale_desc" : "La dimensione delle icone delle mete e dei marker d'identità",
	"VoidUI_waypoint_radius_title" : "Bilanciamento mete fuori dal campo visivo",
	"VoidUI_waypoint_radius_desc" : "Quanto è lontana l'icona delle mete dal centro dello schermo quando l'obiettivo è fuori dal campo visivo",
	"VoidUI_waypoint_offscreen_title" : "Mostra mete fuori dal raggio visivo",
	"VoidUI_waypoint_offscreen_desc" : "Mostra mete quando sono fuori dal raggio visivo",
	
	"VoidUI_interact_title" : "Interazione e Individuazione",
	"VoidUI_interact_desc" : "Opzioni relative al pannello interazione e al pannello di individuazione in furtiva",
	"VoidUI_interact" : "Pannello interazione",
	"VoidUI_enable_interact_title" : "Abilita pannello interazione",
	"VoidUI_enable_interact_desc" : "Abilita pannello interattivo personalizzato di Void UI",
	"VoidUI_interact_scale_title" : "Dimensione pannello interazione",
	"VoidUI_interact_scale_desc" : "La dimensione del pannello di interazione",
	"VoidUI_interact_y_title" : "Pannello interazione posizione Y ",
	"VoidUI_interact_y_desc" : "La posizione verticale del pannello interazione dal centro dello schermo",
	"VoidUI_interacttime_title" : "Tempo interazione",
	"VoidUI_interacttime_desc" : "Mostra il tempo rimanente per la tua interazione",
	"VoidUI_suspicion" : "Pannello di individuazione",
	"VoidUI_enable_suspicion_title" : "Abilita pannello di individuazione",
	"VoidUI_enable_suspicion_desc" : "Abilita il pannello di individuazione personalizzato di Void UI",
	"VoidUI_suspicion_y_title" : "Pannello individuazione posizione Y",
	"VoidUI_suspicion_y_desc" : "La posizione verticale del pannello di individuazione dal centro dello schermo",
	"VoidUI_suspicion_scale_title" : "Dimensione individuazione",
	"VoidUI_suspicion_scale_desc" : "Dimensione del pannello di individuazione",
		
	"VoidUI_stats_title" : "Schermata Statistiche",
	"VoidUI_stats_desc" : "Opzioni relative alla schermata delle statistiche",
	"VoidUI_enable_stats_title" : "Abilita schermata statistiche",
	"VoidUI_enable_stats_desc" : "Abilita la shermata delle statistiche personalizzata di Void UI",
	"VoidUI_scoreboard_scale_title" : "Dimensione pannello statistiche",
	"VoidUI_scoreboard_scale_desc" : "Dimensione del pannello delle statistiche",
	"VoidUI_blur_title" : "Sfondo sfocato",
	"VoidUI_blur_desc" : "Sfoca lo sfondo quando la schermata delle statistiche è aperta",
	"VoidUI_scoreboard_maxlevel_title" : "Mostra xp quando sei a livello massimo",
	"VoidUI_scoreboard_maxlevel_desc" : "Mostra la barra del esperienza quando sei a livello 100",
	"VoidUI_scoreboard" : "Tabella Punteggio",
	"VoidUI_scoreboard_title" : "Abilita tabella punteggio",
	"VoidUI_scoreboard_desc" : "Aggiungi un tabellone punteggio alla schermata dele statistiche dove puoi vedere le tatistiche tue e della squadra",
	"VoidUI_scoreboard_accuracy_title" : "Mostra accuratezza",
	"VoidUI_scoreboard_accuracy_desc" : "Mostra la tua precisione durante il giorno corrente",
	"VoidUI_scoreboard_delay_title" : "Mostra ritardo scambio",
	"VoidUI_scoreboard_delay_desc" : "Mostra quanto dovresti aspettare per venire scambiato se fossi in prigione",
	"VoidUI_scoreboard_character_title" : "Mostra rapinatore",
	"VoidUI_scoreboard_character_desc" : "Mostra la maschera del rapinatore che si sta utilizzando",
	"VoidUI_scoreboard_skills_title" : "Mostra abilità",
	"VoidUI_scoreboard_skills_desc" : "Mostra il numero di punti abilità spesi in ogni categoria",
	"VoidUI_scoreboard_kills_title" : "Mostra uccisioni",
	"VoidUI_scoreboard_kills_desc" : "Mostra il numero di poliziotti uccisi dal giocatore\n\n[Disabilitato: Non mostrare]\n[Escludi Speciali: Non contare le uccisioni degli speciali come fossero normali]\n[Includi speciali: Conta le uccisioni di speciali come uccisioni normali]",
	"VoidUI_scoreboard_specials_title" : "Mostra uccisioni speciali",
	"VoidUI_scoreboard_specials_desc" : "Mostra le unità speciali uccise dal giocatore",
	"VoidUI_scoreboard_civs_title" : "Mostra civili uccisi",
	"VoidUI_scoreboard_civs_desc" : "Mostra il numero di civili uccisi dal giocatore",
	"VoidUI_scoreboard_downs_title" : "Mostra a terra",
	"VoidUI_scoreboard_downs_desc" : "Mostra il numero di volte che un giocatore è caduto a terra",
	"VoidUI_scoreboard_weapons_title" : "Mostra armi/maschere dei Bot",
	"VoidUI_scoreboard_weapons_desc" : "Mostra l'arma primaria, secondaria (la maschera per i bot), e da corpo a corpo equipaggiata dai giocatori",
	"VoidUI_scoreboard_armor_title" : "Mostra armatura",
	"VoidUI_scoreboard_armor_desc" : "Mostra l'armatura equipaggiata dal giocatore",
	"VoidUI_scoreboard_skins_title" : "Mostra skin armi",
	"VoidUI_scoreboard_skins_desc" : "Mostra le skin applicate alle armi dei giocatori\n\n[Disabilitato: Non mostrare skin armi]\n[Con Rarità: Mostra l'icona della rarità dietro l'arma]\n[Sena Rarità: Non mostrare l'icona dellararità dietro l'arma]",
	"VoidUI_scoreboard_perk_title" : "Mostra abilità/abilità di squadra",
	"VoidUI_scoreboard_perk_desc" : "Mostra la specializzazione e il livello della stessa del giocatore (abilità di squadra per i bot)",
	"VoidUI_scoreboard_playtime_title" : "Mostra ore di gioco/boost squadra",
	"VoidUI_scoreboard_playtime_desc" : "Mostra le ore totali che il giocatore ha su PAYDAY se il profilo e le ore di gioco sono pubblici (abilità di squadra per i bot)",
	"VoidUI_scoreboard_ping_title" : "Mostra latenza/ping",
	"VoidUI_scoreboard_ping_desc" : "Mostra latenza degli altri giocatori",
	"VoidUI_ping_frequency_title" : "Frequenza di aggiornamento latenza",
	"VoidUI_ping_frequency_desc" : "Quanto spesso viene aggiornata la latenza (in secondi)",
	"VoidUI_scoreboard_toggle_title" : "Pulsante di Scambio",
	"VoidUI_scoreboard_toggle_desc" : "Il pulsante che fa cambiare dalla tabella punteggio agli achievement seguiti",
	"VoidUI_scoreboard_downs_no_reset_title" : "Show Total Downs",
	"VoidUI_scoreboard_downs_no_reset_desc" : "Shows the total amount of downs per heist",
	"VoidUI_error" : "Errore di Steam",
	"VoidUI_private" : "Profilo Privato",
	"VoidUI_hidden" : "Tempo di Gioco Nascosto",
	"VoidUI_player" : "Giocatore",
	"VoidUI_kills" : "Uccisioni",
	"VoidUI_specials" : "Speciali",
	"VoidUI_civs" : "Civili",
	"VoidUI_downs" : "A Terra",
	"VoidUI_perk" : "Abilità",
	"VoidUI_playtime" : "Ore di Gioco",
	"VoidUI_ping" : "Ping",
	"VoidUI_nosong" : "NIENTE",
	
	"VoidUI_presenter_title" : "Notifiche",
	"VoidUI_presenter_desc" : "Opzioni relative alle notifiche del HUD",
	"VoidUI_enable_presenter_title" : "Abilita Notifiche Obiettivi",
	"VoidUI_enable_presenter_desc" : "Abilita le notifiche obiettivi personalizzate di Void UI",
	"VoidUI_presenter_scale_title" : "Dimensione pannello notifiche",
	"VoidUI_presenter_scale_desc" : "La dimensione del pannello notifiche degli obiettivi",
	"VoidUI_presenter_buffer_title" : "Obiettivi massimi",
	"VoidUI_presenter_buffer_desc" : "Il numero massimo di notifiche visibili nello stesso momento",
	"VoidUI_presenter_sound_title" : "Disattiva suono Notifiche",
	"VoidUI_presenter_sound_desc" : "Disattiva l'effetto audio quando appaiono suggerimenti e notifiche",
	"VoidUI_presenter_panel" : "Notifiche Obiettivi",
	"VoidUI_hint_panel" : "Notifiche Suggerimenti",
	"VoidUI_enable_hint_title" : "Abilità pannello suggerimenti",
	"VoidUI_enable_hint_desc" : "Abilita il pannello personalizzato dei suggerimenti di Void UI",
	"VoidUI_hint_scale_title" : "Dimensione Testo",
	"VoidUI_hint_scale_desc" : "Dimensione del testo dei suggerimenti",
	"VoidUI_hint_anim_title" : "Animazione suggerimenti",
	"VoidUI_hint_anim_desc" : "Anima i suggerimenti con un effetto 'jump out'",
	"VoidUI_hint_color_title" : "Color Hints",
	"VoidUI_hint_color_desc" : "Color teammate names in hints",
	"VoidUI_vape_hints_title" : "Notifiche Coppia",
	"VoidUI_vape_hints_desc" : "Mostra un notifica quando tagghi/vieni taggato dalla specializzazione Coppia. Inoltre aggiunge un contorno per un paio di secondi",	
	"VoidUI_challanges_panel" : "Notifiche Sfide",
	"VoidUI_enable_challanges_title" : "Abilita notifiche sfide",
	"VoidUI_enable_challanges_desc" : "Abilita le notifiche sfide personalizzate di Void UI",
	"VoidUI_hint_challanges_desc" : "La dimensione dei pannelli notifiche sfide",
	
	"VoidUI_tag_team_owner" : "Hai taggato $NAME!",
	"VoidUI_tag_team_owner_joker" : "Hai taggato il convertito di $NAME!",
	"VoidUI_tag_team_tagged" : "$NAME ti ha taggato!",
	
	"VoidUI_subtitles_title" : "Sottotitoli",
	"VoidUI_subtitles_desc" : "Opzioni relative ai sottotitoli",
	"VoidUI_enable_subtitles_title" : "Abilità sottotitoli",
	"VoidUI_enable_subtitles_desc" : "Abilità i sottotitoli predefiniti di Void UI",
	"VoidUI_subtitle_scale_title" : "Dimensione Sottotitoli",
	"VoidUI_subtitle_scale_desc" : "La dimensione dei sottotitoli",
	"VoidUI_subtitles_bg_title" : "Stile Sfondo",
	"VoidUI_subtitles_bg_desc" : "Lo stile dello sfondo dei sottotitoli\n\n[Disabilitato: Nessuno sfondo]\n[Ombra: Aggiunge un ombra ai sottotitoli]\n[Colore Solido: I sottotitoli hanno uno sfondo]",
	
	"VoidUI_blackscreen_title" : "Intro rapina e Schermate di Caricamento",
	"VoidUI_blackscreen_desc" : "Opzioni relative all'intro della rapina (schermo nero) e alle schermate di caricamento",
	"VoidUI_blackscreen" : "Intro Rapina",
	"VoidUI_enable_blackscreen_title" : "Abilita intro rapina",
	"VoidUI_enable_blackscreen_desc" : "Abilita la intro rapina personalizzata (schermo nero) di Void UI",
	"VoidUI_blackscreen_map_title" : "Mostra giorno attuale",
	"VoidUI_blackscreen_map_desc" : "Mostra il giorno attuale della rapina",
	"VoidUI_blackscreen_risk_title" : "Mostra nome difficoltà",
	"VoidUI_blackscreen_risk_desc" : "Mostra il nome della difficoltà a cui stai giocando",
	"VoidUI_blackscreen_skull_title" : "Mostra i teschi della difficoltà",
	"VoidUI_blackscreen_skull_desc" : "Mostra le icone dei teschi in base alla difficoltà a cui stai giocando",
	"VoidUI_blackscreen_linger_title" : "Effetto 'Dissolvenza' nell'intro",
	"VoidUI_blackscreen_linger_desc" : "Aggiunge l'effetto dissolvenza allo schermo nero all'inizio della rapina",
	"VoidUI_blackscreen_time_title" : "Salta intro",
	"VoidUI_blackscreen_time_desc" : "Per quanto tempo devi tenere premuto Invio per saltare l'intro",
	"VoidUI_skip_blackscreen"	:	"Premi $BTN_ACCEPT per saltare",
	"VoidUI_loading_others"		:	"E altri $PLAYERS",
	"VoidUI_loading" : "Schermate di Caricamento",
	"VoidUI_enable_loadingscreen_title" : "Abilita schermate di caricamento",
	"VoidUI_enable_loadingscreen_desc" : "Abilita le schermate di caricamento personalizzate di Void UI",
	"VoidUI_loading_heistinfo_title" : "Informazioni rapina",
	"VoidUI_loading_heistinfo_desc" : "Mostra informazioni riguardo alla rapina come il nome, il contratto e la difficoltà selezionata",
	"VoidUI_loading_players_title" : "Giocatori connessi",
	"VoidUI_loading_players_desc" : "Mostra il nome del giocatore connessi",
	"VoidUI_loading_briefing_title" : "Informazioni rapina",
	"VoidUI_loading_briefing_desc" : "Mostra informazioni del cotratto per la rapina",

	"VoidUI_joining_title" : "Giocatori che si uniscono",
	"VoidUI_joining_desc" : "Opzioni relative al pannello dei giocatori che si uniscono durante la rapina",
	"VoidUI_enable_joining_title" : "Abilità pannello dei giocatori che si uniscono",
	"VoidUI_enable_joining_desc" : "Abilita il pannello dei giocatori che si uniscono personalizzato di Void UI",
	"VoidUI_joining_rank_desc" : "Mostra il livello e l'infamia del giocatore che si sta unendo",
	"VoidUI_joining_time_title" : "Mostra tempo rimanente",
	"VoidUI_joining_time_desc" : "Mostra il tempo stimato per l'unione di un giocatore",
	"VoidUI_joining_border_title" : "Pannello d'unione animato",
	"VoidUI_joining_border_desc" : "Il pannello utilizzerà il colore del giocatore che si sta unendo",
	"VoidUI_joining_anim_title" : "Animazione Pannello",
	"VoidUI_joining_anim_desc" : "Lo stile di animazione del pannello\n\n[Statico: Non animato]\n[Rotazione: Il pannello ruota leggermente a sinistra o a destra]\n[Pulsazione: Il pannello si ingrandisce e diminuisce lentamente]\n[Rotazione e Pulsazione: Il pannello ruota e pulsa allo stesso tempo]",
	"VoidUI_joining_mods_title" : "Mostra Mods installate",
	"VoidUI_joining_mods_desc" : "Mostra le mods installate del giocatore che si sta unendo",
	"VoidUI_joining_mods_scale_title" : "Dimensione Mods",
	"VoidUI_joining_mods_scale_desc" : "Dimesione del pannello delle mod installate",
	"VoidUI_joining_drawing_title" : "Abilita Disegni",
	"VoidUI_joining_drawing_desc" : "Ti lascia disegnare nella schermata di unione tenendo premuto Ctrl + Tasto Sinistro del Mouse",
	
	"VoidUI_disabled" : "Nascondi",
	"VoidUI_ecm_first" : "Primo piazzato",
	"VoidUI_ecm_last" : "Ultimo piazzato",
	"VoidUI_health_percentage" : "Percentuale",
	"VoidUI_health_real" : "Valore Reale",
	"VoidUI_gametime" : "Tempo di Gioco",
	"VoidUI_realtime" : "Tempo del Sistema",
	"VoidUI_disable" : "Disabilitato",
	"VoidUI_chat_message" : "Messaggio solo al giocatore",
	"VoidUI_chat_name" : "Giocatore: messaggio",
	"VoidUI_chat_character" : "Rapinatore: messaggio",
	"VoidUI_chat_name_character" : "Giocatore (rapinatore): messaggio",
	"VoidUI_assault_lines_30sec" : "Light",
	"VoidUI_assault_lines_every10sec" : "Predefinito",
	"VoidUI_nonspecial" : "Escludi speciali",
	"VoidUI_withspecial" : "Includi speciali",
	"VoidUI_rarity" : "Con rarità",
	"VoidUI_norarity" : "Senza rarità",
	"VoidUI_on_scoreboard"	:"Sulla tabella",
	"VoidUI_show" : "Mostra",
	"VoidUI_subtitles_shadow" : "Ombra",
	"VoidUI_subtitles_fill" : "Colore Solido",
	"VoidUI_jump" : "Tasto Salto",
	"VoidUI_crouch" : "Tasto Accucciato",
	"VoidUI_rmb" : "Tasto Destro",
	"VoidUI_joining_anim_off" : "Statico",
	"VoidUI_joining_anim_rot" : "Rotazione",
	"VoidUI_joining_anim_grow" : "Pulsazione",
	"VoidUI_joining_anim_full" : "Rotazione e Pulsazione",
	"VoidUI_red" : "ROSSO",
	"VoidUI_green" : "VERDE",
	"VoidUI_blue" : "BLU",
	"VoidUI_not_ai" : "Solo Giocatore"
	
}
