{"Stealth":{"assets":[{"type":"kenaz_guitar_case_position","index":3,"id":101813},{"type":"kenaz_disable_metal_detectors","index":1,"id":101849},{"type":"kenaz_unlocked_doors","index":1,"id":101865},{"type":"kenaz_celebrity_visit","index":1,"id":102027}],"votes":[{"type":"kenaz_silent_entry","index":1},{"type":"kenaz_van_escape","index":1}]},"Alfa":{"assets":[{"type":"kenaz_guitar_case_position","id":101813,"index":4},{"type":"spycam","id":101884,"index":1},{"type":"spycam","id":101883,"index":5},{"type":"kenaz_celebrity_visit","id":102027,"index":1}],"votes":[{"type":"kenaz_silent_entry","index":1},{"type":"kenaz_van_escape","index":1}]}}