{"DamageIndicator":{"FRIENDLY_FIRE_COLOR":"orange","HEALTH_COLOR":"red","MAX_AMOUNT":10,"ENABLED":true,"VEHICLE_COLOR":"yellow","DURATION":2,"CRIT_COLOR":"purple","SIZE":150,"SHIELD_COLOR":"gray"},"DamagePopup":{"LINUXCOMPAT":true},"HUDList":{"right_list_bg_alpha":1,"enemy_color":"white","buff_list_x_offset":2,"ORIGNIAL_HOSTAGE_BOX":false,"sniper_color":"white","spooc_color":"white","right_list_progress_alpha":0.4,"list_color_bg":"black","civilian_color":"white","shield_color":"white","bodybags_color":"white","jokers_color":"white","pagers_color":"white","left_list_color":"white","turret_color":"white","minions_info_color":"white","tank_color":"white","buff_icon_color_standard":"white","BUFF_LIST":{"TECHNICIAN_BUFFS":{"lock_n_load":false},"MASTERMIND_BUFFS":{"partner_in_crime":false,"aggressive_reload_aced":false,"combat_medic":false,"uppers":true,"painkiller":true,"inspire_debuff":false,"inspire":false,"hostage_taker":false,"quick_fix":false,"forced_friendship":false,"inspire_revive_debuff":true,"combat_medic_passive":false,"ammo_efficiency":false},"total_dodge_chance":true,"melee_damage_increase":false,"damage_increase":false,"PERK_BUFFS":{"tooth_and_claw":false,"armor_break_invulnerable_debuff":true,"pocket_ecm_kill_dodge":true,"ammo_give_out_debuff":false,"muscle_regen":false,"copr_ability":true,"life_drain_debuff":false,"armor_break_invulnerable":true,"medical_supplies_debuff":false,"copycat_health_shot":true,"chico_injector":false,"yakuza":false,"tag_team":false,"delayed_damage":false,"smoke_screen_grenade":false,"biker":false,"armorer":false,"overdog":false,"pocket_ecm_jammer":false,"sociopath_debuff":false,"sicario_dodge":false,"damage_control_debuff":true,"copycat_health_invul":true,"close_contact":false,"melee_stack_damage":false,"maniac":false,"hostage_situation":false,"crew_chief":false,"anarchist_armor_recovery_debuff":false,"grinder":false},"GHOST_BUFFS":{"old_sixth_sense":false,"dire_need":false,"sixth_sense":false,"unseen_strike":true,"second_wind":true},"show_buffs":true,"AI_SKILLS":{"crew_health_regen":false,"crew_inspire_debuff":false,"crew_throwable_regen":false},"GAGE_BOOSTS":{"life_steal_debuff":false,"invulnerable_buff":false},"damage_reduction":false,"PLAYER_ACTIONS":{"anarchist_armor_regeneration":false,"reload":false,"interact":false,"weapon_charge":false,"melee_charge":false,"standard_armor_regeneration":false},"ENFORCER_BUFFS":{"bullseye_debuff":false,"die_hard":false,"underdog":false,"bulletproof":false,"overkill":false,"bullet_storm":true},"FUGITIVE_BUFFS":{"desperado":false,"bloodthirst_basic":true,"running_from_death":false,"swan_song":false,"bloodthirst_aced":false,"berserker":true,"frenzy":false,"up_you_go":false,"trigger_happy":false,"messiah":false},"passive_health_regen":false},"buff_icon_color_buff":"white","RIGHT_LIST":{"show_minion_count":false,"show_turrets":false,"show_cam_count":false,"aggregate_enemies":false,"show_aggregate_and_total":false,"show_loot":true,"show_corpse_count":false,"show_pager_count":true,"show_special_pickups":false,"aggregate_hostages":false,"show_hostages":false,"SHOW_PICKUP_CATEGORIES":{"crowbar":true,"valuables":true,"planks":true,"gage_packages":true,"mission_pickups":false,"keycard":true,"collectables":false},"show_enemies":false,"show_civilians":false,"separate_bagged_loot":true,"show_potential_loot":false,"aggregate_loot":false,"show_bodybags_count":false},"cam_color":"green","ENABLE_BG":false,"tape_loop_color":"white","medic_color":"white","thug_color":"white","ecm_feedback_color":"white","buff_list_progress_alpha":1,"ecms_color":"white","left_list_height_offset":60,"LEFT_LIST":{"show_timers":true,"show_tape_loop":false,"show_jokers_health_bar":true,"show_jokers_kill_counter":false,"show_pagers":true,"show_own_minions_only":true,"show_doc_bags":false,"show_body_bags":false,"show_grenade_crates":false,"show_ecms":true,"show_ecm_retrigger":true,"show_first_aid_kits":false,"show_ammo_bags":false,"show_sentries":false,"show_minions":true},"timers_color":"white","phalanx_color":"white","special_color":"white","left_list_scale":1,"list_color":"white","buff_icon_color_debuff_fix":"debuff","loot_color":"white","special_items_color":"white","mui_buff_fix":false,"corpse_color":"white","equipment_color":"white","left_list_color_bg":"black","ENABLED":true,"buff_icon_color_team_fix":"team","guard_color":"white","pagers_timer_color":"white","buff_list_scale":1,"left_list_bg_alpha":1,"left_list_progress_alpha":0.4,"right_list_height_offset":50,"taser_color":"white","right_list_scale":1,"buff_list_height_offset":90,"PD2StyleBox":true},"INVENTORY":{"CONFIRM_DIALOGS":false,"crnt_align":false,"crnt_colorize":false,"crnt_size":0.9,"SHOW_EMPTY_LOBBY2":true,"CUSTOM_TAB_NAMES":{"secondaries":["","","","","","","","","","","","","","","","","","","","","","","","","","","","","","","","","","","","","","","","","","","","","","","","","","","","","","","","","","","","","","","","","","","","","","","","","","","","","","","",""],"masks":["","","","","","","","","","","","","","","","","","","","","","","","","","","","","","","","","","","","","","","","","","","","","","","","","","","","","","","","","","","","","","","","","","","","","","","","","","","","","","","",""],"primaries":["SPECIALS","STEALTH","=== SMG ===","=== SNIPER ===","=== LMG ===","=== AR ===","=== SG ===","","","","","","","","","","","","","","","","","","","","","","","","","","","","","","","","","","","","","","","","","","","","","","","","","","","","","","","","","","","","","","","","","","","","","","","","",""],"melee_weapons":["","","","","","","","","","","","","","","","","","","","","","","","","","","","","","","","","","","","","","","","","","","","","","","","","","","","","","","","","","","","","","","","","","","","","","","","","","","","","","","",""]},"HiDE_CONTENT_NEWS":false,"SHOW_WEAPON_NAMES":false,"SHOW_SILENT_WEAPONS":true,"SHOW_SKILL_NAMES":true,"FastNETENABLED":true,"SHOW_REDUCTION":true,"SAVE_FILTERS":true,"USE_REAL_WEAPON_NAMES":false,"SHOW_WEAPON_MINI_ICONS":false,"FASTNETSTANDARDSCENE":false,"FastNetSortHeistsA":false,"crnt_sort":true,"SHOW_CUSTOM_INVENTORY_PAGES_NAMES":true,"SHOW_EMPTY_LOBBY":false,"SHOW_HEAT":true},"EQUIPMENT":{"SENTRY_AUTO_AP":true,"SHAPED_CHARGE_STEALTH_DISABLED":true,"ECM_FEEDBACK_STEALTH_DISABLED":false,"REPLACE_JOKER":false,"ENABLE_BURSTMODE":false,"KEYCARD_DOORS_DISABLED":false},"LOBBY_SETTINGS":{"team_ai_option":1,"difficulty":"normal","reputation_permission":0,"one_down":false,"kick_option":1,"team_ai":true,"permission":"private","drop_in_option":3,"auto_kick":true,"job_plan":2},"SkipIt":{"STAT_SCREEN_SPEEDUP":true,"INSTANT_RESTART":true,"NO_SLOWMOTION":true,"AUTOPICK_CARD_SPECIFIC":4,"SKIP_BLACKSCREEN":true,"LOOT_SCREEN_DELAY":3,"STAT_SCREEN_DELAY":5,"AUTOPICK_CARD":true},"AssaultBanner":{"MUI_ASSAULT_FIX":false,"USE_CENTER_ASSAULT":false,"HIDE_CASING_MODE_PANEL":false,"WAVE_COUNTER":true,"USE_ADV_ASSAULT":true},"LANGUAGE":"english","GADGETS":{"flashlight":{"player":{"rainbow":{"frequency":0.25,"enabled":false},"light":{"b":1,"angle":60,"brightness":1,"r":1,"enabled":true,"range":10,"g":1},"pulse":{"max":2,"enabled":false,"min":0.5,"frequency":0.25}},"team":{"rainbow":{"frequency":0.25,"enabled":false},"light":{"b":1,"angle":60,"brightness":1,"r":1,"enabled":true,"range":10,"g":1},"pulse":{"max":2,"enabled":false,"min":0.5,"frequency":0.25}}},"SHOW_ANGELED_SIGHT":true,"laser":{"player":{"pulse":{"max":2,"enabled":false,"min":0.5,"frequency":0.25},"rainbow":{"frequency":0.25,"enabled":false},"glow":{"b":0,"match_beam":true,"r":0,"a":0.02,"g":1},"dot":{"b":0,"match_beam":true,"r":0,"a":1,"g":1},"beam":{"b":0,"r":0,"enabled":false,"a":0.15,"g":1}},"turret_module_mad":{"pulse":{"max":2,"enabled":false,"min":0.5,"frequency":0.25},"rainbow":{"frequency":0.25,"enabled":false},"glow":{"b":0,"match_beam":true,"r":0,"a":0.02,"g":1},"dot":{"b":0,"match_beam":true,"r":0,"a":1,"g":1},"beam":{"b":0,"r":0,"enabled":true,"a":0.15,"g":1}},"team_sentry":{"pulse":{"max":2,"enabled":false,"min":0.5,"frequency":0.25},"rainbow":{"frequency":0.25,"enabled":false},"glow":{"b":0,"match_beam":true,"r":0,"a":0.02,"g":1},"dot":{"b":0,"match_beam":true,"r":0,"a":1,"g":1},"beam":{"b":0,"r":0,"enabled":true,"a":0.05,"g":1}},"player_sentry":{"pulse":{"max":2,"enabled":false,"min":0.5,"frequency":0.25},"rainbow":{"frequency":0.25,"enabled":false},"glow":{"b":0,"match_beam":true,"r":0,"a":0.02,"g":1},"dot":{"b":0,"match_beam":true,"r":0,"a":1,"g":1},"beam":{"b":0,"r":0,"enabled":true,"a":0.05,"g":1}},"turret_module_rearming":{"pulse":{"max":2,"enabled":false,"min":0.5,"frequency":0.25},"rainbow":{"frequency":0.25,"enabled":false},"glow":{"b":0,"match_beam":true,"r":1,"a":0.02,"g":1},"dot":{"b":0,"match_beam":true,"r":1,"a":1,"g":1},"beam":{"b":0,"r":1,"enabled":true,"a":0.11,"g":1}},"cop_sniper":{"pulse":{"max":2,"enabled":false,"min":0.5,"frequency":0.25},"rainbow":{"frequency":0.25,"enabled":false},"glow":{"b":0,"match_beam":true,"r":1,"a":0.02,"g":0},"dot":{"b":0,"match_beam":true,"r":1,"a":1,"g":0},"beam":{"b":0,"r":1,"enabled":true,"a":0.15,"g":0}},"turret_module_active":{"pulse":{"max":2,"enabled":false,"min":0.5,"frequency":0.25},"rainbow":{"frequency":0.25,"enabled":false},"glow":{"b":0,"match_beam":true,"r":1,"a":0.02,"g":0},"dot":{"b":0,"match_beam":true,"r":1,"a":1,"g":0},"beam":{"b":0,"r":1,"enabled":true,"a":0.15,"g":0}},"team":{"pulse":{"max":2,"enabled":false,"min":0.5,"frequency":0.25},"rainbow":{"frequency":0.25,"enabled":false},"glow":{"b":0,"match_beam":true,"r":0,"a":0.02,"g":1},"dot":{"b":0,"match_beam":true,"r":0,"a":1,"g":1},"beam":{"b":0,"r":0,"enabled":true,"a":0.05,"g":1}}},"LASER_AUTO_ON":true},"EnemyHealthbar":{"IGNORE_CIVILIAN_HEALTH":true,"SHOW_POINTER":false,"ENABLED":false,"ENEMY_HEALTH_VERTICAL_OFFSET":110,"SCALE":75,"ENEMY_HURT_COLOR":"orange","SHOW_MULTIPLIED_ENEMY_HEALTH":true,"ENEMY_HEALTH_HORIZONTAL_OFFSET":0,"SHOW_VEHICLE":false,"ENABLED_ALT":true,"ENEMY_KILL_COLOR":"red","IGNORE_TEAM_AI_HEALTH":true,"ENEMY_TEXT_SIZE":30},"HUDChat":{"CHAT_WAIT_TIME":10,"HEIGHT":100,"COLORED_BG":true,"SCROLLBAR_ALIGN":2,"USE_MOUSE":true,"MAX_OUTPUT_LINES":8,"WIDTH":380,"X_POS_FIX":0,"MAX_INPUT_LINES":5,"ENABLED":true,"Y_POS":112,"SPAM_FILTER":true,"LINE_HEIGHT":15,"HEISTTIMER":true},"CrewLoadout":{"SHOW_ON_STATS_PANEL":false,"REPLACE_PROFILE_MENU":true,"ENABLE_PEER_PING":true,"SHOW_IN_CS_LOBBY":true,"REPLACE_IN_BRIEFING":true,"SHOW_IN_LOBBY":true},"DrivingHUD":{"SHOW_HEALTH":false,"SPEED_IN_MPH":false,"ENABLED":true,"SHOW_SPEED":true,"SCALE":1,"SHOW_LOOT":false,"SHOW_VEHICLE":false,"SHOW_GEAR":false,"SHOW_RPM":false,"SHOW_PASSENGERS":true},"TabStats":{"COLOR":"rainbow","SHOW_LOOT_NUMBERS":true,"ENABLED":false,"FONT_SIZE":18,"SHOW_MASK":false,"CLOCK_MODE":4},"MISCHUD":{"ENABLE_TIME_LEFT":true,"SWAN_SONG_EFFECT":true,"KINGPIN_EFFECT":true,"INSPIRE_HINT":false,"SCALE":1,"HEADSHOT":true,"SUB":false,"SUB_HEIGHT":600,"SHOOT_THROUGH_BOTS":true,"SHUFFLE_MUSIC":false,"ENABLE_IFBG":false,"JOKER_CONTOUR_NEW":false,"MASK_INSTRUCT":true},"INTERACTION":{"SHOW_LOCK_INDICATOR":true,"SHOW_RELOAD":false,"LOCK_MODE":5,"HOLD2PICK":true,"TIMER_SCALE":1,"SHOW_TIME_REMAINING_OUTLINE":true,"SHOW_MELEE":false,"CUSTOM_HUDS_SUPPORT":false,"SHOW_CIRCLE":true,"DRILL_ICONS_X_POS":0,"TEXT_SCALE":0.8,"GRADIENT_COLOR_START":"white","CIRCLE_SCALE":0.8,"DRILL_ICONS_SCALE":0.8,"DRILL_ICONS_Y_POS":90,"HIDEBAGVALUE":false,"HIDEINTERACTIONINSTRUCTIONS":true,"MIN_TIMER_DURATION":5,"DRILL_ICONS":false,"EQUIPMENT_PRESS_INTERRUPT":true,"SHOW_INTERRUPT_HINT":false,"SUPRESS_NADES_STEALTH":false,"GRADIENT_COLOR":"light_green","RESTORATION":true,"SHOW_TIME_REMAINING":false},"HUDSuspicion":{"ENABLED":true,"SCALE":0.8,"SHOW_PACIFIED_CIVILIANS":true,"SHOW_PERCENTAGE":false,"SHOW_PACIFIED_CIVILIANS_ALT_ICON":false,"SHOW_PACIFIED_CIVILIANS_WOLFDEFAULT":true,"CUSTOM_HUDS_SUPPORT":false,"REMOVE_ANSWERED_PAGER_CONTOUR":true,"SHOW_PERCENTAGE_OUTLINE":true,"SHOW_BARS":true},"DamagePopupNew":{"SHOW_DAMAGE_PER_HIT":true,"SCALE_ALT":1,"SKULL_ALIGN":1,"SKULL_SCALE":1.2,"ALPHA":1,"FATAL_HIT_CHG_PER_TICK":0.5,"DAMAGE_VERT_OFFSET":60,"SHOW_DAMAGE_POPUP_ALT":false,"HEIGHT":20,"SCALE":50,"DISPLAY_MODE":3,"GLOW_COLOR":"red","DAMAGE_KILL_FLASH_SPD":4,"COLOR":"white","HEADSHOT_COLOR":"yellow","DURATION":3.5,"SHOW_RAINBOW_POPUPS":false,"CRITICAL_COLOR":"light_purple","HIT_CHG_PER_TICK":0.1},"CustomHUD":{"HUD_SCALE":1,"VanillaCustom":true,"ENABLED":false,"PLAYER":{"CURRENT_HPS_TIMEOUT":5,"DOWNCOUNTER":false,"NAME":false,"BULLETSTORM":true,"OPACITY":0.85,"POSITION":2,"SHOW_ACCURACY":false,"STATUS":true,"HPALPHA":0.75,"TRUNCATE_TAGS":false,"CARRY":true,"SCALE":1,"HPS_REFRESH_RATE":1,"SHOW_HPS_CURRENT":true,"INSPIRE":true,"STAMINA":false,"SHOW_HP_AP_NUM":false,"NEWDOWNCOUNTER":true,"KILLCOUNTER":{"SHOW_SPECIAL_KILLS":false,"HIDE":true,"COLOR":"gray","SHOW_HEADSHOT_KILLS":false},"CHARACTER":false,"EQUIPMENT":true,"CALLSIGN":false,"DETECTIONCOUNTER":true,"WEAPON":{"FIREMODE":2,"AMMO":4,"ICON":4,"NAME":1},"UNDERDOG":false,"SPECIAL_EQUIPMENT":true,"APALPHA":0.75,"CONDITION_ICON_COLOR":"white","SPECIAL_EQUIPMENT_ROWS":3,"HPS_METER":false,"RANK":true,"ARMOR":false,"SHOW_HPS_TOTAL":true},"WolfENABLED":false,"ENABLED_ENHANCED_OBJECTIVE":false,"DisableBlend":false,"HUDTYPE":2,"TEAMMATE":{"APALPHA":0.75,"DOWNCOUNTER":false,"SHOW_HP_AP_NUM":false,"NAME":true,"NEWDOWNCOUNTER":false,"POSITION":1,"BUILD":{"DURATION":15,"HIDE":false},"LATENCY":false,"STATUS":true,"CHARACTER":false,"EQUIPMENT":true,"HPALPHA":0.75,"CALLSIGN":false,"DETECTIONCOUNTER":true,"TRUNCATE_TAGS":false,"CARRY":true,"SCALE":0.8,"SPECIAL_EQUIPMENT":true,"KILLCOUNTER":{"SHOW_HEADSHOT_KILLS":false,"COLOR":"gray","SHOW_SPECIAL_KILLS":false,"HIDE":true,"SHOW_BOT_KILLS":false},"INTERACTION":{"MIN_DURATION":1,"NUMBER":false,"HIDE":false,"TEXT":false},"WEAPON":{"FIREMODE":1,"AMMO":4,"ICON":4,"NAME":1},"SPECIAL_EQUIPMENT_ROWS":3,"RANK":true,"AI_COLOR":{"COLOR":"white","USE":false},"CONDITION_ICON_COLOR":"white","OPACITY":0.85}},"CustomWaypoints":{"ENABLE_JOKER_FLOATING_KILLS":true,"ENABLE_JOKER_FLOATING_HP":true,"SHOW_GRENADE_CRATE":false,"SHOW_SPECIAL_EQUIPMENT":false,"WAYPOINTS_SCALE":1,"SHOW_ECMS":false,"SHOW_PAGER":false,"LOOT":{"ANGLE":25,"ICON":true,"OFFSET":15,"SHOW":false,"BAGGED_OFFSET":30},"SHOW_DOC_BAG":true,"SHOW_AMMO_BAG":false,"WAYPOINTS_COLOR_ENABLE":true,"ENABLE_JOKER_FLOATING_NAME":true,"SHOW_BODY_BAG":false,"SHOW_TIMERS":false,"WAYPOINTS_COLOR":"white","SHOW_SENTRIES":false,"SHOW_MINIONS":true,"SHOW_FIRST_AID_KIT":false}}