{"DamageIndicator":{"FRIENDLY_FIRE_COLOR":"orange","HEALTH_COLOR":"red","MAX_AMOUNT":10,"ENABLED":true,"VEHICLE_COLOR":"yellow","DURATION":2,"CRIT_COLOR":"purple","SIZE":150,"SHIELD_COLOR":"gray"},"DamagePopup":{"HEIGHT":20,"SCALE":1,"DISPLAY_MODE":2,"ALPHA":1,"COLOR":"gray","CRITICAL_COLOR":"red","DURATION":3,"HEADSHOT_COLOR":"yellow","SKULL_SCALE":1.2,"SKULL_ALIGN":1},"HUDList":{"thug_color":"white","enemy_color":"white","buff_list_progress_alpha":1,"LEFT_LIST":{"show_timers":true,"show_tape_loop":false,"show_pagers":true,"show_own_minions_only":false,"show_doc_bags":false,"show_body_bags":false,"show_grenade_crates":false,"show_ecms":true,"show_ecm_retrigger":true,"show_first_aid_kits":false,"show_ammo_bags":false,"show_sentries":false,"show_minions":true},"buff_list_scale":1,"special_color":"white","left_list_scale":1,"list_color_bg":"black","civilian_color":"white","RIGHT_LIST":{"show_minion_count":false,"show_turrets":false,"show_cam_count":false,"aggregate_enemies":false,"aggregate_loot":false,"show_loot":true,"show_corpse_count":false,"show_pager_count":true,"show_special_pickups":true,"aggregate_hostages":false,"show_hostages":false,"SHOW_PICKUP_CATEGORIES":{"mission_pickups":false,"valuables":true,"collectables":false},"show_enemies":false,"separate_bagged_loot":true,"show_potential_loot":false,"show_civilians":false,"show_bodybags_count":false},"ENABLED":true,"left_list_progress_alpha":0.4,"timers_in_seconds":true,"BUFF_LIST":{"TECHNICIAN_BUFFS":{"lock_n_load":false},"damage_reduction":false,"melee_damage_increase":false,"PERK_BUFFS":{"tooth_and_claw":false,"grinder":false,"pocket_ecm_kill_dodge":true,"ammo_give_out_debuff":false,"muscle_regen":false,"life_drain_debuff":false,"armor_break_invulnerable":true,"medical_supplies_debuff":false,"yakuza":false,"tag_team":false,"pocket_ecm_jammer":false,"biker":false,"armorer":false,"smoke_screen_grenade":false,"delayed_damage":false,"sociopath_debuff":false,"sicario_dodge":false,"overdog":false,"close_contact":false,"chico_injector":false,"melee_stack_damage":false,"maniac":false,"hostage_situation":false,"crew_chief":false,"damage_control_debuff":true,"anarchist_armor_recovery_debuff":false},"damage_increase":false,"GHOST_BUFFS":{"dire_need":false,"sixth_sense":false,"unseen_strike":true,"second_wind":false},"show_buffs":true,"AI_SKILLS":{"crew_health_regen":false,"crew_inspire_debuff":false,"crew_throwable_regen":false},"GAGE_BOOSTS":{"life_steal_debuff":false,"invulnerable_buff":false},"MASTERMIND_BUFFS":{"partner_in_crime":false,"aggressive_reload_aced":false,"combat_medic":false,"uppers":true,"painkiller":true,"inspire_debuff":false,"inspire":false,"hostage_taker":false,"quick_fix":false,"forced_friendship":false,"inspire_revive_debuff":true,"combat_medic_passive":false,"ammo_efficiency":false},"total_dodge_chance":false,"ENFORCER_BUFFS":{"bullseye_debuff":false,"die_hard":false,"underdog":false,"bulletproof":false,"overkill":false,"bullet_storm":true},"FUGITIVE_BUFFS":{"desperado":false,"bloodthirst_basic":true,"running_from_death":false,"swan_song":false,"bloodthirst_aced":false,"berserker":true,"frenzy":false,"up_you_go":false,"trigger_happy":false,"messiah":false},"passive_health_regen":false},"right_list_scale":1,"right_list_progress_alpha":0.4,"list_color":"white"},"MOD_OVERRIDES":{"fed_inv":true},"INVENTORY":{"USE_REAL_WEAPON_NAMES":false,"SHOW_SKILL_NAMES":true,"SHOW_WEAPON_NAMES":false,"SHOW_WEAPON_MINI_ICONS":false,"SHOW_CONTRACTOR_JOB_HEAT":true,"CUSTOM_TAB_NAMES":{"secondaries":["","","","","","","","","","","","","","","","","","","",""],"masks":["","","","","","","","","","","","","","","","","","","",""],"primaries":["","","","","","","","","","","","","","","","","","","",""],"melee_weapons":["","","","","","","","","","","","","","","","","","","",""]}},"EQUIPMENT":{"SENTRY_AUTO_AP":true,"SHAPED_CHARGE_STEALTH_DISABLED":true,"ECM_FEEDBACK_STEALTH_DISABLED":false,"ENABLE_BURSTMODE":false,"KEYCARD_DOORS_DISABLED":false},"AssaultBanner":{"USE_ADV_ASSAULT":true,"POSITION":3},"LANGUAGE":"english","LOBBY_SETTINGS":{"team_ai_option":1,"difficulty":"sm_wish","reputation_permission":0,"one_down":true,"kick_option":1,"team_ai":true,"permission":"friends_only","drop_in_option":1,"auto_kick":true,"job_plan":-1},"EnemyHealthbar":{"ENABLED":true,"SHOW_POINTER":false,"SHOW_CIVILIAN":false,"SHOW_VEHICLE":false},"HUDChat":{"WIDTH":380,"LINE_HEIGHT":15,"MAX_INPUT_LINES":5,"SPAM_FILTER":true,"COLORED_BG":true,"SCROLLBAR_ALIGN":2,"CHAT_WAIT_TIME":10,"MAX_OUTPUT_LINES":8},"CrewLoadout":{"SHOW_ON_STATS_PANEL":false,"REPLACE_PROFILE_MENU":true,"SHOW_IN_CS_LOBBY":true,"REPLACE_IN_BRIEFING":true,"SHOW_IN_LOBBY":true},"SkipIt":{"STAT_SCREEN_SPEEDUP":true,"INSTANT_RESTART":true,"NO_SLOWMOTION":false,"AUTOPICK_CARD_SPECIFIC":4,"SKIP_BLACKSCREEN":true,"LOOT_SCREEN_DELAY":3,"STAT_SCREEN_DELAY":5,"AUTOPICK_CARD":true},"TabStats":{"COLOR":"rainbow","SHOW_LOOT_NUMBERS":true,"ENABLED":false,"FONT_SIZE":18,"SHOW_MASK":false,"CLOCK_MODE":4},"HUDSuspicion":{"SHOW_PERCENTAGE":false,"SHOW_BARS":true,"SHOW_PERCENTAGE_OUTLINE":true,"REMOVE_ANSWERED_PAGER_CONTOUR":true,"SCALE":0.8,"SHOW_PACIFIED_CIVILIANS":true},"INTERACTION":{"SHOW_LOCK_INDICATOR":true,"SHOW_RELOAD":false,"LOCK_MODE":5,"HOLD2PICK":true,"TIMER_SCALE":1,"SHOW_TIME_REMAINING_OUTLINE":true,"SHOW_MELEE":false,"SHOW_CIRCLE":true,"SHOW_TIME_REMAINING":false,"GRADIENT_COLOR_START":"white","CIRCLE_SCALE":0.8,"MIN_TIMER_DURATION":5,"SHOW_INTERRUPT_HINT":false,"SUPRESS_NADES_STEALTH":false,"GRADIENT_COLOR":"light_green","EQUIPMENT_PRESS_INTERRUPT":true,"TEXT_SCALE":0.8},"DrivingHUD":{"SHOW_HEALTH":false,"SPEED_IN_MPH":false,"ENABLED":true,"SHOW_SPEED":true,"SCALE":1,"SHOW_LOOT":false,"SHOW_VEHICLE":false,"SHOW_GEAR":false,"SHOW_RPM":false,"SHOW_PASSENGERS":true},"CustomHUD":{"ENABLED":false,"USE_REAL_AMMO":false,"PLAYER":{"STAMINA":false,"NAME":false,"OPACITY":0.85,"POSITION":2,"SHOW_ACCURACY":false,"STATUS":true,"CHARACTER":false,"EQUIPMENT":true,"CALLSIGN":false,"TRUNCATE_TAGS":false,"CARRY":true,"SCALE":1,"SPECIAL_EQUIPMENT":true,"KILLCOUNTER":{"SHOW_SPECIAL_KILLS":false,"HIDE":false,"COLOR":"gray","SHOW_HEADSHOT_KILLS":false},"SPECIAL_EQUIPMENT_ROWS":3,"CONDITION_ICON_COLOR":"white","WEAPON":{"FIREMODE":2,"AMMO":4,"ICON":4,"NAME":1},"RANK":true,"DOWNCOUNTER":false},"TEAMMATE":{"DOWNCOUNTER":false,"NAME":true,"OPACITY":0.85,"POSITION":1,"BUILD":{"DURATION":15,"HIDE":false},"LATENCY":true,"STATUS":true,"CHARACTER":false,"EQUIPMENT":true,"CALLSIGN":false,"TRUNCATE_TAGS":false,"CARRY":true,"SCALE":0.8,"SPECIAL_EQUIPMENT":true,"KILLCOUNTER":{"SHOW_HEADSHOT_KILLS":false,"COLOR":"gray","SHOW_SPECIAL_KILLS":false,"HIDE":false,"SHOW_BOT_KILLS":false},"INTERACTION":{"MIN_DURATION":1,"NUMBER":false,"HIDE":false,"TEXT":false},"SPECIAL_EQUIPMENT_ROWS":3,"CONDITION_ICON_COLOR":"white","WEAPON":{"FIREMODE":1,"AMMO":4,"ICON":4,"NAME":1},"AI_COLOR":{"COLOR":"white","USE":false},"RANK":true}},"CustomWaypoints":{"SHOW_ECMS":false,"SHOW_PAGER":false,"LOOT":{"ANGLE":25,"ICON":true,"OFFSET":15,"SHOW":false,"BAGGED_OFFSET":30},"SHOW_DOC_BAG":true,"SHOW_GRENADE_CRATE":false,"SHOW_SPECIAL_EQUIPMENT":false,"SHOW_MINIONS":true,"SHOW_BODY_BAG":false,"SHOW_TIMERS":false,"WAYPOINTS_COLOR":"white","SHOW_SENTRIES":false,"SHOW_AMMO_BAG":false,"SHOW_FIRST_AID_KIT":false},"GADGETS":{"flashlight":{"player":{"rainbow":{"frequency":0.25,"enabled":false},"light":{"b":1,"angle":60,"brightness":1,"r":1,"enabled":true,"range":10,"g":1},"pulse":{"max":2,"enabled":false,"min":0.5,"frequency":0.25}},"team":{"rainbow":{"frequency":0.25,"enabled":false},"light":{"b":1,"angle":60,"brightness":1,"r":1,"enabled":true,"range":10,"g":1},"pulse":{"max":2,"enabled":false,"min":0.5,"frequency":0.25}}},"SHOW_ANGELED_SIGHT":true,"laser":{"player":{"pulse":{"max":2,"enabled":false,"min":0.5,"frequency":0.25},"rainbow":{"frequency":0.25,"enabled":false},"glow":{"b":0,"match_beam":true,"r":0,"a":0.02,"g":1},"dot":{"b":0,"match_beam":true,"r":0,"a":1,"g":1},"beam":{"b":0,"r":0,"enabled":false,"a":0.15,"g":1}},"turret_module_mad":{"pulse":{"max":2,"enabled":false,"min":0.5,"frequency":0.25},"rainbow":{"frequency":0.25,"enabled":false},"glow":{"b":0,"match_beam":true,"r":0,"a":0.02,"g":1},"dot":{"b":0,"match_beam":true,"r":0,"a":1,"g":1},"beam":{"b":0,"r":0,"enabled":true,"a":0.15,"g":1}},"team_sentry":{"pulse":{"max":2,"enabled":false,"min":0.5,"frequency":0.25},"rainbow":{"frequency":0.25,"enabled":false},"glow":{"b":0,"match_beam":true,"r":0,"a":0.02,"g":1},"dot":{"b":0,"match_beam":true,"r":0,"a":1,"g":1},"beam":{"b":0,"r":0,"enabled":true,"a":0.05,"g":1}},"player_sentry":{"pulse":{"max":2,"enabled":false,"min":0.5,"frequency":0.25},"rainbow":{"frequency":0.25,"enabled":false},"glow":{"b":0,"match_beam":true,"r":0,"a":0.02,"g":1},"dot":{"b":0,"match_beam":true,"r":0,"a":1,"g":1},"beam":{"b":0,"r":0,"enabled":true,"a":0.05,"g":1}},"turret_module_rearming":{"pulse":{"max":2,"enabled":false,"min":0.5,"frequency":0.25},"rainbow":{"frequency":0.25,"enabled":false},"glow":{"b":0,"match_beam":true,"r":1,"a":0.02,"g":1},"dot":{"b":0,"match_beam":true,"r":1,"a":1,"g":1},"beam":{"b":0,"r":1,"enabled":true,"a":0.11,"g":1}},"cop_sniper":{"pulse":{"max":2,"enabled":false,"min":0.5,"frequency":0.25},"rainbow":{"frequency":0.25,"enabled":false},"glow":{"b":0,"match_beam":true,"r":1,"a":0.02,"g":0},"dot":{"b":0,"match_beam":true,"r":1,"a":1,"g":0},"beam":{"b":0,"r":1,"enabled":true,"a":0.15,"g":0}},"turret_module_active":{"pulse":{"max":2,"enabled":false,"min":0.5,"frequency":0.25},"rainbow":{"frequency":0.25,"enabled":false},"glow":{"b":0,"match_beam":true,"r":1,"a":0.02,"g":0},"dot":{"b":0,"match_beam":true,"r":1,"a":1,"g":0},"beam":{"b":0,"r":1,"enabled":true,"a":0.15,"g":0}},"team":{"pulse":{"max":2,"enabled":false,"min":0.5,"frequency":0.25},"rainbow":{"frequency":0.25,"enabled":false},"glow":{"b":0,"match_beam":true,"r":0,"a":0.02,"g":1},"dot":{"b":0,"match_beam":true,"r":0,"a":1,"g":1},"beam":{"b":0,"r":0,"enabled":true,"a":0.05,"g":1}}},"LASER_AUTO_ON":true}}